name,kind,locality,start,end,total_lines,proof_start,proof_end,proof_lines,internal_callers_count,internal_callers,deps_count,deps,external_token_count,external_token_uses,external_qualified_count,external_qualified_uses,globally_unique,global_declarations,repository_root_candidate,repository_closure,tactics,semantic_role,canonical_owner,reachability_assessment,recommended_action,audit_note
is_null,Definition,,40,44,5,,,0,23,is_null;is_eq;is_eq_nil_left;is_eq_nil_right;is_null_eq_compat;is_eq_is_null_left;is_eq_is_null_right;is_null_proper;vector_nth_null;repeat_zero_is_null;dot_product_null_left;dot_product_null_right;mult_vector_null;add_vector_null_left;add_vector_null_right;lex_compare_nil_is_null;is_null_lex_compare_nil;lex_compare_null_left;resize_nil_null;resize_null_repeat;nrlength_zero_null;nrlength_null_zero;nrlength_zero_null_iff,1,is_null,16,src/StrengthenDomain.v:28;src/PolyBase.v:1648;src/PolyBase.v:1767;src/PrepareCodegen.v:60;src/PrepareCodegen.v:234;src/PrepareCodegen.v:497;src/PrepareCodegen.v:861;src/PrepareCodegen.v:862;src/PrepareCodegen.v:1811;src/PolyLang.v:997;src/PolyLang.v:1004;src/PolyLang.v:7031;src/PolyLang.v:7126;src/PolyLang.v:7133;src/CInstr.v:332;src/CInstr.v:594,0,,True,lib/Linalg.v:40,True,True,"{""apply"": 0, ""assert"": 0, ""auto"": 0, ""destruct"": 0, ""eapply"": 0, ""eauto"": 0, ""firstorder"": 0, ""inversion"": 0, ""lia"": 0, ""nia"": 0, ""pose proof"": 0, ""repeat"": 0, ""rewrite"": 0, ""ring"": 0, ""specialize"": 0, ""subst"": 0, ""unfold"": 0}",vector equality and properness,Linalg,explicit external token use; declaration name is repository-unique,retain in current owner,No duplicate or ownership mismatch identified in this audit.
is_eq,Fixpoint,,45,51,7,,,0,32,is_eq;veq_def;veq;is_eq_veq;is_eq_reflexive;is_eq_commutative;is_eq_nil_left;is_eq_nil_right;is_null_eq_compat;is_eq_is_null_left;is_eq_is_null_right;is_eq_is_eq_left;is_eq_is_eq_right;veq_eq_dec;is_eq_proper;vector_nth_eq;is_eq_app;dot_product_eq_compat_left;dot_product_eq_compat_right;mult_vector_eq_compat;add_vector_null_left;add_vector_null_right;add_vector_eq_compat_left;add_vector_eq_compat_right;constraint_entails;lex_compare_nil_eq;lex_compare_left_eq;lex_compare_right_eq;resize_eq_compat;is_eq_app_left;is_eq_app_right;firstn_eq_implies_resize_n_eq,2,is_null;is_eq,72,lib/Heuristics.v:45;lib/LinalgExt.v:20;src/PolyBase.v:167;src/TilingBandMixedSecondValidator.v:1739;src/TilingBandMixedSecondValidator.v:1750;src/TilingBandMixedSecondValidator.v:2033;src/TilingBandMixedSecondValidator.v:2044;src/TilingBandMixedSecondValidator.v:2646;src/TilingBandMixedSecondValidator.v:2656;src/TilingBandScheduleValidator.v:8138;src/TilingBandScheduleValidator.v:8152;src/TilingBandScheduleValidator.v:16527;src/TilingBandScheduleValidator.v:16528;src/TilingBandScheduleValidator.v:16529;src/TilingBandScheduleValidator.v:16530;src/TilingBandScheduleValidator.v:18369;src/TilingBandScheduleValidator.v:18381;src/TilingBandScheduleValidator.v:18393;src/TilingBandScheduleValidator.v:18428;src/TilingBandScheduleValidator.v:20371;src/TilingBandScheduleValidator.v:20383;src/TilingBandScheduleValidator.v:20503;src/TilingBandScheduleValidator.v:20526;src/TilingBandScheduleValidator.v:25157;src/TilingBandScheduleValidator.v:25174;src/TilingBandScheduleValidator.v:25329;src/TilingBandScheduleValidator.v:26262;src/TilingBandScheduleValidator.v:27174;src/TilingBandScheduleValidator.v:27191;src/TilingBandScheduleValidator.v:27208;src/TilingBandScheduleValidator.v:27223;src/TilingBandScheduleValidator.v:28182;src/TilingBandScheduleValidator.v:28199;src/PrepareCodegen.v:496;src/PrepareCodegen.v:680;src/PrepareCodegen.v:683;src/PrepareCodegen.v:692;src/PrepareCodegen.v:840;src/PrepareCodegen.v:859;src/PrepareCodegen.v:860;src/PrepareCodegen.v:864;src/PrepareCodegen.v:868;src/PrepareCodegen.v:929;src/PrepareCodegen.v:1254;src/PrepareCodegen.v:1281;src/PrepareCodegen.v:1693;src/PrepareCodegen.v:1810;src/TilingBandPhaseScalarValidator.v:668;src/TilingBandPhaseScalarValidator.v:719;src/TilingBandPhaseScalarValidator.v:1405;...+22,0,,True,lib/Linalg.v:45,True,True,"{""apply"": 0, ""assert"": 0, ""auto"": 0, ""destruct"": 0, ""eapply"": 0, ""eauto"": 0, ""firstorder"": 0, ""inversion"": 0, ""lia"": 0, ""nia"": 0, ""pose proof"": 0, ""repeat"": 0, ""rewrite"": 0, ""ring"": 0, ""specialize"": 0, ""subst"": 0, ""unfold"": 0}",vector equality and properness,Linalg,explicit external token use; declaration name is repository-unique,retain in current owner,No duplicate or ownership mismatch identified in this audit.
veq_def,Lemma,,53,59,7,54,56,3,0,,1,is_eq,0,,0,,True,lib/Linalg.v:53,False,False,"{""apply"": 0, ""assert"": 0, ""auto"": 0, ""destruct"": 0, ""eapply"": 0, ""eauto"": 0, ""firstorder"": 0, ""inversion"": 0, ""lia"": 0, ""nia"": 0, ""pose proof"": 0, ""repeat"": 0, ""rewrite"": 0, ""ring"": 0, ""specialize"": 0, ""subst"": 0, ""unfold"": 0}",vector equality and properness,Linalg,no current repository token caller or root-closure path; external clients not ruled out,retain in current owner,No duplicate or ownership mismatch identified in this audit.
veq,Definition,,60,61,2,,,0,19,veq;is_eq_veq;veq_Equiv;veq_eq_dec;is_null_proper;is_eq_proper;cons_proper;veq_implies_rev_veq;app_proper;dot_product_proper;ceq;satisfies_constraint_proper;in_poly_proper;mult_vector_proper;add_vector_proper;lex_compare_proper;affine_product_proper;resize_proper;nrlength_proper,2,is_eq;veq,19,src/PolyBase.v:266;src/PolyBase.v:269;src/PolyBase.v:1895;src/PolyBase.v:1924;src/PolyBase.v:1961;src/PolyLang.v:1535;src/PolyLang.v:1535;src/PolyLang.v:1535;src/PolyLang.v:1552;src/PolyLang.v:1559;src/PolyLang.v:4383;src/CState.v:1442;src/CInstr.v:641;src/CInstr.v:643;src/CInstr.v:657;src/CInstr.v:664;polygen/ASTGen.v:521;polygen/InstanceListSema.v:179;polygen/Projection.v:699,0,,True,lib/Linalg.v:60,True,True,"{""apply"": 0, ""assert"": 0, ""auto"": 0, ""destruct"": 0, ""eapply"": 0, ""eauto"": 0, ""firstorder"": 0, ""inversion"": 0, ""lia"": 0, ""nia"": 0, ""pose proof"": 0, ""repeat"": 0, ""rewrite"": 0, ""ring"": 0, ""specialize"": 0, ""subst"": 0, ""unfold"": 0}",vector equality and properness,Linalg,explicit external token use; declaration name is repository-unique,retain in current owner,No duplicate or ownership mismatch identified in this audit.
is_eq_veq,Lemma,,63,70,8,65,68,4,28,is_eq_veq;veq_refl;veq_sym;is_null_eq_compat;is_eq_is_eq_left;veq_transitive;is_null_proper;is_eq_proper;cons_proper;vector_nth_veq;same_length_eq;app_proper;dot_product_eq_compat_left;dot_product_proper;mult_vector_eq_compat;mult_vector_proper;add_vector_null_left;add_vector_eq_compat_left;add_vector_proper;lex_compare_nil_eq;lex_compare_left_eq;lex_compare_proper;resize_eq;resize_skipn_eq;resize_eq_compat;resize_proper;nth_eq;nrlength_def,3,is_eq;veq;is_eq_veq,11,src/PrepareCodegen.v:903;src/PrepareCodegen.v:904;src/PrepareCodegen.v:905;src/PrepareCodegen.v:906;src/PrepareCodegen.v:1626;src/PolyLang.v:7177;src/PolyLang.v:7287;src/PolyLang.v:7516;polygen/ASTGen.v:93;polygen/ASTGen.v:103;polygen/Projection.v:699,0,,True,lib/Linalg.v:63,True,True,"{""apply"": 0, ""assert"": 0, ""auto"": 0, ""destruct"": 1, ""eapply"": 0, ""eauto"": 0, ""firstorder"": 0, ""inversion"": 0, ""lia"": 0, ""nia"": 0, ""pose proof"": 0, ""repeat"": 0, ""rewrite"": 0, ""ring"": 0, ""specialize"": 0, ""subst"": 0, ""unfold"": 1}",vector equality and properness,Linalg,explicit external token use; declaration name is repository-unique,retain in current owner,No duplicate or ownership mismatch identified in this audit.
is_eq_reflexive,Lemma,,72,78,7,74,77,4,5,is_eq_reflexive;veq_refl;app_proper;add_vector_null_left;add_vector_eq_compat_left,2,is_eq;is_eq_reflexive,13,src/TilingBandScheduleValidator.v:8143;src/PrepareCodegen.v:899;src/PrepareCodegen.v:1622;src/PolyLang.v:7178;src/PolyLang.v:7179;src/PolyLang.v:7180;src/PolyLang.v:7302;src/PolyLang.v:7305;src/PolyLang.v:7442;src/PolyLang.v:7576;src/CInstr.v:672;polygen/ASTGen.v:137;polygen/ASTGen.v:634,0,,True,lib/Linalg.v:72,True,True,"{""apply"": 0, ""assert"": 0, ""auto"": 2, ""destruct"": 0, ""eapply"": 0, ""eauto"": 0, ""firstorder"": 0, ""inversion"": 0, ""lia"": 0, ""nia"": 0, ""pose proof"": 0, ""repeat"": 0, ""rewrite"": 0, ""ring"": 0, ""specialize"": 0, ""subst"": 0, ""unfold"": 0}",vector equality and properness,Linalg,explicit external token use; declaration name is repository-unique,retain in current owner,No duplicate or ownership mismatch identified in this audit.
veq_refl,Lemma,,80,84,5,82,84,3,1,veq_Equiv,2,is_eq_veq;is_eq_reflexive,9,src/PolyBase.v:37;src/TilingBandScheduleValidator.v:9119;src/TilingBandScheduleValidator.v:21920;src/CState.v:1309;src/CState.v:1324;src/CInstr.v:687;polygen/InstanceListSema.v:191;syntax/SInstr.v:415;syntax/SInstr.v:582,0,,True,lib/Linalg.v:80,True,True,"{""apply"": 1, ""assert"": 0, ""auto"": 0, ""destruct"": 0, ""eapply"": 0, ""eauto"": 0, ""firstorder"": 0, ""inversion"": 0, ""lia"": 0, ""nia"": 0, ""pose proof"": 0, ""repeat"": 0, ""rewrite"": 1, ""ring"": 0, ""specialize"": 0, ""subst"": 0, ""unfold"": 0}",vector equality and properness,Linalg,explicit external token use; declaration name is repository-unique,retain in current owner,No duplicate or ownership mismatch identified in this audit.
is_eq_commutative,Lemma,,86,93,8,88,93,6,5,veq_sym;is_eq_is_null_right;is_eq_is_eq_right;add_vector_eq_compat_left;is_eq_app_right,1,is_eq,16,src/TilingBandScheduleValidator.v:8162;src/TilingBandScheduleValidator.v:25341;src/TilingBandScheduleValidator.v:26274;src/TilingBandScheduleValidator.v:27186;src/TilingBandScheduleValidator.v:27203;src/TilingBandScheduleValidator.v:28194;src/TilingBandScheduleValidator.v:28211;src/PrepareCodegen.v:533;src/PrepareCodegen.v:699;src/PrepareCodegen.v:1259;src/PrepareCodegen.v:1620;src/PrepareCodegen.v:1625;src/PolyLang.v:1997;src/PolyLang.v:1999;src/PolyLang.v:4481;src/PolyLang.v:4483,0,,True,lib/Linalg.v:86,True,True,"{""apply"": 1, ""assert"": 0, ""auto"": 3, ""destruct"": 2, ""eapply"": 0, ""eauto"": 0, ""firstorder"": 0, ""inversion"": 0, ""lia"": 0, ""nia"": 0, ""pose proof"": 0, ""repeat"": 0, ""rewrite"": 0, ""ring"": 0, ""specialize"": 0, ""subst"": 0, ""unfold"": 0}",vector equality and properness,Linalg,explicit external token use; declaration name is repository-unique,retain in current owner,No duplicate or ownership mismatch identified in this audit.
veq_sym,Lemma,,95,100,6,97,100,4,1,veq_Equiv,2,is_eq_veq;is_eq_commutative,18,src/StrengthenDomain.v:250;src/PolyBase.v:52;src/PolyBase.v:277;src/PolyBase.v:280;src/PolyBase.v:290;src/PolyBase.v:294;src/PolyBase.v:299;src/PolyBase.v:309;src/PolyBase.v:312;src/PolyBase.v:1915;src/PolyBase.v:1916;src/PrepareCodegen.v:191;src/PrepareCodegen.v:281;src/PrepareCodegen.v:476;src/PrepareCodegen.v:911;src/CState.v:1882;src/CState.v:1944;syntax/SInstr.v:472,0,,True,lib/Linalg.v:95,True,True,"{""apply"": 0, ""assert"": 0, ""auto"": 1, ""destruct"": 0, ""eapply"": 0, ""eauto"": 0, ""firstorder"": 0, ""inversion"": 0, ""lia"": 0, ""nia"": 0, ""pose proof"": 0, ""repeat"": 0, ""rewrite"": 2, ""ring"": 0, ""specialize"": 0, ""subst"": 0, ""unfold"": 0}",vector equality and properness,Linalg,explicit external token use; declaration name is repository-unique,retain in current owner,No duplicate or ownership mismatch identified in this audit.
is_eq_nil_left,Lemma,,102,106,5,104,106,3,7,is_eq_nil_right;is_eq_is_eq_left;mult_vector_eq_compat;lex_compare_nil_eq;lex_compare_left_eq;resize_eq_compat;nrlength_proper,2,is_null;is_eq,0,,0,,True,lib/Linalg.v:102,False,True,"{""apply"": 0, ""assert"": 0, ""auto"": 1, ""destruct"": 1, ""eapply"": 0, ""eauto"": 0, ""firstorder"": 0, ""inversion"": 0, ""lia"": 0, ""nia"": 0, ""pose proof"": 0, ""repeat"": 0, ""rewrite"": 0, ""ring"": 0, ""specialize"": 0, ""subst"": 0, ""unfold"": 0}",vector equality and properness,Linalg,internal dependency of an externally referenced declaration,retain in current owner,No duplicate or ownership mismatch identified in this audit.
is_eq_nil_right,Lemma,,107,113,7,109,111,3,5,is_eq_nil_right;mult_vector_eq_compat;resize_eq_compat;nrlength_def;nrlength_proper,4,is_null;is_eq;is_eq_nil_left;is_eq_nil_right,2,src/TilingBandScheduleValidator.v:8145;src/PolyLang.v:7053,0,,True,lib/Linalg.v:107,True,True,"{""apply"": 0, ""assert"": 0, ""auto"": 1, ""destruct"": 1, ""eapply"": 0, ""eauto"": 0, ""firstorder"": 0, ""inversion"": 0, ""lia"": 0, ""nia"": 0, ""pose proof"": 0, ""repeat"": 0, ""rewrite"": 0, ""ring"": 0, ""specialize"": 0, ""subst"": 0, ""unfold"": 0}",vector equality and properness,Linalg,explicit external token use; declaration name is repository-unique,retain in current owner,No duplicate or ownership mismatch identified in this audit.
is_null_eq_compat,Lemma,,115,123,9,117,123,7,2,is_eq_is_eq_left;is_null_proper,3,is_null;is_eq;is_eq_veq,0,,0,,True,lib/Linalg.v:115,False,True,"{""apply"": 0, ""assert"": 0, ""auto"": 3, ""destruct"": 3, ""eapply"": 0, ""eauto"": 0, ""firstorder"": 0, ""inversion"": 0, ""lia"": 0, ""nia"": 0, ""pose proof"": 0, ""repeat"": 0, ""rewrite"": 1, ""ring"": 0, ""specialize"": 0, ""subst"": 0, ""unfold"": 0}",vector equality and properness,Linalg,internal dependency of an externally referenced declaration,retain in current owner,No duplicate or ownership mismatch identified in this audit.
is_eq_is_null_left,Lemma,,125,134,10,127,134,8,2,is_eq_is_null_right;is_eq_is_eq_left,2,is_null;is_eq,1,src/PrepareCodegen.v:900,0,,True,lib/Linalg.v:125,True,True,"{""apply"": 1, ""assert"": 0, ""auto"": 3, ""destruct"": 2, ""eapply"": 0, ""eauto"": 0, ""firstorder"": 0, ""inversion"": 0, ""lia"": 0, ""nia"": 0, ""pose proof"": 0, ""repeat"": 0, ""rewrite"": 1, ""ring"": 0, ""specialize"": 0, ""subst"": 0, ""unfold"": 0}",vector equality and properness,Linalg,explicit external token use; declaration name is repository-unique,retain in current owner,No duplicate or ownership mismatch identified in this audit.
is_eq_is_null_right,Lemma,,136,140,5,138,140,3,0,,4,is_null;is_eq;is_eq_commutative;is_eq_is_null_left,0,,0,,True,lib/Linalg.v:136,False,False,"{""apply"": 1, ""assert"": 0, ""auto"": 1, ""destruct"": 0, ""eapply"": 0, ""eauto"": 0, ""firstorder"": 0, ""inversion"": 0, ""lia"": 0, ""nia"": 0, ""pose proof"": 0, ""repeat"": 0, ""rewrite"": 1, ""ring"": 0, ""specialize"": 0, ""subst"": 0, ""unfold"": 0}",vector equality and properness,Linalg,no current repository token caller or root-closure path; external clients not ruled out,retain in current owner,No duplicate or ownership mismatch identified in this audit.
is_eq_is_eq_left,Lemma,,142,151,10,144,151,8,3,is_eq_is_eq_right;veq_transitive;is_eq_proper,5,is_eq;is_eq_veq;is_eq_nil_left;is_null_eq_compat;is_eq_is_null_left,0,,0,,True,lib/Linalg.v:142,False,True,"{""apply"": 2, ""assert"": 0, ""auto"": 5, ""destruct"": 2, ""eapply"": 0, ""eauto"": 0, ""firstorder"": 0, ""inversion"": 0, ""lia"": 0, ""nia"": 0, ""pose proof"": 0, ""repeat"": 0, ""rewrite"": 3, ""ring"": 0, ""specialize"": 0, ""subst"": 0, ""unfold"": 0}",vector equality and properness,Linalg,internal dependency of an externally referenced declaration,retain in current owner,No duplicate or ownership mismatch identified in this audit.
is_eq_is_eq_right,Lemma,,153,158,6,155,158,4,1,is_eq_proper,3,is_eq;is_eq_commutative;is_eq_is_eq_left,0,,0,,True,lib/Linalg.v:153,False,False,"{""apply"": 1, ""assert"": 0, ""auto"": 1, ""destruct"": 0, ""eapply"": 0, ""eauto"": 0, ""firstorder"": 0, ""inversion"": 0, ""lia"": 0, ""nia"": 0, ""pose proof"": 0, ""repeat"": 0, ""rewrite"": 1, ""ring"": 0, ""specialize"": 0, ""subst"": 0, ""unfold"": 0}",vector equality and properness,Linalg,no current repository token caller or root-closure path; external clients not ruled out,retain in current owner,No duplicate or ownership mismatch identified in this audit.
veq_transitive,Lemma,,160,165,6,162,165,4,1,veq_Equiv,2,is_eq_veq;is_eq_is_eq_left,13,src/PolyBase.v:62;src/PolyBase.v:276;src/PolyBase.v:276;src/PolyBase.v:279;src/PolyBase.v:279;src/PolyBase.v:289;src/PolyBase.v:289;src/PolyBase.v:293;src/PolyBase.v:293;src/PrepareCodegen.v:907;src/PrepareCodegen.v:909;syntax/SInstr.v:421;syntax/SInstr.v:472,0,,True,lib/Linalg.v:160,True,True,"{""apply"": 0, ""assert"": 0, ""auto"": 0, ""destruct"": 0, ""eapply"": 0, ""eauto"": 1, ""firstorder"": 0, ""inversion"": 0, ""lia"": 0, ""nia"": 0, ""pose proof"": 0, ""repeat"": 0, ""rewrite"": 1, ""ring"": 0, ""specialize"": 0, ""subst"": 0, ""unfold"": 0}",vector equality and properness,Linalg,explicit external token use; declaration name is repository-unique,retain in current owner,No duplicate or ownership mismatch identified in this audit.
veq_Equiv,Instance,,167,170,4,168,170,3,0,,4,veq;veq_refl;veq_sym;veq_transitive,0,,0,,True,lib/Linalg.v:167,False,False,"{""apply"": 0, ""assert"": 0, ""auto"": 0, ""destruct"": 0, ""eapply"": 0, ""eauto"": 0, ""firstorder"": 0, ""inversion"": 0, ""lia"": 0, ""nia"": 0, ""pose proof"": 0, ""repeat"": 0, ""rewrite"": 0, ""ring"": 0, ""specialize"": 0, ""subst"": 0, ""unfold"": 0}",vector equality and properness,Linalg,no current repository token caller or root-closure path; external clients not ruled out,retain in current owner,No duplicate or ownership mismatch identified in this audit.
veq_eq_dec,Lemma,,173,181,9,175,181,7,0,,2,is_eq;veq,2,src/PolyBase.v:71;syntax/SInstr.v:291,0,,True,lib/Linalg.v:173,True,True,"{""apply"": 0, ""assert"": 0, ""auto"": 0, ""destruct"": 1, ""eapply"": 0, ""eauto"": 0, ""firstorder"": 0, ""inversion"": 0, ""lia"": 0, ""nia"": 0, ""pose proof"": 0, ""repeat"": 0, ""rewrite"": 0, ""ring"": 0, ""specialize"": 0, ""subst"": 0, ""unfold"": 1}",vector equality and properness,Linalg,explicit external token use; declaration name is repository-unique,retain in current owner,No duplicate or ownership mismatch identified in this audit.
is_null_proper,Instance,,183,187,5,184,187,4,0,,4,is_null;veq;is_eq_veq;is_null_eq_compat,0,,0,,True,lib/Linalg.v:183,False,False,"{""apply"": 1, ""assert"": 0, ""auto"": 1, ""destruct"": 0, ""eapply"": 0, ""eauto"": 0, ""firstorder"": 0, ""inversion"": 0, ""lia"": 0, ""nia"": 0, ""pose proof"": 0, ""repeat"": 0, ""rewrite"": 1, ""ring"": 0, ""specialize"": 0, ""subst"": 0, ""unfold"": 0}",vector equality and properness,Linalg,no current repository token caller or root-closure path; external clients not ruled out,retain in current owner,No duplicate or ownership mismatch identified in this audit.
is_eq_proper,Instance,,189,194,6,190,194,5,0,,5,is_eq;veq;is_eq_veq;is_eq_is_eq_left;is_eq_is_eq_right,0,,0,,True,lib/Linalg.v:189,False,False,"{""apply"": 1, ""assert"": 0, ""auto"": 0, ""destruct"": 0, ""eapply"": 0, ""eauto"": 0, ""firstorder"": 0, ""inversion"": 0, ""lia"": 0, ""nia"": 0, ""pose proof"": 0, ""repeat"": 0, ""rewrite"": 2, ""ring"": 0, ""specialize"": 0, ""subst"": 0, ""unfold"": 0}",vector equality and properness,Linalg,no current repository token caller or root-closure path; external clients not ruled out,retain in current owner,No duplicate or ownership mismatch identified in this audit.
cons_proper,Instance,,196,200,5,197,200,4,0,,2,veq;is_eq_veq,0,,0,,True,lib/Linalg.v:196,False,False,"{""apply"": 0, ""assert"": 0, ""auto"": 1, ""destruct"": 0, ""eapply"": 0, ""eauto"": 0, ""firstorder"": 0, ""inversion"": 0, ""lia"": 0, ""nia"": 0, ""pose proof"": 0, ""repeat"": 0, ""rewrite"": 3, ""ring"": 0, ""specialize"": 0, ""subst"": 0, ""unfold"": 0}",vector equality and properness,Linalg,no current repository token caller or root-closure path; external clients not ruled out,retain in current owner,No duplicate or ownership mismatch identified in this audit.
vector_nth_null,Lemma,,202,210,9,204,210,7,1,vector_nth_eq,1,is_null,0,,0,,True,lib/Linalg.v:202,False,True,"{""apply"": 1, ""assert"": 0, ""auto"": 1, ""destruct"": 0, ""eapply"": 0, ""eauto"": 0, ""firstorder"": 0, ""inversion"": 0, ""lia"": 0, ""nia"": 0, ""pose proof"": 0, ""repeat"": 0, ""rewrite"": 0, ""ring"": 0, ""specialize"": 0, ""subst"": 0, ""unfold"": 0}",vector equality and properness,Linalg,internal dependency of an externally referenced declaration,retain in current owner,No duplicate or ownership mismatch identified in this audit.
vector_nth_eq,Lemma,,212,221,10,214,221,8,1,vector_nth_veq,2,is_eq;vector_nth_null,0,,0,,True,lib/Linalg.v:212,False,True,"{""apply"": 3, ""assert"": 0, ""auto"": 2, ""destruct"": 3, ""eapply"": 0, ""eauto"": 0, ""firstorder"": 0, ""inversion"": 0, ""lia"": 0, ""nia"": 0, ""pose proof"": 0, ""repeat"": 0, ""rewrite"": 2, ""ring"": 0, ""specialize"": 0, ""subst"": 0, ""unfold"": 0}",vector equality and properness,Linalg,internal dependency of an externally referenced declaration,retain in current owner,No duplicate or ownership mismatch identified in this audit.
vector_nth_veq,Lemma,,223,228,6,225,228,4,1,has_var_poly_nrl,2,is_eq_veq;vector_nth_eq,2,lib/VplInterface.v:500;polygen/Projection.v:657,0,,True,lib/Linalg.v:223,True,True,"{""apply"": 1, ""assert"": 0, ""auto"": 1, ""destruct"": 0, ""eapply"": 0, ""eauto"": 0, ""firstorder"": 0, ""inversion"": 0, ""lia"": 0, ""nia"": 0, ""pose proof"": 0, ""repeat"": 0, ""rewrite"": 1, ""ring"": 0, ""specialize"": 0, ""subst"": 0, ""unfold"": 0}",vector equality and properness,Linalg,explicit external token use; declaration name is repository-unique,retain in current owner,No duplicate or ownership mismatch identified in this audit.
is_eq_app,Lemma,,230,237,8,232,237,6,3,veq_implies_rev_veq;app_proper;is_eq_app_left,1,is_eq,7,src/TilingBandScheduleValidator.v:8142;src/PrepareCodegen.v:897;src/PolyLang.v:7288;src/PolyLang.v:7503;src/PolyLang.v:7517;src/PolyLang.v:7575;polygen/ASTGen.v:94,0,,True,lib/Linalg.v:230,True,True,"{""apply"": 0, ""assert"": 0, ""auto"": 2, ""destruct"": 3, ""eapply"": 0, ""eauto"": 0, ""firstorder"": 0, ""inversion"": 0, ""lia"": 3, ""nia"": 0, ""pose proof"": 0, ""repeat"": 0, ""rewrite"": 1, ""ring"": 0, ""specialize"": 0, ""subst"": 0, ""unfold"": 0}",vector equality and properness,Linalg,explicit external token use; declaration name is repository-unique,retain in current owner,No duplicate or ownership mismatch identified in this audit.
repeat_zero_is_null,Lemma,,239,243,5,241,243,3,1,dot_product_repeat_zero_right,1,is_null,9,src/TilingBandMixedSecondValidator.v:234;src/TilingBandMixedSecondValidator.v:236;src/TilingBandScheduleValidator.v:8146;src/TilingBandScheduleValidator.v:16983;src/TilingBandPhaseScalarValidator.v:560;src/TilingBandPhaseScalarValidator.v:562;src/PolyLang.v:7127;src/PolyLang.v:7134;src/PolyLang.v:7134,0,,True,lib/Linalg.v:239,True,True,"{""apply"": 0, ""assert"": 0, ""auto"": 1, ""destruct"": 0, ""eapply"": 0, ""eauto"": 0, ""firstorder"": 0, ""inversion"": 0, ""lia"": 0, ""nia"": 0, ""pose proof"": 0, ""repeat"": 0, ""rewrite"": 0, ""ring"": 0, ""specialize"": 0, ""subst"": 0, ""unfold"": 0}",vector equality and properness,Linalg,explicit external token use; declaration name is repository-unique,retain in current owner,No duplicate or ownership mismatch identified in this audit.
same_length_eq,Lemma,,245,252,8,247,252,6,0,,1,is_eq_veq,7,src/PrepareCodegen.v:276;src/PrepareCodegen.v:531;src/PrepareCodegen.v:874;src/PrepareCodegen.v:887;src/PolyLang.v:2651;src/CState.v:1400;polygen/ASTGen.v:68,0,,True,lib/Linalg.v:245,True,True,"{""apply"": 0, ""assert"": 0, ""auto"": 1, ""destruct"": 3, ""eapply"": 0, ""eauto"": 0, ""firstorder"": 0, ""inversion"": 0, ""lia"": 0, ""nia"": 0, ""pose proof"": 0, ""repeat"": 0, ""rewrite"": 2, ""ring"": 0, ""specialize"": 0, ""subst"": 0, ""unfold"": 0}",vector equality and properness,Linalg,explicit external token use; declaration name is repository-unique,retain in current owner,No duplicate or ownership mismatch identified in this audit.
veq_implies_rev_veq,Lemma,,254,280,27,259,280,22,0,,2,veq;is_eq_app,1,src/CState.v:1464,0,,True,lib/Linalg.v:254,True,True,"{""apply"": 0, ""assert"": 1, ""auto"": 0, ""destruct"": 3, ""eapply"": 2, ""eauto"": 1, ""firstorder"": 0, ""inversion"": 3, ""lia"": 0, ""nia"": 0, ""pose proof"": 0, ""repeat"": 0, ""rewrite"": 8, ""ring"": 0, ""specialize"": 0, ""subst"": 2, ""unfold"": 1}",vector equality and properness,Linalg,explicit external token use; declaration name is repository-unique,retain in current owner,No duplicate or ownership mismatch identified in this audit.
app_proper,Instance,,282,292,11,283,288,6,0,,4,veq;is_eq_veq;is_eq_reflexive;is_eq_app,0,,0,,True,lib/Linalg.v:282,False,False,"{""apply"": 0, ""assert"": 0, ""auto"": 0, ""destruct"": 0, ""eapply"": 0, ""eauto"": 0, ""firstorder"": 0, ""inversion"": 0, ""lia"": 0, ""nia"": 0, ""pose proof"": 0, ""repeat"": 0, ""rewrite"": 5, ""ring"": 0, ""specialize"": 0, ""subst"": 0, ""unfold"": 0}",vector equality and properness,Linalg,no current repository token caller or root-closure path; external clients not ruled out,retain in current owner,No duplicate or ownership mismatch identified in this audit.
dot_product,Fixpoint,,294,298,5,,,0,32,dot_product;dot_product_nil_left;dot_product_nil_right;dot_product_commutative;dot_product_null_left;dot_product_null_right;dot_product_eq_compat_left;dot_product_eq_compat_right;dot_product_proper;dot_product_repeat_zero_right;dot_product_repeat_zero_left;dot_product_app;satisfies_constraint;dot_product_mult_left;dot_product_mult_right;add_vector_dot_product_distr_left;add_vector_dot_product_distr_right;affine_product;matrix_product_pure;affine_product_eq_add_vector;dot_product_zip_with;dot_product_aBp_assoc;dot_product_app_left;dot_product_app_right;dot_product_resize_left;dot_product_resize_right;dot_product_assign_right;dot_product_assign_left;dot_product_assign_right_zero;dot_product_assign_left_zero;dot_product_nrlength_right;dot_product_nrlength_left,1,dot_product,183,lib/VplInterface.v:165;lib/VplInterface.v:190;lib/VplInterface.v:491;lib/VplInterface.v:511;lib/VplInterface.v:512;lib/VplInterface.v:513;lib/VplInterface.v:574;lib/VplInterface.v:632;lib/Heuristics.v:61;lib/Heuristics.v:75;lib/Heuristics.v:99;lib/Heuristics.v:113;src/TilingRelation.v:780;src/TilingRelation.v:780;src/TilingRelation.v:812;src/TilingRelation.v:813;src/TilingRelation.v:814;src/TilingRelation.v:815;src/TilingRelation.v:840;src/TilingRelation.v:841;src/TilingRelation.v:842;src/TilingRelation.v:843;src/TilingRelation.v:849;src/TilingRelation.v:850;src/TilingRelation.v:891;src/TilingRelation.v:893;src/TilingRelation.v:895;src/TilingRelation.v:906;src/TilingRelation.v:908;src/TilingRelation.v:910;src/TilingRelation.v:992;src/TilingRelation.v:996;src/TilingRelation.v:998;src/TilingRelation.v:1000;src/TilingRelation.v:1010;src/TilingRelation.v:1012;src/TilingRelation.v:1014;src/Extractor.v:162;src/Extractor.v:263;src/Extractor.v:263;src/Extractor.v:375;src/Extractor.v:376;src/Extractor.v:411;src/Extractor.v:537;src/Extractor.v:538;src/Extractor.v:563;src/Extractor.v:563;src/Extractor.v:578;src/Extractor.v:578;src/Extractor.v:593;...+133,45,src/TilingRelation.v:780;src/TilingRelation.v:780;src/TilingRelation.v:812;src/TilingRelation.v:813;src/TilingRelation.v:814;src/TilingRelation.v:815;src/TilingRelation.v:840;src/TilingRelation.v:841;src/TilingRelation.v:842;src/TilingRelation.v:843;src/TilingRelation.v:849;src/TilingRelation.v:850;src/TilingRelation.v:891;src/TilingRelation.v:893;src/TilingRelation.v:895;src/TilingRelation.v:906;src/TilingRelation.v:908;src/TilingRelation.v:910;src/TilingRelation.v:992;src/TilingRelation.v:996;src/TilingRelation.v:998;src/TilingRelation.v:1000;src/TilingRelation.v:1010;src/TilingRelation.v:1012;src/TilingRelation.v:1014;src/TilingBandMixedSecondValidator.v:172;src/TilingBandScheduleValidator.v:3951;src/TilingBandScheduleValidator.v:6224;src/TilingBandScheduleValidator.v:6233;src/TilingBandScheduleValidator.v:6295;src/TilingBandScheduleValidator.v:6297;src/TilingBandScheduleValidator.v:9077;src/TilingBandScheduleValidator.v:9078;src/TilingBandScheduleValidator.v:14402;src/TilingBandScheduleValidator.v:16949;src/TilingBandScheduleValidator.v:16960;src/TilingBandScheduleValidator.v:16971;src/TilingBandScheduleValidator.v:16992;src/TilingBandPhaseScalarValidator.v:498;src/PolyLang.v:7064;src/PolyLang.v:7065;src/PolyLang.v:7066;src/PolyLang.v:7072;src/PolyLang.v:7185;src/PolyLang.v:7186,False,lib/Linalg.v:294;src/TilingWitness.v:14,True,True,"{""apply"": 0, ""assert"": 0, ""auto"": 0, ""destruct"": 0, ""eapply"": 0, ""eauto"": 0, ""firstorder"": 0, ""inversion"": 0, ""lia"": 0, ""nia"": 0, ""pose proof"": 0, ""repeat"": 0, ""rewrite"": 0, ""ring"": 0, ""specialize"": 0, ""subst"": 0, ""unfold"": 0}",dot product,Linalg,explicit qualified external use; unqualified count may include same-name modules,retain in current owner,No duplicate or ownership mismatch identified in this audit.
dot_product_nil_left,Lemma,,300,303,4,301,303,3,2,dot_product_nil_right;dot_product_mult_left,1,dot_product,2,src/PolyBase.v:386;src/TilingBandScheduleValidator.v:6236,0,,True,lib/Linalg.v:300,True,True,"{""apply"": 0, ""assert"": 0, ""auto"": 1, ""destruct"": 1, ""eapply"": 0, ""eauto"": 0, ""firstorder"": 0, ""inversion"": 0, ""lia"": 0, ""nia"": 0, ""pose proof"": 0, ""repeat"": 0, ""rewrite"": 0, ""ring"": 0, ""specialize"": 0, ""subst"": 0, ""unfold"": 0}",dot product,Linalg,explicit external token use; declaration name is repository-unique,retain in current owner,No duplicate or ownership mismatch identified in this audit.
dot_product_nil_right,Lemma,,304,309,6,305,307,3,4,dot_product_nil_right;dot_product_mult_left;dot_product_aBp_assoc;dot_product_resize_left,3,dot_product;dot_product_nil_left;dot_product_nil_right,2,lib/VplInterface.v:581;polygen/Loop.v:481,0,,True,lib/Linalg.v:304,True,True,"{""apply"": 0, ""assert"": 0, ""auto"": 1, ""destruct"": 1, ""eapply"": 0, ""eauto"": 0, ""firstorder"": 0, ""inversion"": 0, ""lia"": 0, ""nia"": 0, ""pose proof"": 0, ""repeat"": 0, ""rewrite"": 0, ""ring"": 0, ""specialize"": 0, ""subst"": 0, ""unfold"": 0}",dot product,Linalg,explicit external token use; declaration name is repository-unique,retain in current owner,No duplicate or ownership mismatch identified in this audit.
dot_product_commutative,Lemma,,311,316,6,312,316,5,9,dot_product_null_right;dot_product_eq_compat_right;dot_product_repeat_zero_left;dot_product_mult_right;add_vector_dot_product_distr_right;dot_product_app_right;dot_product_resize_right;dot_product_assign_left;dot_product_nrlength_left,1,dot_product,58,lib/VplInterface.v:206;lib/VplInterface.v:257;lib/VplInterface.v:679;lib/VplInterface.v:689;src/TilingRelation.v:768;src/TilingRelation.v:774;src/TilingRelation.v:804;src/TilingRelation.v:832;src/Extractor.v:262;src/Extractor.v:598;src/Extractor.v:601;src/Extractor.v:633;src/Extractor.v:638;src/Extractor.v:1362;src/Extractor.v:1364;src/ISSRefinement.v:201;src/ISSRefinement.v:207;src/PolyBase.v:443;src/PolyBase.v:463;src/PolyBase.v:486;src/PolyBase.v:498;src/PolyBase.v:526;src/PolyBase.v:532;src/PolyBase.v:540;src/PolyBase.v:776;src/PolyBase.v:799;src/PolyBase.v:1044;src/PolyBase.v:1046;src/PolyBase.v:1073;src/PolyBase.v:1075;src/PolyBase.v:1085;src/PolyBase.v:1086;src/PolyBase.v:1098;src/PolyBase.v:1100;src/PolyBase.v:1370;src/PolyBase.v:1371;src/PolyBase.v:1381;src/PolyBase.v:1382;src/PolyBase.v:1680;src/PolyBase.v:1696;src/PolyBase.v:1725;src/PolyBase.v:1739;src/PolyBase.v:1797;src/PolyBase.v:1812;src/PolyBase.v:1841;src/PolyBase.v:1857;src/PrepareCodegen.v:205;src/PrepareCodegen.v:208;src/PolyLang.v:7068;src/PolyLang.v:7069;...+8,0,,True,lib/Linalg.v:311,True,True,"{""apply"": 0, ""assert"": 0, ""auto"": 2, ""destruct"": 2, ""eapply"": 0, ""eauto"": 0, ""firstorder"": 0, ""inversion"": 0, ""lia"": 0, ""nia"": 0, ""pose proof"": 0, ""repeat"": 0, ""rewrite"": 1, ""ring"": 1, ""specialize"": 0, ""subst"": 0, ""unfold"": 0}",dot product,Linalg,explicit external token use; declaration name is repository-unique,retain in current owner,No duplicate or ownership mismatch identified in this audit.
dot_product_null_left,Lemma,,318,325,8,320,325,6,2,dot_product_null_right;dot_product_eq_compat_left,2,is_null;dot_product,1,src/CInstr.v:603,0,,True,lib/Linalg.v:318,True,True,"{""apply"": 0, ""assert"": 0, ""auto"": 3, ""destruct"": 2, ""eapply"": 0, ""eauto"": 0, ""firstorder"": 0, ""inversion"": 0, ""lia"": 0, ""nia"": 1, ""pose proof"": 0, ""repeat"": 0, ""rewrite"": 1, ""ring"": 0, ""specialize"": 0, ""subst"": 0, ""unfold"": 0}",dot product,Linalg,explicit external token use; declaration name is repository-unique,retain in current owner,No duplicate or ownership mismatch identified in this audit.
dot_product_null_right,Lemma,,327,331,5,329,331,3,1,dot_product_repeat_zero_right,4,is_null;dot_product;dot_product_commutative;dot_product_null_left,0,,0,,True,lib/Linalg.v:327,False,True,"{""apply"": 0, ""assert"": 0, ""auto"": 1, ""destruct"": 0, ""eapply"": 0, ""eauto"": 0, ""firstorder"": 0, ""inversion"": 0, ""lia"": 0, ""nia"": 0, ""pose proof"": 0, ""repeat"": 0, ""rewrite"": 1, ""ring"": 0, ""specialize"": 0, ""subst"": 0, ""unfold"": 0}",dot product,Linalg,internal dependency of an externally referenced declaration,retain in current owner,No duplicate or ownership mismatch identified in this audit.
dot_product_eq_compat_left,Lemma,,333,343,11,335,343,9,2,dot_product_eq_compat_right;dot_product_proper,4,is_eq;is_eq_veq;dot_product;dot_product_null_left,2,src/PrepareCodegen.v:333;syntax/SInstr.v:568,0,,True,lib/Linalg.v:333,True,True,"{""apply"": 0, ""assert"": 0, ""auto"": 5, ""destruct"": 5, ""eapply"": 0, ""eauto"": 0, ""firstorder"": 0, ""inversion"": 0, ""lia"": 0, ""nia"": 0, ""pose proof"": 0, ""repeat"": 2, ""rewrite"": 3, ""ring"": 0, ""specialize"": 0, ""subst"": 0, ""unfold"": 0}",dot product,Linalg,explicit external token use; declaration name is repository-unique,retain in current owner,No duplicate or ownership mismatch identified in this audit.
dot_product_eq_compat_right,Lemma,,345,350,6,347,350,4,1,dot_product_proper,4,is_eq;dot_product;dot_product_commutative;dot_product_eq_compat_left,0,,0,,True,lib/Linalg.v:345,False,False,"{""apply"": 0, ""assert"": 0, ""auto"": 0, ""destruct"": 0, ""eapply"": 0, ""eauto"": 1, ""firstorder"": 0, ""inversion"": 0, ""lia"": 0, ""nia"": 0, ""pose proof"": 0, ""repeat"": 0, ""rewrite"": 1, ""ring"": 0, ""specialize"": 0, ""subst"": 0, ""unfold"": 0}",dot product,Linalg,no current repository token caller or root-closure path; external clients not ruled out,retain in current owner,No duplicate or ownership mismatch identified in this audit.
dot_product_proper,Instance,,352,357,6,353,357,5,0,,5,veq;is_eq_veq;dot_product;dot_product_eq_compat_left;dot_product_eq_compat_right,0,,0,,True,lib/Linalg.v:352,False,False,"{""apply"": 1, ""assert"": 0, ""auto"": 0, ""destruct"": 0, ""eapply"": 0, ""eauto"": 0, ""firstorder"": 0, ""inversion"": 0, ""lia"": 0, ""nia"": 0, ""pose proof"": 0, ""repeat"": 0, ""rewrite"": 2, ""ring"": 0, ""specialize"": 0, ""subst"": 0, ""unfold"": 0}",dot product,Linalg,no current repository token caller or root-closure path; external clients not ruled out,retain in current owner,No duplicate or ownership mismatch identified in this audit.
dot_product_repeat_zero_right,Lemma,,359,363,5,361,363,3,1,dot_product_repeat_zero_left,3,repeat_zero_is_null;dot_product;dot_product_null_right,23,src/PolyBase.v:444;src/PolyBase.v:464;src/PolyBase.v:487;src/PolyBase.v:490;src/PolyBase.v:499;src/PolyBase.v:502;src/PolyBase.v:530;src/PolyBase.v:541;src/PolyBase.v:544;src/PolyBase.v:777;src/PolyBase.v:800;src/PolyBase.v:1678;src/PolyBase.v:1694;src/PolyBase.v:1720;src/PolyBase.v:1735;src/PolyBase.v:1795;src/PolyBase.v:1809;src/PolyBase.v:1837;src/PolyBase.v:1852;src/PolyBase.v:2052;src/PolyBase.v:2057;src/PolyBase.v:2412;src/PolyBase.v:2451,0,,True,lib/Linalg.v:359,True,True,"{""apply"": 2, ""assert"": 0, ""auto"": 0, ""destruct"": 0, ""eapply"": 0, ""eauto"": 0, ""firstorder"": 0, ""inversion"": 0, ""lia"": 0, ""nia"": 0, ""pose proof"": 0, ""repeat"": 0, ""rewrite"": 0, ""ring"": 0, ""specialize"": 0, ""subst"": 0, ""unfold"": 0}",dot product,Linalg,explicit external token use; declaration name is repository-unique,retain in current owner,No duplicate or ownership mismatch identified in this audit.
dot_product_repeat_zero_left,Lemma,,365,370,6,367,369,3,2,dot_product_repeat_zero_left;dot_product_aBp_assoc,4,dot_product;dot_product_commutative;dot_product_repeat_zero_right;dot_product_repeat_zero_left,10,src/Extractor.v:413;src/Extractor.v:422;src/Extractor.v:432;src/Extractor.v:455;src/PolyBase.v:527;src/TilingBandScheduleValidator.v:1600;src/TilingBandScheduleValidator.v:4490;src/TilingBandScheduleValidator.v:15746;src/AffineValidator.v:498;src/ParallelValidator.v:523,1,src/Extractor.v:413,False,lib/Linalg.v:365;src/Extractor.v:409,True,True,"{""apply"": 1, ""assert"": 0, ""auto"": 0, ""destruct"": 0, ""eapply"": 0, ""eauto"": 0, ""firstorder"": 0, ""inversion"": 0, ""lia"": 0, ""nia"": 0, ""pose proof"": 0, ""repeat"": 0, ""rewrite"": 1, ""ring"": 0, ""specialize"": 0, ""subst"": 0, ""unfold"": 0}",dot product,Linalg,explicit qualified external use; unqualified count may include same-name modules,retain in current owner,No duplicate or ownership mismatch identified in this audit.
dot_product_app,Lemma,,372,380,9,374,378,5,2,dot_product_app_left;dot_product_assign_right,1,dot_product,32,src/TilingRelation.v:805;src/TilingRelation.v:833;src/Extractor.v:569;src/PolyBase.v:442;src/PolyBase.v:461;src/PolyBase.v:485;src/PolyBase.v:488;src/PolyBase.v:497;src/PolyBase.v:500;src/PolyBase.v:524;src/PolyBase.v:528;src/PolyBase.v:538;src/PolyBase.v:542;src/PolyBase.v:775;src/PolyBase.v:798;src/PolyBase.v:1042;src/PolyBase.v:1067;src/PolyBase.v:1080;src/PolyBase.v:1094;src/PolyBase.v:1095;src/PolyBase.v:1365;src/PolyBase.v:1376;src/PolyBase.v:1669;src/PolyBase.v:1686;src/PolyBase.v:1713;src/PolyBase.v:1730;src/PolyBase.v:1788;src/PolyBase.v:1805;src/PolyBase.v:1828;src/PolyBase.v:1846;src/PolyLang.v:7038;src/PolyLang.v:7058,0,,True,lib/Linalg.v:372,True,True,"{""apply"": 0, ""assert"": 0, ""auto"": 1, ""destruct"": 2, ""eapply"": 0, ""eauto"": 0, ""firstorder"": 0, ""inversion"": 0, ""lia"": 3, ""nia"": 0, ""pose proof"": 0, ""repeat"": 0, ""rewrite"": 1, ""ring"": 0, ""specialize"": 0, ""subst"": 0, ""unfold"": 0}",dot product,Linalg,explicit external token use; declaration name is repository-unique,retain in current owner,No duplicate or ownership mismatch identified in this audit.
constraint,Definition,,382,382,1,,,0,6,polyhedron;empty_constraint;null_constraint;mult_constraint;constraint_entails;is_redundant,0,,10,src/StrengthenDomain.v:27;src/StrengthenDomain.v:36;src/StrengthenDomain.v:44;src/TilingRelation.v:186;src/TilingRelation.v:214;src/TilingRelation.v:219;src/ISSRefinement.v:141;src/PolyBase.v:128;src/PolyBase.v:2032;src/PolyBase.v:2128,0,,True,lib/Linalg.v:382,True,True,"{""apply"": 0, ""assert"": 0, ""auto"": 0, ""destruct"": 0, ""eapply"": 0, ""eauto"": 0, ""firstorder"": 0, ""inversion"": 0, ""lia"": 0, ""nia"": 0, ""pose proof"": 0, ""repeat"": 0, ""rewrite"": 0, ""ring"": 0, ""specialize"": 0, ""subst"": 0, ""unfold"": 0}",constraint/polyhedron semantics,Linalg,explicit external token use; declaration name is repository-unique,retain in current owner,No duplicate or ownership mismatch identified in this audit.
satisfies_constraint,Definition,,384,388,5,,,0,18,satisfies_constraint;satisfies_constraint_proper;in_poly;empty_constraint_empty;null_constraint_trivial;mult_constraint_eq;mult_constraint_zero;mult_constraint_pos_satisfy;mult_constraint_cst_eq;neg_constraint_correct;add_constraint_satisfy;combine_constraints_satisfy;constraint_entails_correct;is_redundant_correct;is_empty_correct;satisfies_constraint_nrlength;in_poly_nrlength;resize_poly_in,2,dot_product;satisfies_constraint,178,lib/VplInterface.v:201;lib/VplInterface.v:205;lib/VplInterface.v:252;lib/VplInterface.v:256;lib/VplInterface.v:524;lib/VplInterface.v:527;lib/VplInterface.v:529;lib/VplInterface.v:530;lib/VplInterface.v:536;lib/VplInterface.v:539;lib/VplInterface.v:541;lib/VplInterface.v:707;lib/VplInterface.v:714;lib/Heuristics.v:61;lib/Heuristics.v:64;lib/Heuristics.v:75;lib/Heuristics.v:100;lib/Heuristics.v:100;lib/Heuristics.v:107;lib/Heuristics.v:114;lib/Heuristics.v:114;lib/Heuristics.v:129;src/StrengthenDomain.v:93;src/TilingRelation.v:759;src/TilingRelation.v:762;src/TilingRelation.v:766;src/TilingRelation.v:795;src/TilingRelation.v:801;src/TilingRelation.v:822;src/TilingRelation.v:829;src/TilingRelation.v:942;src/TilingRelation.v:1046;src/TilingRelation.v:1062;src/TilingRelation.v:1081;src/TilingRelation.v:1150;src/TilingRelation.v:1163;src/TilingRelation.v:1186;src/TilingRelation.v:1194;src/Extractor.v:329;src/Extractor.v:330;src/Extractor.v:334;src/Extractor.v:342;src/Extractor.v:343;src/Extractor.v:475;src/Extractor.v:476;src/Extractor.v:510;src/Extractor.v:511;src/Extractor.v:515;src/Extractor.v:524;src/Extractor.v:525;...+128,0,,True,lib/Linalg.v:384,True,True,"{""apply"": 0, ""assert"": 0, ""auto"": 0, ""destruct"": 0, ""eapply"": 0, ""eauto"": 0, ""firstorder"": 0, ""inversion"": 0, ""lia"": 0, ""nia"": 0, ""pose proof"": 0, ""repeat"": 0, ""rewrite"": 0, ""ring"": 0, ""specialize"": 0, ""subst"": 0, ""unfold"": 0}",constraint/polyhedron semantics,Linalg,explicit external token use; declaration name is repository-unique,retain in current owner,No duplicate or ownership mismatch identified in this audit.
ceq,Definition,,389,391,3,,,0,4,ceq;satisfies_constraint_proper;mult_constraint_proper;add_constraint_proper,2,veq;ceq,0,,0,,True,lib/Linalg.v:389,False,False,"{""apply"": 0, ""assert"": 0, ""auto"": 0, ""destruct"": 0, ""eapply"": 0, ""eauto"": 0, ""firstorder"": 0, ""inversion"": 0, ""lia"": 0, ""nia"": 0, ""pose proof"": 0, ""repeat"": 0, ""rewrite"": 0, ""ring"": 0, ""specialize"": 0, ""subst"": 0, ""unfold"": 0}",constraint/polyhedron semantics,Linalg,no current repository token caller or root-closure path; external clients not ruled out,retain in current owner,No duplicate or ownership mismatch identified in this audit.
satisfies_constraint_proper,Instance,,393,397,5,394,397,4,0,,3,veq;satisfies_constraint;ceq,0,,0,,True,lib/Linalg.v:393,False,False,"{""apply"": 0, ""assert"": 0, ""auto"": 0, ""destruct"": 0, ""eapply"": 0, ""eauto"": 0, ""firstorder"": 0, ""inversion"": 0, ""lia"": 0, ""nia"": 0, ""pose proof"": 0, ""repeat"": 0, ""rewrite"": 2, ""ring"": 0, ""specialize"": 0, ""subst"": 0, ""unfold"": 1}",constraint/polyhedron semantics,Linalg,no current repository token caller or root-closure path; external clients not ruled out,retain in current owner,No duplicate or ownership mismatch identified in this audit.
polyhedron,Definition,,399,399,1,,,0,7,empty_poly;is_redundant;is_empty;poly_nrl;absent_var;resize_poly;all_disjoint_map_filter,1,constraint,73,lib/Heuristics.v:41;src/PolyBase.v:23;src/PolyBase.v:468;src/PolyBase.v:508;src/PolyBase.v:552;src/PolyBase.v:670;src/PolyBase.v:810;src/PolyBase.v:811;src/PolyBase.v:923;src/PolyBase.v:924;src/PolyBase.v:1051;src/PolyBase.v:1118;src/PolyBase.v:1119;src/PolyBase.v:1390;src/PolyBase.v:1391;src/PolyBase.v:1632;src/PolyBase.v:1632;src/PolyBase.v:1751;src/PolyBase.v:1751;src/PolyBase.v:1870;src/PolyBase.v:1870;src/PolyBase.v:1983;src/PolyBase.v:1984;src/PolyBase.v:2209;src/PolyBase.v:2252;src/PolyBase.v:2260;src/TilingBandScheduleValidator.v:8985;src/TilingBandScheduleValidator.v:8985;src/TilingBandScheduleValidator.v:14407;src/TilingBandScheduleValidator.v:14407;src/TilingBandScheduleValidator.v:21705;src/TilingBandScheduleValidator.v:21790;src/TilingBandScheduleValidator.v:21790;src/AffineValidator.v:453;src/AffineValidator.v:459;src/AffineValidator.v:459;src/AffineValidator.v:541;src/AffineValidator.v:541;src/AffineValidator.v:596;src/AffineValidator.v:2225;src/AffineValidator.v:5042;src/AffineValidator.v:5089;src/AffineValidator.v:5090;src/AffineValidator.v:5150;src/AffineValidator.v:5151;src/AffineValidator.v:5239;polygen/PolyLoop.v:44;polygen/PolyLoop.v:48;polygen/PolyTest.v:87;polygen/ASTGen.v:668;...+23,0,,True,lib/Linalg.v:399,True,True,"{""apply"": 0, ""assert"": 0, ""auto"": 0, ""destruct"": 0, ""eapply"": 0, ""eauto"": 0, ""firstorder"": 0, ""inversion"": 0, ""lia"": 0, ""nia"": 0, ""pose proof"": 0, ""repeat"": 0, ""rewrite"": 0, ""ring"": 0, ""specialize"": 0, ""subst"": 0, ""unfold"": 0}",constraint/polyhedron semantics,Linalg,explicit external token use; declaration name is repository-unique,retain in current owner,No duplicate or ownership mismatch identified in this audit.
in_poly,Definition,,401,401,1,,,0,13,in_poly_proper;in_poly_app;empty_poly;same_polyhedron;is_empty_correct;expand_poly_eq;in_poly_nrlength;resize_poly_in;all_disjoint;all_disjoint_cons;all_disjoint_cons_rev;all_disjoint_app;all_disjoint_flatten,1,satisfies_constraint,402,lib/VplInterface.v:266;lib/VplInterface.v:275;lib/VplInterface.v:728;lib/VplInterface.v:732;lib/VplInterface.v:738;lib/Heuristics.v:64;src/StrengthenDomain.v:94;src/StrengthenDomain.v:95;src/StrengthenDomain.v:100;src/StrengthenDomain.v:115;src/StrengthenDomain.v:116;src/StrengthenDomain.v:121;src/StrengthenDomain.v:130;src/StrengthenDomain.v:130;src/StrengthenDomain.v:137;src/StrengthenDomain.v:145;src/StrengthenDomain.v:146;src/TilingRelation.v:1122;src/TilingRelation.v:1220;src/TilingRelation.v:1248;src/TilingRelation.v:1267;src/TilingRelation.v:1287;src/TilingRelation.v:1334;src/TilingRelation.v:1356;src/TilingRelation.v:1359;src/TilingRelation.v:1373;src/TilingRelation.v:1374;src/TilingRelation.v:1375;src/TilingRelation.v:1397;src/TilingRelation.v:1398;src/TilingRelation.v:1446;src/TilingRelation.v:1447;src/TilingRelation.v:1473;src/TilingRelation.v:1474;src/TilingRelation.v:1497;src/TilingRelation.v:1507;src/TilingRelation.v:1537;src/TilingRelation.v:1539;src/TilingRelation.v:1578;src/TilingRelation.v:1580;src/TilingRelation.v:1594;src/TilingRelation.v:1624;src/TilingRelation.v:1652;src/TilingRelation.v:1654;src/TilingRelation.v:1783;src/TilingRelation.v:1785;src/TilingRelation.v:2201;src/TilingRelation.v:2819;src/TilingRelation.v:2958;src/TilingRelation.v:4574;...+352,0,,True,lib/Linalg.v:401,True,True,"{""apply"": 0, ""assert"": 0, ""auto"": 0, ""destruct"": 0, ""eapply"": 0, ""eauto"": 0, ""firstorder"": 0, ""inversion"": 0, ""lia"": 0, ""nia"": 0, ""pose proof"": 0, ""repeat"": 0, ""rewrite"": 0, ""ring"": 0, ""specialize"": 0, ""subst"": 0, ""unfold"": 0}",constraint/polyhedron semantics,Linalg,explicit external token use; declaration name is repository-unique,retain and extend nearby API,Canonical owner for in_poly_map_iff and prefix/app lifting of atomic constraint equivalences.
in_poly_proper,Instance,,402,407,6,403,407,5,0,,2,veq;in_poly,0,,0,,True,lib/Linalg.v:402,False,False,"{""apply"": 1, ""assert"": 0, ""auto"": 0, ""destruct"": 0, ""eapply"": 0, ""eauto"": 0, ""firstorder"": 0, ""inversion"": 0, ""lia"": 0, ""nia"": 0, ""pose proof"": 0, ""repeat"": 0, ""rewrite"": 2, ""ring"": 0, ""specialize"": 0, ""subst"": 0, ""unfold"": 1}",constraint/polyhedron semantics,Linalg,no current repository token caller or root-closure path; external clients not ruled out,retain in current owner,No duplicate or ownership mismatch identified in this audit.
in_poly_app,Lemma,,409,413,5,411,413,3,0,,1,in_poly,35,lib/VplInterface.v:745;src/StrengthenDomain.v:124;src/StrengthenDomain.v:136;src/TilingRelation.v:1380;src/TilingRelation.v:1406;src/TilingRelation.v:1488;src/TilingRelation.v:1547;src/TilingRelation.v:1585;src/Extractor.v:1250;src/ISSRefinement.v:649;src/ISSRefinement.v:711;src/ISSRefinement.v:809;src/PolyBase.v:598;src/PolyBase.v:650;src/PolyBase.v:711;src/PolyBase.v:750;src/PolyBase.v:856;src/PolyBase.v:908;src/PolyBase.v:966;src/PolyBase.v:1005;src/PolyBase.v:1226;src/PolyBase.v:1249;src/PolyBase.v:1278;src/PolyBase.v:1292;src/PolyBase.v:1508;src/PolyBase.v:1535;src/PolyBase.v:1556;src/PolyBase.v:1570;src/PolyBase.v:1918;src/TilingBandScheduleValidator.v:21996;src/PolyLang.v:7567;polygen/PolyTest.v:100;polygen/PolyOperations.v:607;polygen/Projection.v:254;polygen/Projection.v:504,0,,True,lib/Linalg.v:409,True,True,"{""apply"": 1, ""assert"": 0, ""auto"": 0, ""destruct"": 0, ""eapply"": 0, ""eauto"": 0, ""firstorder"": 0, ""inversion"": 0, ""lia"": 0, ""nia"": 0, ""pose proof"": 0, ""repeat"": 0, ""rewrite"": 0, ""ring"": 0, ""specialize"": 0, ""subst"": 0, ""unfold"": 1}",constraint/polyhedron semantics,Linalg,explicit external token use; declaration name is repository-unique,retain,Existing append law; it does not provide map or prefix inversion.
empty_poly,Definition,,415,416,2,,,0,2,null_constraint;is_empty_correct,2,polyhedron;in_poly,0,,0,,True,lib/Linalg.v:415,False,False,"{""apply"": 0, ""assert"": 0, ""auto"": 0, ""destruct"": 0, ""eapply"": 0, ""eauto"": 0, ""firstorder"": 0, ""inversion"": 0, ""lia"": 0, ""nia"": 0, ""pose proof"": 0, ""repeat"": 0, ""rewrite"": 0, ""ring"": 0, ""specialize"": 0, ""subst"": 0, ""unfold"": 0}",constraint/polyhedron semantics,Linalg,no current repository token caller or root-closure path; external clients not ruled out,retain in current owner,No duplicate or ownership mismatch identified in this audit.
empty_constraint,Definition,,417,417,1,,,0,4,null_constraint;empty_constraint_empty;is_empty;is_empty_correct,1,constraint,0,,0,,True,lib/Linalg.v:417,False,False,"{""apply"": 0, ""assert"": 0, ""auto"": 0, ""destruct"": 0, ""eapply"": 0, ""eauto"": 0, ""firstorder"": 0, ""inversion"": 0, ""lia"": 0, ""nia"": 0, ""pose proof"": 0, ""repeat"": 0, ""rewrite"": 0, ""ring"": 0, ""specialize"": 0, ""subst"": 0, ""unfold"": 0}",constraint/polyhedron semantics,Linalg,no current repository token caller or root-closure path; external clients not ruled out,retain in current owner,No duplicate or ownership mismatch identified in this audit.
null_constraint,Definition,,418,420,3,,,0,3,null_constraint;null_constraint_trivial;combine_constraints,4,constraint;empty_poly;empty_constraint;null_constraint,0,,0,,True,lib/Linalg.v:418,False,False,"{""apply"": 0, ""assert"": 0, ""auto"": 0, ""destruct"": 0, ""eapply"": 0, ""eauto"": 0, ""firstorder"": 0, ""inversion"": 0, ""lia"": 0, ""nia"": 0, ""pose proof"": 0, ""repeat"": 0, ""rewrite"": 0, ""ring"": 0, ""specialize"": 0, ""subst"": 0, ""unfold"": 0}",constraint/polyhedron semantics,Linalg,no current repository token caller or root-closure path; external clients not ruled out,retain in current owner,No duplicate or ownership mismatch identified in this audit.
empty_constraint_empty,Lemma,,422,425,4,423,425,3,1,is_empty_correct,2,satisfies_constraint;empty_constraint,0,,0,,True,lib/Linalg.v:422,False,False,"{""apply"": 0, ""assert"": 0, ""auto"": 1, ""destruct"": 0, ""eapply"": 0, ""eauto"": 0, ""firstorder"": 0, ""inversion"": 0, ""lia"": 0, ""nia"": 0, ""pose proof"": 0, ""repeat"": 0, ""rewrite"": 0, ""ring"": 0, ""specialize"": 0, ""subst"": 0, ""unfold"": 0}",constraint/polyhedron semantics,Linalg,no current repository token caller or root-closure path; external clients not ruled out,retain in current owner,No duplicate or ownership mismatch identified in this audit.
null_constraint_trivial,Lemma,,426,435,10,427,429,3,1,combine_constraints_satisfy,2,satisfies_constraint;null_constraint,0,,0,,True,lib/Linalg.v:426,False,False,"{""apply"": 0, ""assert"": 0, ""auto"": 1, ""destruct"": 0, ""eapply"": 0, ""eauto"": 0, ""firstorder"": 0, ""inversion"": 0, ""lia"": 0, ""nia"": 0, ""pose proof"": 0, ""repeat"": 0, ""rewrite"": 0, ""ring"": 0, ""specialize"": 0, ""subst"": 0, ""unfold"": 0}",constraint/polyhedron semantics,Linalg,no current repository token caller or root-closure path; external clients not ruled out,retain in current owner,No duplicate or ownership mismatch identified in this audit.
mult_vector,Definition,,437,437,1,,,0,18,mult_constraint;mult_vector_null;mult_vector_eq_compat;mult_vector_proper;dot_product_mult_left;dot_product_mult_right;mult_nth;mult_vector_length;mult_vector_1;mult_vector_comp;mult_vector_app;mult_constraint_cst_eq;neg_constraint;add_vector_mult_distr;mult_vector_resize;mult_vector_skipn;expand_poly_eq;nrlength_mult,0,,35,lib/VplInterface.v:498;lib/VplInterface.v:501;lib/VplInterface.v:520;lib/VplInterface.v:553;lib/Heuristics.v:45;src/TilingRelation.v:187;src/TilingRelation.v:205;src/TilingRelation.v:208;src/TilingRelation.v:209;src/TilingRelation.v:849;src/TilingRelation.v:971;src/TilingRelation.v:975;src/TilingRelation.v:984;src/PolyLang.v:7026;src/PolyLang.v:7026;src/CInstr.v:333;polygen/LoopGen.v:106;polygen/LoopGen.v:230;polygen/LoopGen.v:231;polygen/Canonizer.v:144;polygen/Loop.v:278;polygen/Projection.v:33;polygen/Projection.v:36;polygen/Projection.v:146;polygen/Projection.v:159;polygen/Projection.v:172;polygen/Projection.v:416;polygen/Projection.v:416;polygen/Projection.v:439;polygen/Projection.v:545;polygen/Projection.v:573;polygen/Projection.v:593;polygen/Projection.v:690;syntax/SInstr.v:177;syntax/SInstr.v:180,0,,True,lib/Linalg.v:437,True,True,"{""apply"": 0, ""assert"": 0, ""auto"": 0, ""destruct"": 0, ""eapply"": 0, ""eauto"": 0, ""firstorder"": 0, ""inversion"": 0, ""lia"": 0, ""nia"": 0, ""pose proof"": 0, ""repeat"": 0, ""rewrite"": 0, ""ring"": 0, ""specialize"": 0, ""subst"": 0, ""unfold"": 0}",scaling vectors and constraints,Linalg,explicit external token use; declaration name is repository-unique,retain in current owner,No duplicate or ownership mismatch identified in this audit.
mult_constraint,Definition,,438,439,2,,,0,8,mult_constraint_cst;mult_constraint_proper;mult_constraint_eq;mult_constraint_zero;mult_constraint_pos_satisfy;mult_constraint_1;combine_constraints;is_redundant,2,constraint;mult_vector,14,lib/Heuristics.v:96;lib/Heuristics.v:96;lib/Heuristics.v:107;lib/Heuristics.v:129;lib/Heuristics.v:138;polygen/Projection.v:87;polygen/Projection.v:87;polygen/Projection.v:236;polygen/Projection.v:281;polygen/Projection.v:323;polygen/Projection.v:476;polygen/Projection.v:493;polygen/Projection.v:495;polygen/Projection.v:526,0,,True,lib/Linalg.v:438,True,True,"{""apply"": 0, ""assert"": 0, ""auto"": 0, ""destruct"": 0, ""eapply"": 0, ""eauto"": 0, ""firstorder"": 0, ""inversion"": 0, ""lia"": 0, ""nia"": 0, ""pose proof"": 0, ""repeat"": 0, ""rewrite"": 0, ""ring"": 0, ""specialize"": 0, ""subst"": 0, ""unfold"": 0}",scaling vectors and constraints,Linalg,explicit external token use; declaration name is repository-unique,retain in current owner,No duplicate or ownership mismatch identified in this audit.
mult_constraint_cst,Definition,,440,442,3,,,0,5,mult_constraint_cst;mult_constraint_cst_1;mult_constraint_cst_eq;mult_constraint_cst_comp;expand_poly,2,mult_constraint;mult_constraint_cst,22,lib/VplInterface.v:252;lib/VplInterface.v:256;lib/VplInterface.v:536;lib/VplInterface.v:536;lib/VplInterface.v:633;lib/VplInterface.v:686;lib/VplInterface.v:714;lib/Heuristics.v:61;lib/Heuristics.v:100;lib/Heuristics.v:100;polygen/Projection.v:146;polygen/Projection.v:159;polygen/Projection.v:174;polygen/Projection.v:175;polygen/Projection.v:233;polygen/Projection.v:233;polygen/Projection.v:234;polygen/Projection.v:236;polygen/Projection.v:492;polygen/Projection.v:493;polygen/Projection.v:696;polygen/Projection.v:701,0,,True,lib/Linalg.v:440,True,True,"{""apply"": 0, ""assert"": 0, ""auto"": 0, ""destruct"": 0, ""eapply"": 0, ""eauto"": 0, ""firstorder"": 0, ""inversion"": 0, ""lia"": 0, ""nia"": 0, ""pose proof"": 0, ""repeat"": 0, ""rewrite"": 0, ""ring"": 0, ""specialize"": 0, ""subst"": 0, ""unfold"": 0}",scaling vectors and constraints,Linalg,explicit external token use; declaration name is repository-unique,retain in current owner,No duplicate or ownership mismatch identified in this audit.
mult_vector_null,Lemma,,444,450,7,446,450,5,1,mult_vector_eq_compat,2,is_null;mult_vector,0,,0,,True,lib/Linalg.v:444,False,False,"{""apply"": 0, ""assert"": 0, ""auto"": 2, ""destruct"": 0, ""eapply"": 0, ""eauto"": 0, ""firstorder"": 0, ""inversion"": 0, ""lia"": 0, ""nia"": 1, ""pose proof"": 0, ""repeat"": 0, ""rewrite"": 0, ""ring"": 0, ""specialize"": 0, ""subst"": 0, ""unfold"": 0}",scaling vectors and constraints,Linalg,no current repository token caller or root-closure path; external clients not ruled out,retain in current owner,No duplicate or ownership mismatch identified in this audit.
mult_vector_eq_compat,Lemma,,452,461,10,454,461,8,1,mult_vector_proper,6,is_eq;is_eq_veq;is_eq_nil_left;is_eq_nil_right;mult_vector;mult_vector_null,0,,0,,True,lib/Linalg.v:452,False,False,"{""apply"": 3, ""assert"": 0, ""auto"": 3, ""destruct"": 1, ""eapply"": 0, ""eauto"": 0, ""firstorder"": 0, ""inversion"": 0, ""lia"": 0, ""nia"": 0, ""pose proof"": 0, ""repeat"": 1, ""rewrite"": 3, ""ring"": 0, ""specialize"": 0, ""subst"": 0, ""unfold"": 0}",scaling vectors and constraints,Linalg,no current repository token caller or root-closure path; external clients not ruled out,retain in current owner,No duplicate or ownership mismatch identified in this audit.
mult_vector_proper,Instance,,463,468,6,464,468,5,0,,4,veq;is_eq_veq;mult_vector;mult_vector_eq_compat,0,,0,,True,lib/Linalg.v:463,False,False,"{""apply"": 1, ""assert"": 0, ""auto"": 1, ""destruct"": 0, ""eapply"": 0, ""eauto"": 0, ""firstorder"": 0, ""inversion"": 0, ""lia"": 0, ""nia"": 0, ""pose proof"": 0, ""repeat"": 0, ""rewrite"": 2, ""ring"": 0, ""specialize"": 0, ""subst"": 0, ""unfold"": 0}",scaling vectors and constraints,Linalg,no current repository token caller or root-closure path; external clients not ruled out,retain in current owner,No duplicate or ownership mismatch identified in this audit.
mult_constraint_proper,Instance,,470,475,6,471,475,5,0,,2,ceq;mult_constraint,0,,0,,True,lib/Linalg.v:470,False,False,"{""apply"": 0, ""assert"": 0, ""auto"": 0, ""destruct"": 0, ""eapply"": 0, ""eauto"": 0, ""firstorder"": 0, ""inversion"": 0, ""lia"": 0, ""nia"": 0, ""pose proof"": 0, ""repeat"": 0, ""rewrite"": 2, ""ring"": 0, ""specialize"": 0, ""subst"": 0, ""unfold"": 1}",scaling vectors and constraints,Linalg,no current repository token caller or root-closure path; external clients not ruled out,retain in current owner,No duplicate or ownership mismatch identified in this audit.
dot_product_mult_left,Lemma,,477,485,9,479,485,7,3,dot_product_mult_right;mult_vector_app;mult_constraint_cst_eq,4,dot_product;dot_product_nil_left;dot_product_nil_right;mult_vector,10,src/TilingRelation.v:807;src/TilingRelation.v:808;src/TilingRelation.v:835;src/TilingRelation.v:836;src/TilingRelation.v:854;src/CInstr.v:597;polygen/LoopGen.v:114;polygen/LoopGen.v:240;polygen/Projection.v:153;polygen/Projection.v:166,0,,True,lib/Linalg.v:477,True,True,"{""apply"": 0, ""assert"": 0, ""auto"": 0, ""destruct"": 1, ""eapply"": 0, ""eauto"": 0, ""firstorder"": 0, ""inversion"": 0, ""lia"": 0, ""nia"": 0, ""pose proof"": 0, ""repeat"": 2, ""rewrite"": 3, ""ring"": 3, ""specialize"": 0, ""subst"": 0, ""unfold"": 0}",scaling vectors and constraints,Linalg,explicit external token use; declaration name is repository-unique,retain in current owner,No duplicate or ownership mismatch identified in this audit.
dot_product_mult_right,Lemma,,487,495,9,489,495,7,4,mult_vector_app;mult_constraint_eq;mult_constraint_zero;neg_constraint_correct,4,dot_product;dot_product_commutative;mult_vector;dot_product_mult_left,9,lib/VplInterface.v:527;lib/VplInterface.v:539;lib/VplInterface.v:636;lib/Heuristics.v:71;lib/Heuristics.v:108;polygen/Canonizer.v:143;polygen/Loop.v:496;polygen/Projection.v:227;polygen/Projection.v:495,0,,True,lib/Linalg.v:487,True,True,"{""apply"": 0, ""assert"": 0, ""auto"": 1, ""destruct"": 0, ""eapply"": 0, ""eauto"": 0, ""firstorder"": 0, ""inversion"": 0, ""lia"": 0, ""nia"": 0, ""pose proof"": 0, ""repeat"": 0, ""rewrite"": 3, ""ring"": 0, ""specialize"": 0, ""subst"": 0, ""unfold"": 0}",scaling vectors and constraints,Linalg,explicit external token use; declaration name is repository-unique,retain in current owner,No duplicate or ownership mismatch identified in this audit.
mult_nth,Lemma,,497,502,6,499,502,4,0,,1,mult_vector,8,lib/Heuristics.v:130;lib/Heuristics.v:139;polygen/PolyOperations.v:126;polygen/Projection.v:153;polygen/Projection.v:166;polygen/Projection.v:284;polygen/Projection.v:325;polygen/Projection.v:526,0,,True,lib/Linalg.v:497,True,True,"{""apply"": 0, ""assert"": 0, ""auto"": 0, ""destruct"": 0, ""eapply"": 0, ""eauto"": 0, ""firstorder"": 0, ""inversion"": 0, ""lia"": 1, ""nia"": 0, ""pose proof"": 0, ""repeat"": 0, ""rewrite"": 0, ""ring"": 0, ""specialize"": 0, ""subst"": 0, ""unfold"": 1}",scaling vectors and constraints,Linalg,explicit external token use; declaration name is repository-unique,retain in current owner,No duplicate or ownership mismatch identified in this audit.
mult_vector_length,Lemma,,504,508,5,506,508,3,0,,1,mult_vector,9,src/TilingRelation.v:806;src/TilingRelation.v:834;src/TilingRelation.v:978;src/TilingRelation.v:1053;src/TilingRelation.v:1089;src/PolyLang.v:7058;src/PolyLang.v:7105;polygen/Projection.v:440;polygen/Projection.v:445,0,,True,lib/Linalg.v:504,True,True,"{""apply"": 1, ""assert"": 0, ""auto"": 0, ""destruct"": 0, ""eapply"": 0, ""eauto"": 0, ""firstorder"": 0, ""inversion"": 0, ""lia"": 0, ""nia"": 0, ""pose proof"": 0, ""repeat"": 0, ""rewrite"": 0, ""ring"": 0, ""specialize"": 0, ""subst"": 0, ""unfold"": 0}",scaling vectors and constraints,Linalg,explicit external token use; declaration name is repository-unique,retain in current owner,No duplicate or ownership mismatch identified in this audit.
mult_vector_1,Lemma,,510,514,5,512,514,3,1,mult_constraint_1,1,mult_vector,7,polygen/Projection.v:53;polygen/Projection.v:64;polygen/Projection.v:425;polygen/Projection.v:457;polygen/Projection.v:588;polygen/Projection.v:601;polygen/Projection.v:692,0,,True,lib/Linalg.v:510,True,True,"{""apply"": 0, ""assert"": 0, ""auto"": 2, ""destruct"": 1, ""eapply"": 0, ""eauto"": 0, ""firstorder"": 0, ""inversion"": 0, ""lia"": 0, ""nia"": 0, ""pose proof"": 0, ""repeat"": 0, ""rewrite"": 0, ""ring"": 0, ""specialize"": 0, ""subst"": 0, ""unfold"": 0}",scaling vectors and constraints,Linalg,explicit external token use; declaration name is repository-unique,retain in current owner,No duplicate or ownership mismatch identified in this audit.
mult_vector_comp,Lemma,,516,521,6,518,521,4,0,,1,mult_vector,1,polygen/Projection.v:443,0,,True,lib/Linalg.v:516,True,True,"{""apply"": 1, ""assert"": 0, ""auto"": 0, ""destruct"": 0, ""eapply"": 0, ""eauto"": 0, ""firstorder"": 0, ""inversion"": 0, ""lia"": 0, ""nia"": 1, ""pose proof"": 0, ""repeat"": 0, ""rewrite"": 1, ""ring"": 0, ""specialize"": 0, ""subst"": 0, ""unfold"": 1}",scaling vectors and constraints,Linalg,explicit external token use; declaration name is repository-unique,retain in current owner,No duplicate or ownership mismatch identified in this audit.
mult_vector_app,Lemma,,523,529,7,525,527,3,0,,3,mult_vector;dot_product_mult_left;dot_product_mult_right,3,src/TilingRelation.v:803;src/TilingRelation.v:831;polygen/Projection.v:443,0,,True,lib/Linalg.v:523,True,True,"{""apply"": 1, ""assert"": 0, ""auto"": 0, ""destruct"": 0, ""eapply"": 0, ""eauto"": 0, ""firstorder"": 0, ""inversion"": 0, ""lia"": 0, ""nia"": 0, ""pose proof"": 0, ""repeat"": 0, ""rewrite"": 0, ""ring"": 0, ""specialize"": 0, ""subst"": 0, ""unfold"": 1}",scaling vectors and constraints,Linalg,explicit external token use; declaration name is repository-unique,retain in current owner,No duplicate or ownership mismatch identified in this audit.
mult_constraint_eq,Lemma,,531,536,6,533,536,4,2,mult_constraint_pos_satisfy;is_redundant_correct,3,satisfies_constraint;mult_constraint;dot_product_mult_right,0,,0,,True,lib/Linalg.v:531,False,False,"{""apply"": 0, ""assert"": 0, ""auto"": 0, ""destruct"": 1, ""eapply"": 0, ""eauto"": 0, ""firstorder"": 0, ""inversion"": 0, ""lia"": 0, ""nia"": 1, ""pose proof"": 0, ""repeat"": 0, ""rewrite"": 1, ""ring"": 0, ""specialize"": 0, ""subst"": 0, ""unfold"": 0}",scaling vectors and constraints,Linalg,no current repository token caller or root-closure path; external clients not ruled out,retain in current owner,No duplicate or ownership mismatch identified in this audit.
mult_constraint_zero,Lemma,,538,543,6,540,543,4,1,mult_constraint_pos_satisfy,3,satisfies_constraint;mult_constraint;dot_product_mult_right,0,,0,,True,lib/Linalg.v:538,False,False,"{""apply"": 0, ""assert"": 0, ""auto"": 0, ""destruct"": 0, ""eapply"": 0, ""eauto"": 0, ""firstorder"": 0, ""inversion"": 0, ""lia"": 1, ""nia"": 0, ""pose proof"": 0, ""repeat"": 0, ""rewrite"": 1, ""ring"": 0, ""specialize"": 0, ""subst"": 0, ""unfold"": 0}",scaling vectors and constraints,Linalg,no current repository token caller or root-closure path; external clients not ruled out,retain in current owner,No duplicate or ownership mismatch identified in this audit.
mult_constraint_pos_satisfy,Lemma,,545,552,8,547,552,6,1,combine_constraints_satisfy,4,satisfies_constraint;mult_constraint;mult_constraint_eq;mult_constraint_zero,0,,0,,True,lib/Linalg.v:545,False,False,"{""apply"": 1, ""assert"": 0, ""auto"": 1, ""destruct"": 1, ""eapply"": 0, ""eauto"": 0, ""firstorder"": 0, ""inversion"": 0, ""lia"": 2, ""nia"": 0, ""pose proof"": 0, ""repeat"": 0, ""rewrite"": 2, ""ring"": 0, ""specialize"": 0, ""subst"": 0, ""unfold"": 0}",scaling vectors and constraints,Linalg,no current repository token caller or root-closure path; external clients not ruled out,retain in current owner,No duplicate or ownership mismatch identified in this audit.
mult_constraint_1,Lemma,,554,560,7,556,560,5,0,,2,mult_constraint;mult_vector_1,0,,0,,True,lib/Linalg.v:554,False,False,"{""apply"": 0, ""assert"": 0, ""auto"": 1, ""destruct"": 2, ""eapply"": 0, ""eauto"": 0, ""firstorder"": 0, ""inversion"": 0, ""lia"": 0, ""nia"": 0, ""pose proof"": 0, ""repeat"": 0, ""rewrite"": 1, ""ring"": 0, ""specialize"": 0, ""subst"": 0, ""unfold"": 1}",scaling vectors and constraints,Linalg,no current repository token caller or root-closure path; external clients not ruled out,retain in current owner,No duplicate or ownership mismatch identified in this audit.
mult_constraint_cst_1,Lemma,,562,566,5,564,566,3,1,expand_poly_1,1,mult_constraint_cst,2,lib/Heuristics.v:79;lib/Heuristics.v:118,0,,True,lib/Linalg.v:562,True,True,"{""apply"": 0, ""assert"": 0, ""auto"": 1, ""destruct"": 2, ""eapply"": 0, ""eauto"": 0, ""firstorder"": 0, ""inversion"": 0, ""lia"": 0, ""nia"": 0, ""pose proof"": 0, ""repeat"": 0, ""rewrite"": 0, ""ring"": 0, ""specialize"": 0, ""subst"": 0, ""unfold"": 0}",scaling vectors and constraints,Linalg,explicit external token use; declaration name is repository-unique,retain in current owner,No duplicate or ownership mismatch identified in this audit.
mult_constraint_cst_eq,Lemma,,568,576,9,570,576,7,1,expand_poly_eq,4,satisfies_constraint;mult_vector;mult_constraint_cst;dot_product_mult_left,3,polygen/Projection.v:186;polygen/Projection.v:205;polygen/Projection.v:695,0,,True,lib/Linalg.v:568,True,True,"{""apply"": 1, ""assert"": 0, ""auto"": 0, ""destruct"": 0, ""eapply"": 0, ""eauto"": 0, ""firstorder"": 0, ""inversion"": 0, ""lia"": 0, ""nia"": 1, ""pose proof"": 0, ""repeat"": 0, ""rewrite"": 1, ""ring"": 0, ""specialize"": 0, ""subst"": 0, ""unfold"": 1}",scaling vectors and constraints,Linalg,explicit external token use; declaration name is repository-unique,retain in current owner,No duplicate or ownership mismatch identified in this audit.
mult_constraint_cst_comp,Lemma,,578,588,11,580,583,4,1,expand_poly_comp,1,mult_constraint_cst,6,polygen/Projection.v:186;polygen/Projection.v:192;polygen/Projection.v:197;polygen/Projection.v:205;polygen/Projection.v:207;polygen/Projection.v:210,0,,True,lib/Linalg.v:578,True,True,"{""apply"": 0, ""assert"": 0, ""auto"": 0, ""destruct"": 0, ""eapply"": 0, ""eauto"": 0, ""firstorder"": 0, ""inversion"": 0, ""lia"": 0, ""nia"": 1, ""pose proof"": 0, ""repeat"": 0, ""rewrite"": 0, ""ring"": 0, ""specialize"": 0, ""subst"": 0, ""unfold"": 1}",scaling vectors and constraints,Linalg,explicit external token use; declaration name is repository-unique,retain in current owner,No duplicate or ownership mismatch identified in this audit.
neg_constraint,Definition,,589,590,2,,,0,1,neg_constraint_correct,1,mult_vector,3,polygen/PolyOperations.v:88;polygen/PolyOperations.v:126;polygen/PolyOperations.v:592,0,,True,lib/Linalg.v:589,True,True,"{""apply"": 0, ""assert"": 0, ""auto"": 0, ""destruct"": 0, ""eapply"": 0, ""eauto"": 0, ""firstorder"": 0, ""inversion"": 0, ""lia"": 0, ""nia"": 0, ""pose proof"": 0, ""repeat"": 0, ""rewrite"": 0, ""ring"": 0, ""specialize"": 0, ""subst"": 0, ""unfold"": 0}",constraint negation,Linalg,explicit external token use; declaration name is repository-unique,retain in current owner,No duplicate or ownership mismatch identified in this audit.
neg_constraint_correct,Lemma,,591,600,10,593,597,5,0,,3,satisfies_constraint;dot_product_mult_right;neg_constraint,3,polygen/PolyOperations.v:106;polygen/PolyOperations.v:153;polygen/PolyOperations.v:605,0,,True,lib/Linalg.v:591,True,True,"{""apply"": 1, ""assert"": 0, ""auto"": 0, ""destruct"": 0, ""eapply"": 0, ""eauto"": 0, ""firstorder"": 0, ""inversion"": 0, ""lia"": 1, ""nia"": 0, ""pose proof"": 0, ""repeat"": 0, ""rewrite"": 1, ""ring"": 0, ""specialize"": 0, ""subst"": 0, ""unfold"": 2}",constraint negation,Linalg,explicit external token use; declaration name is repository-unique,retain in current owner,No duplicate or ownership mismatch identified in this audit.
add_vector,Fixpoint,,602,608,7,,,0,15,add_vector;add_vector_nil_left;add_vector_nil_right;add_vector_commutative;add_vector_null_left;add_vector_null_right;add_vector_eq_compat_left;add_vector_eq_compat_right;add_vector_proper;add_vector_mult_distr;add_vector_dot_product_distr_left;add_vector_dot_product_distr_right;add_vector_nth;add_constraint;affine_product_eq_add_vector,1,add_vector,8,src/StrengthenDomain.v:167;src/Extractor.v:729;src/Extractor.v:744;src/CInstr.v:328;src/CInstr.v:329;polygen/Loop.v:285;syntax/SInstr.v:173;syntax/SInstr.v:177,0,,True,lib/Linalg.v:602,True,True,"{""apply"": 0, ""assert"": 0, ""auto"": 0, ""destruct"": 0, ""eapply"": 0, ""eauto"": 0, ""firstorder"": 0, ""inversion"": 0, ""lia"": 0, ""nia"": 0, ""pose proof"": 0, ""repeat"": 0, ""rewrite"": 0, ""ring"": 0, ""specialize"": 0, ""subst"": 0, ""unfold"": 0}",vector/constraint addition,Linalg,explicit external token use; declaration name is repository-unique,retain in current owner,No duplicate or ownership mismatch identified in this audit.
add_vector_nil_left,Lemma,,610,614,5,612,614,3,3,add_vector_nil_right;add_vector_null_left;add_vector_eq_compat_left,1,add_vector,0,,0,,True,lib/Linalg.v:610,False,False,"{""apply"": 0, ""assert"": 0, ""auto"": 1, ""destruct"": 1, ""eapply"": 0, ""eauto"": 0, ""firstorder"": 0, ""inversion"": 0, ""lia"": 0, ""nia"": 0, ""pose proof"": 0, ""repeat"": 0, ""rewrite"": 0, ""ring"": 0, ""specialize"": 0, ""subst"": 0, ""unfold"": 0}",vector/constraint addition,Linalg,no current repository token caller or root-closure path; external clients not ruled out,retain in current owner,No duplicate or ownership mismatch identified in this audit.
add_vector_nil_right,Lemma,,615,621,7,617,619,3,1,add_vector_nil_right,3,add_vector;add_vector_nil_left;add_vector_nil_right,0,,0,,True,lib/Linalg.v:615,False,False,"{""apply"": 0, ""assert"": 0, ""auto"": 1, ""destruct"": 1, ""eapply"": 0, ""eauto"": 0, ""firstorder"": 0, ""inversion"": 0, ""lia"": 0, ""nia"": 0, ""pose proof"": 0, ""repeat"": 0, ""rewrite"": 0, ""ring"": 0, ""specialize"": 0, ""subst"": 0, ""unfold"": 0}",vector/constraint addition,Linalg,no current repository token caller or root-closure path; external clients not ruled out,retain in current owner,No duplicate or ownership mismatch identified in this audit.
add_vector_commutative,Lemma,,623,630,8,625,630,6,2,add_vector_null_right;add_vector_eq_compat_right,1,add_vector,0,,0,,True,lib/Linalg.v:623,False,False,"{""apply"": 0, ""assert"": 0, ""auto"": 3, ""destruct"": 2, ""eapply"": 0, ""eauto"": 0, ""firstorder"": 0, ""inversion"": 0, ""lia"": 0, ""nia"": 0, ""pose proof"": 0, ""repeat"": 0, ""rewrite"": 0, ""ring"": 1, ""specialize"": 0, ""subst"": 0, ""unfold"": 0}",vector/constraint addition,Linalg,no current repository token caller or root-closure path; external clients not ruled out,retain in current owner,No duplicate or ownership mismatch identified in this audit.
add_vector_null_left,Lemma,,632,640,9,634,640,7,2,add_vector_null_right;add_vector_eq_compat_left,6,is_null;is_eq;is_eq_veq;is_eq_reflexive;add_vector;add_vector_nil_left,0,,0,,True,lib/Linalg.v:632,False,False,"{""apply"": 2, ""assert"": 0, ""auto"": 2, ""destruct"": 2, ""eapply"": 0, ""eauto"": 0, ""firstorder"": 0, ""inversion"": 0, ""lia"": 1, ""nia"": 0, ""pose proof"": 0, ""repeat"": 0, ""rewrite"": 2, ""ring"": 0, ""specialize"": 0, ""subst"": 0, ""unfold"": 0}",vector/constraint addition,Linalg,no current repository token caller or root-closure path; external clients not ruled out,retain in current owner,No duplicate or ownership mismatch identified in this audit.
add_vector_null_right,Lemma,,642,646,5,644,646,3,0,,5,is_null;is_eq;add_vector;add_vector_commutative;add_vector_null_left,0,,0,,True,lib/Linalg.v:642,False,False,"{""apply"": 1, ""assert"": 0, ""auto"": 1, ""destruct"": 0, ""eapply"": 0, ""eauto"": 0, ""firstorder"": 0, ""inversion"": 0, ""lia"": 0, ""nia"": 0, ""pose proof"": 0, ""repeat"": 0, ""rewrite"": 1, ""ring"": 0, ""specialize"": 0, ""subst"": 0, ""unfold"": 0}",vector/constraint addition,Linalg,no current repository token caller or root-closure path; external clients not ruled out,retain in current owner,No duplicate or ownership mismatch identified in this audit.
add_vector_eq_compat_left,Lemma,,648,658,11,650,658,9,2,add_vector_eq_compat_right;add_vector_proper,7,is_eq;is_eq_veq;is_eq_reflexive;is_eq_commutative;add_vector;add_vector_nil_left;add_vector_null_left,0,,0,,True,lib/Linalg.v:648,False,False,"{""apply"": 3, ""assert"": 0, ""auto"": 5, ""destruct"": 5, ""eapply"": 0, ""eauto"": 0, ""firstorder"": 0, ""inversion"": 0, ""lia"": 1, ""nia"": 0, ""pose proof"": 0, ""repeat"": 0, ""rewrite"": 4, ""ring"": 0, ""specialize"": 0, ""subst"": 0, ""unfold"": 0}",vector/constraint addition,Linalg,no current repository token caller or root-closure path; external clients not ruled out,retain in current owner,No duplicate or ownership mismatch identified in this audit.
add_vector_eq_compat_right,Lemma,,660,665,6,662,665,4,1,add_vector_proper,4,is_eq;add_vector;add_vector_commutative;add_vector_eq_compat_left,0,,0,,True,lib/Linalg.v:660,False,False,"{""apply"": 1, ""assert"": 0, ""auto"": 1, ""destruct"": 0, ""eapply"": 0, ""eauto"": 0, ""firstorder"": 0, ""inversion"": 0, ""lia"": 0, ""nia"": 0, ""pose proof"": 0, ""repeat"": 0, ""rewrite"": 2, ""ring"": 0, ""specialize"": 0, ""subst"": 0, ""unfold"": 0}",vector/constraint addition,Linalg,no current repository token caller or root-closure path; external clients not ruled out,retain in current owner,No duplicate or ownership mismatch identified in this audit.
add_vector_proper,Instance,,667,673,7,668,673,6,0,,5,veq;is_eq_veq;add_vector;add_vector_eq_compat_left;add_vector_eq_compat_right,0,,0,,True,lib/Linalg.v:667,False,False,"{""apply"": 1, ""assert"": 0, ""auto"": 0, ""destruct"": 0, ""eapply"": 0, ""eauto"": 0, ""firstorder"": 0, ""inversion"": 0, ""lia"": 0, ""nia"": 0, ""pose proof"": 0, ""repeat"": 0, ""rewrite"": 2, ""ring"": 0, ""specialize"": 0, ""subst"": 0, ""unfold"": 0}",vector/constraint addition,Linalg,no current repository token caller or root-closure path; external clients not ruled out,retain in current owner,No duplicate or ownership mismatch identified in this audit.
add_vector_mult_distr,Lemma,,675,682,8,677,682,6,0,,2,mult_vector;add_vector,0,,0,,True,lib/Linalg.v:675,False,False,"{""apply"": 0, ""assert"": 0, ""auto"": 3, ""destruct"": 2, ""eapply"": 0, ""eauto"": 0, ""firstorder"": 0, ""inversion"": 0, ""lia"": 0, ""nia"": 0, ""pose proof"": 0, ""repeat"": 0, ""rewrite"": 0, ""ring"": 1, ""specialize"": 0, ""subst"": 0, ""unfold"": 0}",vector/constraint addition,Linalg,no current repository token caller or root-closure path; external clients not ruled out,retain in current owner,No duplicate or ownership mismatch identified in this audit.
add_vector_dot_product_distr_left,Lemma,,684,690,7,686,690,5,1,add_vector_dot_product_distr_right,2,dot_product;add_vector,2,src/CInstr.v:577;src/CInstr.v:585,0,,True,lib/Linalg.v:684,True,True,"{""apply"": 0, ""assert"": 0, ""auto"": 1, ""destruct"": 4, ""eapply"": 0, ""eauto"": 0, ""firstorder"": 0, ""inversion"": 0, ""lia"": 0, ""nia"": 0, ""pose proof"": 0, ""repeat"": 0, ""rewrite"": 1, ""ring"": 1, ""specialize"": 0, ""subst"": 0, ""unfold"": 0}",vector/constraint addition,Linalg,explicit external token use; declaration name is repository-unique,retain in current owner,No duplicate or ownership mismatch identified in this audit.
add_vector_dot_product_distr_right,Lemma,,692,697,6,694,697,4,2,add_constraint_satisfy;matrix_product_assoc,4,dot_product;dot_product_commutative;add_vector;add_vector_dot_product_distr_left,5,lib/Heuristics.v:108;src/Extractor.v:768;src/Extractor.v:783;polygen/Loop.v:490;polygen/Projection.v:227,0,,True,lib/Linalg.v:692,True,True,"{""apply"": 1, ""assert"": 0, ""auto"": 0, ""destruct"": 0, ""eapply"": 0, ""eauto"": 0, ""firstorder"": 0, ""inversion"": 0, ""lia"": 0, ""nia"": 0, ""pose proof"": 0, ""repeat"": 0, ""rewrite"": 2, ""ring"": 0, ""specialize"": 0, ""subst"": 0, ""unfold"": 0}",vector/constraint addition,Linalg,explicit external token use; declaration name is repository-unique,retain in current owner,No duplicate or ownership mismatch identified in this audit.
add_vector_nth,Lemma,,699,708,10,701,705,5,0,,1,add_vector,4,lib/Heuristics.v:130;lib/Heuristics.v:139;polygen/Projection.v:284;polygen/Projection.v:325,0,,True,lib/Linalg.v:699,True,True,"{""apply"": 0, ""assert"": 0, ""auto"": 0, ""destruct"": 4, ""eapply"": 0, ""eauto"": 0, ""firstorder"": 0, ""inversion"": 0, ""lia"": 2, ""nia"": 0, ""pose proof"": 0, ""repeat"": 0, ""rewrite"": 1, ""ring"": 0, ""specialize"": 0, ""subst"": 0, ""unfold"": 0}",vector/constraint addition,Linalg,explicit external token use; declaration name is repository-unique,retain in current owner,No duplicate or ownership mismatch identified in this audit.
add_constraint,Definition,,710,712,3,,,0,4,add_constraint;add_constraint_proper;add_constraint_satisfy;combine_constraints,2,add_vector;add_constraint,12,lib/Heuristics.v:96;lib/Heuristics.v:107;lib/Heuristics.v:129;lib/Heuristics.v:138;src/StrengthenDomain.v:48;src/StrengthenDomain.v:105;src/StrengthenDomain.v:180;src/StrengthenDomain.v:196;polygen/Projection.v:87;polygen/Projection.v:236;polygen/Projection.v:281;polygen/Projection.v:323,0,,True,lib/Linalg.v:710,True,True,"{""apply"": 0, ""assert"": 0, ""auto"": 0, ""destruct"": 0, ""eapply"": 0, ""eauto"": 0, ""firstorder"": 0, ""inversion"": 0, ""lia"": 0, ""nia"": 0, ""pose proof"": 0, ""repeat"": 0, ""rewrite"": 0, ""ring"": 0, ""specialize"": 0, ""subst"": 0, ""unfold"": 0}",certificate operations,Linalg,explicit external token use; declaration name is repository-unique,retain in current owner,No duplicate or ownership mismatch identified in this audit.
add_constraint_proper,Instance,,714,719,6,715,719,5,0,,2,ceq;add_constraint,0,,0,,True,lib/Linalg.v:714,False,False,"{""apply"": 0, ""assert"": 0, ""auto"": 0, ""destruct"": 0, ""eapply"": 0, ""eauto"": 0, ""firstorder"": 0, ""inversion"": 0, ""lia"": 0, ""nia"": 0, ""pose proof"": 0, ""repeat"": 0, ""rewrite"": 2, ""ring"": 0, ""specialize"": 0, ""subst"": 0, ""unfold"": 1}",certificate operations,Linalg,no current repository token caller or root-closure path; external clients not ruled out,retain in current owner,No duplicate or ownership mismatch identified in this audit.
add_constraint_satisfy,Lemma,,721,730,10,724,727,4,1,combine_constraints_satisfy,3,satisfies_constraint;add_vector_dot_product_distr_right;add_constraint,1,src/StrengthenDomain.v:110,0,,True,lib/Linalg.v:721,True,True,"{""apply"": 0, ""assert"": 0, ""auto"": 0, ""destruct"": 0, ""eapply"": 0, ""eauto"": 0, ""firstorder"": 0, ""inversion"": 0, ""lia"": 1, ""nia"": 0, ""pose proof"": 0, ""repeat"": 0, ""rewrite"": 1, ""ring"": 0, ""specialize"": 0, ""subst"": 0, ""unfold"": 0}",certificate operations,Linalg,explicit external token use; declaration name is repository-unique,retain in current owner,No duplicate or ownership mismatch identified in this audit.
same_polyhedron,Definition,,732,732,1,,,0,0,,1,in_poly,0,,0,,True,lib/Linalg.v:732,False,False,"{""apply"": 0, ""assert"": 0, ""auto"": 0, ""destruct"": 0, ""eapply"": 0, ""eauto"": 0, ""firstorder"": 0, ""inversion"": 0, ""lia"": 0, ""nia"": 0, ""pose proof"": 0, ""repeat"": 0, ""rewrite"": 0, ""ring"": 0, ""specialize"": 0, ""subst"": 0, ""unfold"": 0}",certificate operations,Linalg,no current repository token caller or root-closure path; external clients not ruled out,retain in current owner,No duplicate or ownership mismatch identified in this audit.
combine_constraints,Fixpoint,,734,738,5,,,0,3,combine_constraints;combine_constraints_satisfy;is_redundant,4,null_constraint;mult_constraint;add_constraint;combine_constraints,0,,0,,True,lib/Linalg.v:734,False,False,"{""apply"": 0, ""assert"": 0, ""auto"": 0, ""destruct"": 0, ""eapply"": 0, ""eauto"": 0, ""firstorder"": 0, ""inversion"": 0, ""lia"": 0, ""nia"": 0, ""pose proof"": 0, ""repeat"": 0, ""rewrite"": 0, ""ring"": 0, ""specialize"": 0, ""subst"": 0, ""unfold"": 0}",certificate operations,Linalg,no current repository token caller or root-closure path; external clients not ruled out,retain in current owner,No duplicate or ownership mismatch identified in this audit.
combine_constraints_satisfy,Lemma,,741,753,13,744,753,10,1,is_redundant_correct,5,satisfies_constraint;null_constraint_trivial;mult_constraint_pos_satisfy;add_constraint_satisfy;combine_constraints,0,,0,,True,lib/Linalg.v:741,False,False,"{""apply"": 5, ""assert"": 0, ""auto"": 2, ""destruct"": 4, ""eapply"": 0, ""eauto"": 0, ""firstorder"": 0, ""inversion"": 0, ""lia"": 1, ""nia"": 0, ""pose proof"": 0, ""repeat"": 0, ""rewrite"": 0, ""ring"": 0, ""specialize"": 0, ""subst"": 0, ""unfold"": 0}",certificate operations,Linalg,no current repository token caller or root-closure path; external clients not ruled out,retain in current owner,No duplicate or ownership mismatch identified in this audit.
constraint_entails,Definition,,755,756,2,,,0,3,constraint_entails;constraint_entails_correct;is_redundant,3,is_eq;constraint;constraint_entails,0,,0,,True,lib/Linalg.v:755,False,False,"{""apply"": 0, ""assert"": 0, ""auto"": 0, ""destruct"": 0, ""eapply"": 0, ""eauto"": 0, ""firstorder"": 0, ""inversion"": 0, ""lia"": 0, ""nia"": 0, ""pose proof"": 0, ""repeat"": 0, ""rewrite"": 0, ""ring"": 0, ""specialize"": 0, ""subst"": 0, ""unfold"": 0}",certificate operations,Linalg,no current repository token caller or root-closure path; external clients not ruled out,retain in current owner,No duplicate or ownership mismatch identified in this audit.
constraint_entails_correct,Lemma,,758,765,8,760,765,6,1,is_redundant_correct,2,satisfies_constraint;constraint_entails,0,,0,,True,lib/Linalg.v:758,False,False,"{""apply"": 0, ""assert"": 0, ""auto"": 0, ""destruct"": 1, ""eapply"": 0, ""eauto"": 0, ""firstorder"": 0, ""inversion"": 0, ""lia"": 1, ""nia"": 0, ""pose proof"": 0, ""repeat"": 0, ""rewrite"": 1, ""ring"": 0, ""specialize"": 0, ""subst"": 0, ""unfold"": 0}",certificate operations,Linalg,no current repository token caller or root-closure path; external clients not ruled out,retain in current owner,No duplicate or ownership mismatch identified in this audit.
witness,Definition,,767,767,1,,,0,2,is_redundant;is_empty,0,,7,VPL/coq/Map_poly.v:503;VPL/coq/Map_poly.v:518;VPL/coq/Map_poly.v:544;VPL/coq/Map_poly.v:560;VPL/coq/Map_poly.v:567;VPL/coq/Map_poly.v:619;VPL/coq/Map_poly.v:626,0,,False,lib/Linalg.v:767;VPL/coq/Map_poly.v:495,True,True,"{""apply"": 0, ""assert"": 0, ""auto"": 0, ""destruct"": 0, ""eapply"": 0, ""eauto"": 0, ""firstorder"": 0, ""inversion"": 0, ""lia"": 0, ""nia"": 0, ""pose proof"": 0, ""repeat"": 0, ""rewrite"": 0, ""ring"": 0, ""specialize"": 0, ""subst"": 0, ""unfold"": 0}",certificate operations,Linalg,"external token candidate, but the declaration name collides elsewhere",retain in current owner,No duplicate or ownership mismatch identified in this audit.
is_redundant,Definition,,769,774,6,,,0,3,is_redundant;is_redundant_correct;is_empty,7,constraint;polyhedron;mult_constraint;combine_constraints;constraint_entails;witness;is_redundant,0,,0,,True,lib/Linalg.v:769,False,False,"{""apply"": 0, ""assert"": 0, ""auto"": 0, ""destruct"": 0, ""eapply"": 0, ""eauto"": 0, ""firstorder"": 0, ""inversion"": 0, ""lia"": 0, ""nia"": 0, ""pose proof"": 0, ""repeat"": 0, ""rewrite"": 0, ""ring"": 0, ""specialize"": 0, ""subst"": 0, ""unfold"": 0}",certificate operations,Linalg,no current repository token caller or root-closure path; external clients not ruled out,retain in current owner,No duplicate or ownership mismatch identified in this audit.
is_redundant_correct,Lemma,,776,787,12,779,787,9,1,is_empty_correct,5,satisfies_constraint;mult_constraint_eq;combine_constraints_satisfy;constraint_entails_correct;is_redundant,0,,0,,True,lib/Linalg.v:776,False,False,"{""apply"": 1, ""assert"": 0, ""auto"": 1, ""destruct"": 1, ""eapply"": 1, ""eauto"": 1, ""firstorder"": 0, ""inversion"": 0, ""lia"": 1, ""nia"": 0, ""pose proof"": 0, ""repeat"": 0, ""rewrite"": 0, ""ring"": 0, ""specialize"": 0, ""subst"": 0, ""unfold"": 1}",certificate operations,Linalg,no current repository token caller or root-closure path; external clients not ruled out,retain in current owner,No duplicate or ownership mismatch identified in this audit.
is_empty,Definition,,789,791,3,,,0,2,is_empty;is_empty_correct,5,polyhedron;empty_constraint;witness;is_redundant;is_empty,0,,0,,True,lib/Linalg.v:789,False,False,"{""apply"": 0, ""assert"": 0, ""auto"": 0, ""destruct"": 0, ""eapply"": 0, ""eauto"": 0, ""firstorder"": 0, ""inversion"": 0, ""lia"": 0, ""nia"": 0, ""pose proof"": 0, ""repeat"": 0, ""rewrite"": 0, ""ring"": 0, ""specialize"": 0, ""subst"": 0, ""unfold"": 0}",certificate operations,Linalg,no current repository token caller or root-closure path; external clients not ruled out,retain in current owner,No duplicate or ownership mismatch identified in this audit.
is_empty_correct,Lemma,,793,804,12,795,801,7,0,,7,satisfies_constraint;in_poly;empty_poly;empty_constraint;empty_constraint_empty;is_redundant_correct;is_empty,0,,0,,True,lib/Linalg.v:793,False,False,"{""apply"": 0, ""assert"": 2, ""auto"": 0, ""destruct"": 1, ""eapply"": 1, ""eauto"": 1, ""firstorder"": 0, ""inversion"": 0, ""lia"": 0, ""nia"": 0, ""pose proof"": 0, ""repeat"": 0, ""rewrite"": 1, ""ring"": 0, ""specialize"": 0, ""subst"": 0, ""unfold"": 0}",certificate operations,Linalg,no current repository token caller or root-closure path; external clients not ruled out,retain in current owner,No duplicate or ownership mismatch identified in this audit.
lex_compare_nil,Fixpoint,,806,810,5,,,0,8,lex_compare_nil;lex_compare_nil_is_null;is_null_lex_compare_nil;lex_compare_nil_eq;lex_compare;lex_compare_null_left;lex_compare_nil_left;lex_compare_nil_right,1,lex_compare_nil,7,lib/LinalgExt.v:78;lib/LinalgExt.v:102;lib/LinalgExt.v:103;src/PrepareCodegen.v:683;src/PrepareCodegen.v:692;src/PrepareCodegen.v:695;src/PrepareCodegen.v:697,0,,True,lib/Linalg.v:806,True,True,"{""apply"": 0, ""assert"": 0, ""auto"": 0, ""destruct"": 0, ""eapply"": 0, ""eauto"": 0, ""firstorder"": 0, ""inversion"": 0, ""lia"": 0, ""nia"": 0, ""pose proof"": 0, ""repeat"": 0, ""rewrite"": 0, ""ring"": 0, ""specialize"": 0, ""subst"": 0, ""unfold"": 0}",lexicographic comparison,Linalg,explicit external token use; declaration name is repository-unique,retain in current owner,No duplicate or ownership mismatch identified in this audit.
lex_compare_nil_is_null,Lemma,,812,818,7,814,818,5,2,lex_compare_nil_eq;lex_compare_null_left,2,is_null;lex_compare_nil,2,lib/LinalgExt.v:32;lib/LinalgExt.v:53,0,,True,lib/Linalg.v:812,True,True,"{""apply"": 0, ""assert"": 0, ""auto"": 2, ""destruct"": 1, ""eapply"": 0, ""eauto"": 0, ""firstorder"": 0, ""inversion"": 0, ""lia"": 0, ""nia"": 0, ""pose proof"": 0, ""repeat"": 0, ""rewrite"": 1, ""ring"": 0, ""specialize"": 0, ""subst"": 0, ""unfold"": 0}",lexicographic comparison,Linalg,explicit external token use; declaration name is repository-unique,retain in current owner,No duplicate or ownership mismatch identified in this audit.
is_null_lex_compare_nil,Lemma,,820,830,11,822,830,9,0,,2,is_null;lex_compare_nil,3,lib/LinalgExt.v:40;lib/LinalgExt.v:77;src/PrepareCodegen.v:688,0,,True,lib/Linalg.v:820,True,True,"{""apply"": 0, ""assert"": 0, ""auto"": 1, ""destruct"": 1, ""eapply"": 1, ""eauto"": 0, ""firstorder"": 0, ""inversion"": 0, ""lia"": 0, ""nia"": 0, ""pose proof"": 0, ""repeat"": 0, ""rewrite"": 0, ""ring"": 0, ""specialize"": 0, ""subst"": 0, ""unfold"": 0}",lexicographic comparison,Linalg,explicit external token use; declaration name is repository-unique,retain in current owner,No duplicate or ownership mismatch identified in this audit.
lex_compare_nil_eq,Lemma,,832,841,10,834,841,8,1,lex_compare_left_eq,5,is_eq;is_eq_veq;is_eq_nil_left;lex_compare_nil;lex_compare_nil_is_null,0,,0,,True,lib/Linalg.v:832,False,True,"{""apply"": 0, ""assert"": 0, ""auto"": 4, ""destruct"": 3, ""eapply"": 0, ""eauto"": 0, ""firstorder"": 0, ""inversion"": 0, ""lia"": 0, ""nia"": 0, ""pose proof"": 0, ""repeat"": 0, ""rewrite"": 5, ""ring"": 0, ""specialize"": 0, ""subst"": 0, ""unfold"": 0}",lexicographic comparison,Linalg,internal dependency of an externally referenced declaration,retain in current owner,No duplicate or ownership mismatch identified in this audit.
lex_compare,Fixpoint,,843,849,7,,,0,12,lex_compare;lex_compare_antisym;lex_compare_null_left;lex_compare_nil_left;lex_compare_nil_right;lex_compare_left_eq;lex_compare_right_eq;lex_compare_proper;lex_compare_app;lex_compare_reflexive;lex_app_not_gt;lex_compare_lt_head,2,lex_compare_nil;lex_compare,193,lib/LinalgExt.v:20;lib/LinalgExt.v:104;lib/LinalgExt.v:156;lib/LinalgExt.v:157;lib/LinalgExt.v:158;lib/LinalgExt.v:519;lib/LinalgExt.v:519;lib/LinalgExt.v:519;lib/LinalgExt.v:522;src/TilingRelation.v:2392;src/TilingRelation.v:2397;src/TilingRelation.v:2439;src/TilingRelation.v:2447;src/Extractor.v:3799;src/Extractor.v:3812;src/Extractor.v:3923;src/Extractor.v:3956;src/Extractor.v:4111;src/Extractor.v:4152;src/Extractor.v:5279;src/Extractor.v:6000;src/Extractor.v:6041;src/PolyBase.v:564;src/PolyBase.v:682;src/PolyBase.v:823;src/PolyBase.v:936;src/PolyBase.v:1137;src/PolyBase.v:1319;src/PolyBase.v:1428;src/PolyBase.v:1598;src/PolyBase.v:1993;src/PolyBase.v:1994;src/TilingBandMixedSecondValidator.v:835;src/TilingBandMixedSecondValidator.v:844;src/TilingBandMixedSecondValidator.v:849;src/TilingBandMixedSecondValidator.v:852;src/TilingBandMixedSecondValidator.v:857;src/TilingBandMixedSecondValidator.v:1442;src/TilingBandMixedSecondValidator.v:1451;src/TilingBandMixedSecondValidator.v:1456;src/TilingBandMixedSecondValidator.v:1459;src/TilingBandMixedSecondValidator.v:1464;src/TilingBandMixedSecondValidator.v:1761;src/TilingBandMixedSecondValidator.v:1770;src/TilingBandMixedSecondValidator.v:1775;src/TilingBandMixedSecondValidator.v:1778;src/TilingBandMixedSecondValidator.v:1783;src/TilingBandMixedSecondValidator.v:2055;src/TilingBandMixedSecondValidator.v:2064;src/TilingBandMixedSecondValidator.v:2069;...+143,0,,True,lib/Linalg.v:843,True,True,"{""apply"": 0, ""assert"": 0, ""auto"": 0, ""destruct"": 0, ""eapply"": 0, ""eauto"": 0, ""firstorder"": 0, ""inversion"": 0, ""lia"": 0, ""nia"": 0, ""pose proof"": 0, ""repeat"": 0, ""rewrite"": 0, ""ring"": 0, ""specialize"": 0, ""subst"": 0, ""unfold"": 0}",lexicographic comparison,Linalg,explicit external token use; declaration name is repository-unique,retain in current owner,No duplicate or ownership mismatch identified in this audit.
lex_compare_antisym,Lemma,,851,859,9,853,859,7,1,lex_compare_right_eq,1,lex_compare,34,lib/LinalgExt.v:526;src/TilingRelation.v:2438;src/TilingRelation.v:2451;src/Extractor.v:3929;src/Extractor.v:3932;src/PolyBase.v:1159;src/PolyBase.v:1186;src/PolyBase.v:1204;src/PolyBase.v:1267;src/ISSCutSemantics.v:124;src/ISSCutSemantics.v:137;src/PolyLang.v:1970;src/PolyLang.v:4454;src/PolyLang.v:5440;src/PolyLang.v:5456;src/PolyLang.v:5523;src/PolyLang.v:5531;src/PolyLang.v:5553;src/PolyLang.v:5561;src/PolyLang.v:5924;src/PolyLang.v:5932;src/PolyLang.v:5994;src/PolyLang.v:6002;src/PolyLang.v:6071;src/PolyLang.v:6078;src/PolyLang.v:6100;src/PolyLang.v:6107;src/PolyLang.v:6591;src/PolyLang.v:6597;src/PolyLang.v:6636;src/PolyLang.v:6642;polygen/InstanceListSema.v:213;polygen/InstanceListSema.v:237;polygen/InstanceListSema.v:242,0,,True,lib/Linalg.v:851,True,True,"{""apply"": 0, ""assert"": 0, ""auto"": 3, ""destruct"": 3, ""eapply"": 0, ""eauto"": 0, ""firstorder"": 0, ""inversion"": 0, ""lia"": 0, ""nia"": 0, ""pose proof"": 0, ""repeat"": 0, ""rewrite"": 2, ""ring"": 0, ""specialize"": 0, ""subst"": 0, ""unfold"": 0}",lexicographic comparison,Linalg,explicit external token use; declaration name is repository-unique,retain in current owner,No duplicate or ownership mismatch identified in this audit.
lex_compare_null_left,Lemma,,861,869,9,863,869,7,1,lex_compare_left_eq,4,is_null;lex_compare_nil;lex_compare_nil_is_null;lex_compare,0,,0,,True,lib/Linalg.v:861,False,True,"{""apply"": 0, ""assert"": 0, ""auto"": 3, ""destruct"": 3, ""eapply"": 0, ""eauto"": 0, ""firstorder"": 0, ""inversion"": 0, ""lia"": 0, ""nia"": 0, ""pose proof"": 0, ""repeat"": 0, ""rewrite"": 3, ""ring"": 0, ""specialize"": 0, ""subst"": 0, ""unfold"": 0}",lexicographic comparison,Linalg,internal dependency of an externally referenced declaration,retain in current owner,No duplicate or ownership mismatch identified in this audit.
lex_compare_nil_left,Lemma,,871,875,5,873,875,3,1,lex_compare_left_eq,2,lex_compare_nil;lex_compare,4,lib/LinalgExt.v:276;lib/LinalgExt.v:279;lib/LinalgExt.v:414;lib/LinalgExt.v:417,0,,True,lib/Linalg.v:871,True,True,"{""apply"": 0, ""assert"": 0, ""auto"": 1, ""destruct"": 1, ""eapply"": 0, ""eauto"": 0, ""firstorder"": 0, ""inversion"": 0, ""lia"": 0, ""nia"": 0, ""pose proof"": 0, ""repeat"": 0, ""rewrite"": 0, ""ring"": 0, ""specialize"": 0, ""subst"": 0, ""unfold"": 0}",lexicographic comparison,Linalg,explicit external token use; declaration name is repository-unique,retain in current owner,No duplicate or ownership mismatch identified in this audit.
lex_compare_nil_right,Lemma,,877,881,5,879,881,3,0,,2,lex_compare_nil;lex_compare,8,lib/LinalgExt.v:254;lib/LinalgExt.v:257;lib/LinalgExt.v:392;lib/LinalgExt.v:395;src/PolyBase.v:875;src/PolyBase.v:914;src/PolyBase.v:980;src/PolyBase.v:1010,0,,True,lib/Linalg.v:877,True,True,"{""apply"": 0, ""assert"": 0, ""auto"": 1, ""destruct"": 1, ""eapply"": 0, ""eauto"": 0, ""firstorder"": 0, ""inversion"": 0, ""lia"": 0, ""nia"": 0, ""pose proof"": 0, ""repeat"": 0, ""rewrite"": 0, ""ring"": 0, ""specialize"": 0, ""subst"": 0, ""unfold"": 0}",lexicographic comparison,Linalg,explicit external token use; declaration name is repository-unique,retain in current owner,No duplicate or ownership mismatch identified in this audit.
lex_compare_left_eq,Lemma,,883,894,12,885,894,10,2,lex_compare_right_eq;lex_compare_proper,7,is_eq;is_eq_veq;is_eq_nil_left;lex_compare_nil_eq;lex_compare;lex_compare_null_left;lex_compare_nil_left,28,lib/LinalgExt.v:167;lib/LinalgExt.v:237;src/TilingRelation.v:2470;src/TilingBandMixedSecondValidator.v:860;src/TilingBandMixedSecondValidator.v:1467;src/TilingBandMixedSecondValidator.v:1786;src/TilingBandMixedSecondValidator.v:2080;src/TilingBandMixedSecondValidator.v:2691;src/TilingBandScheduleValidator.v:8200;src/TilingBandScheduleValidator.v:8233;src/TilingBandScheduleValidator.v:16548;src/TilingBandScheduleValidator.v:16561;src/TilingBandScheduleValidator.v:26017;src/TilingBandScheduleValidator.v:28225;src/PrepareCodegen.v:727;src/TilingBandPhaseScalarValidator.v:1455;src/TilingBandPhaseScalarValidator.v:1564;src/ISSCutSemantics.v:156;src/PolyLang.v:1831;src/PolyLang.v:1988;src/PolyLang.v:2000;src/PolyLang.v:4472;src/PolyLang.v:4484;src/PolyLang.v:5323;src/PolyLang.v:5367;src/PolyLang.v:5582;src/PolyLang.v:5600;polygen/InstanceListSema.v:90,0,,True,lib/Linalg.v:883,True,True,"{""apply"": 0, ""assert"": 0, ""auto"": 4, ""destruct"": 3, ""eapply"": 0, ""eauto"": 1, ""firstorder"": 0, ""inversion"": 0, ""lia"": 0, ""nia"": 0, ""pose proof"": 0, ""repeat"": 0, ""rewrite"": 7, ""ring"": 0, ""specialize"": 0, ""subst"": 0, ""unfold"": 0}",lexicographic comparison,Linalg,explicit external token use; declaration name is repository-unique,retain in current owner,No duplicate or ownership mismatch identified in this audit.
lex_compare_right_eq,Lemma,,896,902,7,898,902,5,1,lex_compare_proper,4,is_eq;lex_compare;lex_compare_antisym;lex_compare_left_eq,26,src/TilingRelation.v:2489;src/TilingBandMixedSecondValidator.v:861;src/TilingBandMixedSecondValidator.v:1468;src/TilingBandMixedSecondValidator.v:1787;src/TilingBandMixedSecondValidator.v:2081;src/TilingBandMixedSecondValidator.v:2692;src/TilingBandScheduleValidator.v:8202;src/TilingBandScheduleValidator.v:8235;src/TilingBandScheduleValidator.v:16549;src/TilingBandScheduleValidator.v:16562;src/TilingBandScheduleValidator.v:26019;src/TilingBandScheduleValidator.v:28227;src/PrepareCodegen.v:745;src/TilingBandPhaseScalarValidator.v:1456;src/TilingBandPhaseScalarValidator.v:1565;src/ISSCutSemantics.v:175;src/PolyLang.v:1827;src/PolyLang.v:1989;src/PolyLang.v:2001;src/PolyLang.v:4473;src/PolyLang.v:4485;src/PolyLang.v:5314;src/PolyLang.v:5358;src/PolyLang.v:5619;src/PolyLang.v:5638;polygen/InstanceListSema.v:86,0,,True,lib/Linalg.v:896,True,True,"{""apply"": 1, ""assert"": 0, ""auto"": 1, ""destruct"": 0, ""eapply"": 0, ""eauto"": 0, ""firstorder"": 0, ""inversion"": 0, ""lia"": 0, ""nia"": 0, ""pose proof"": 0, ""repeat"": 0, ""rewrite"": 2, ""ring"": 0, ""specialize"": 0, ""subst"": 0, ""unfold"": 0}",lexicographic comparison,Linalg,explicit external token use; declaration name is repository-unique,retain in current owner,No duplicate or ownership mismatch identified in this audit.
lex_compare_proper,Instance,,904,910,7,905,910,6,0,,5,veq;is_eq_veq;lex_compare;lex_compare_left_eq;lex_compare_right_eq,0,,0,,True,lib/Linalg.v:904,False,False,"{""apply"": 2, ""assert"": 0, ""auto"": 0, ""destruct"": 0, ""eapply"": 0, ""eauto"": 0, ""firstorder"": 0, ""inversion"": 0, ""lia"": 0, ""nia"": 0, ""pose proof"": 0, ""repeat"": 0, ""rewrite"": 2, ""ring"": 0, ""specialize"": 0, ""subst"": 0, ""unfold"": 0}",lexicographic comparison,Linalg,no current repository token caller or root-closure path; external clients not ruled out,retain in current owner,No duplicate or ownership mismatch identified in this audit.
lex_compare_app,Lemma,,912,921,10,915,921,7,1,lex_app_not_gt,1,lex_compare,28,src/TilingBandScheduleValidator.v:6732;src/TilingBandScheduleValidator.v:6762;src/TilingBandScheduleValidator.v:6998;src/TilingBandScheduleValidator.v:7000;src/TilingBandScheduleValidator.v:7103;src/TilingBandScheduleValidator.v:7300;src/TilingBandScheduleValidator.v:7303;src/TilingBandScheduleValidator.v:7410;src/TilingBandScheduleValidator.v:7459;src/TilingBandScheduleValidator.v:7461;src/TilingBandScheduleValidator.v:7465;src/TilingBandScheduleValidator.v:7467;src/TilingBandScheduleValidator.v:7470;src/TilingBandScheduleValidator.v:7477;src/TilingBandScheduleValidator.v:7479;src/TilingBandScheduleValidator.v:7483;src/TilingBandScheduleValidator.v:7486;src/TilingBandScheduleValidator.v:7613;src/TilingBandScheduleValidator.v:7615;src/TilingBandScheduleValidator.v:7618;src/TilingBandScheduleValidator.v:8121;src/TilingBandScheduleValidator.v:22899;src/TilingBandScheduleValidator.v:22910;src/TilingBandScheduleValidator.v:22912;src/TilingBandScheduleValidator.v:22917;src/TilingBandScheduleValidator.v:22919;src/PolyLang.v:7475;polygen/ASTGen.v:746,0,,True,lib/Linalg.v:912,True,True,"{""apply"": 0, ""assert"": 0, ""auto"": 3, ""destruct"": 3, ""eapply"": 0, ""eauto"": 0, ""firstorder"": 0, ""inversion"": 0, ""lia"": 3, ""nia"": 0, ""pose proof"": 0, ""repeat"": 0, ""rewrite"": 1, ""ring"": 0, ""specialize"": 0, ""subst"": 0, ""unfold"": 0}",lexicographic comparison,Linalg,explicit external token use; declaration name is repository-unique,retain in current owner,No duplicate or ownership mismatch identified in this audit.
lex_compare_reflexive,Lemma,,923,931,9,925,927,3,1,lex_app_not_gt,1,lex_compare,40,src/TilingRelation.v:2430;src/TilingBandScheduleValidator.v:1009;src/TilingBandScheduleValidator.v:1039;src/TilingBandScheduleValidator.v:1471;src/TilingBandScheduleValidator.v:6999;src/TilingBandScheduleValidator.v:7104;src/TilingBandScheduleValidator.v:7123;src/TilingBandScheduleValidator.v:7411;src/TilingBandScheduleValidator.v:7460;src/TilingBandScheduleValidator.v:7462;src/TilingBandScheduleValidator.v:7466;src/TilingBandScheduleValidator.v:7469;src/TilingBandScheduleValidator.v:7471;src/TilingBandScheduleValidator.v:7478;src/TilingBandScheduleValidator.v:7614;src/TilingBandScheduleValidator.v:22900;src/TilingBandScheduleValidator.v:22911;src/TilingBandScheduleValidator.v:22913;src/TilingBandScheduleValidator.v:22918;src/PrepareCodegen.v:769;src/ISSCutSemantics.v:116;src/PolyLang.v:1930;src/PolyLang.v:1950;src/PolyLang.v:1965;src/PolyLang.v:3129;src/PolyLang.v:3157;src/PolyLang.v:3638;src/PolyLang.v:4413;src/PolyLang.v:4434;src/PolyLang.v:4449;src/PolyLang.v:5470;src/PolyLang.v:5480;src/PolyLang.v:7478;src/ParallelValidator.v:1153;src/ParallelValidator.v:1188;polygen/ASTGen.v:126;polygen/ASTGen.v:624;polygen/ASTGen.v:647;polygen/ASTGen.v:746;polygen/InstanceListSema.v:210,0,,True,lib/Linalg.v:923,True,True,"{""apply"": 0, ""assert"": 0, ""auto"": 1, ""destruct"": 0, ""eapply"": 0, ""eauto"": 0, ""firstorder"": 0, ""inversion"": 0, ""lia"": 0, ""nia"": 0, ""pose proof"": 0, ""repeat"": 0, ""rewrite"": 1, ""ring"": 0, ""specialize"": 0, ""subst"": 0, ""unfold"": 0}",lexicographic comparison,Linalg,explicit external token use; declaration name is repository-unique,retain in current owner,No duplicate or ownership mismatch identified in this audit.
affine_product,Definition,,933,933,1,,,0,6,affine_product_nil_l_eq_nil;affine_product_proper;matrix_product;test_matrix_product_assoc;affine_product_eq_add_vector;matrix_product_assoc,1,dot_product,647,src/TilingRelation.v:441;src/TilingRelation.v:446;src/TilingRelation.v:705;src/TilingRelation.v:708;src/TilingRelation.v:1866;src/TilingRelation.v:1945;src/TilingRelation.v:2124;src/TilingRelation.v:2129;src/TilingRelation.v:2156;src/TilingRelation.v:2161;src/TilingRelation.v:2248;src/TilingRelation.v:2268;src/TilingRelation.v:2629;src/TilingRelation.v:4732;src/TilingRelation.v:4912;src/TilingRelation.v:5027;src/TilingRelation.v:5048;src/TilingRelation.v:5633;src/TilingRelation.v:5648;src/TilingRelation.v:5663;src/Extractor.v:250;src/Extractor.v:386;src/Extractor.v:387;src/Extractor.v:399;src/Extractor.v:400;src/Extractor.v:418;src/Extractor.v:428;src/Extractor.v:439;src/Extractor.v:439;src/Extractor.v:439;src/Extractor.v:442;src/Extractor.v:449;src/Extractor.v:450;src/Extractor.v:461;src/Extractor.v:462;src/Extractor.v:550;src/Extractor.v:550;src/Extractor.v:612;src/Extractor.v:612;src/Extractor.v:659;src/Extractor.v:671;src/Extractor.v:2300;src/Extractor.v:2355;src/Extractor.v:2360;src/Extractor.v:2381;src/Extractor.v:2397;src/Extractor.v:2469;src/Extractor.v:2474;src/Extractor.v:2549;src/Extractor.v:2572;...+597,0,,True,lib/Linalg.v:933,True,True,"{""apply"": 0, ""assert"": 0, ""auto"": 0, ""destruct"": 0, ""eapply"": 0, ""eauto"": 0, ""firstorder"": 0, ""inversion"": 0, ""lia"": 0, ""nia"": 0, ""pose proof"": 0, ""repeat"": 0, ""rewrite"": 0, ""ring"": 0, ""specialize"": 0, ""subst"": 0, ""unfold"": 0}",affine and matrix products,Linalg,explicit external token use; declaration name is repository-unique,retain in current owner,No duplicate or ownership mismatch identified in this audit.
affine_product_nil_l_eq_nil,Lemma,,935,940,6,938,940,3,0,,1,affine_product,7,src/PolyBase.v:1155;src/PolyBase.v:1185;src/PolyBase.v:1201;src/PolyBase.v:1263;src/PolyBase.v:1446;src/PolyBase.v:1486;src/PolyBase.v:1545,0,,True,lib/Linalg.v:935,True,True,"{""apply"": 0, ""assert"": 0, ""auto"": 0, ""destruct"": 0, ""eapply"": 0, ""eauto"": 0, ""firstorder"": 0, ""inversion"": 0, ""lia"": 0, ""nia"": 0, ""pose proof"": 0, ""repeat"": 0, ""rewrite"": 0, ""ring"": 0, ""specialize"": 0, ""subst"": 0, ""unfold"": 0}",affine and matrix products,Linalg,explicit external token use; declaration name is repository-unique,retain in current owner,No duplicate or ownership mismatch identified in this audit.
affine_product_proper,Instance,,942,946,5,943,946,4,0,,2,veq;affine_product,2,src/PrepareCodegen.v:475;src/PolyLang.v:7286,0,,True,lib/Linalg.v:942,True,True,"{""apply"": 1, ""assert"": 0, ""auto"": 0, ""destruct"": 0, ""eapply"": 0, ""eauto"": 0, ""firstorder"": 0, ""inversion"": 0, ""lia"": 0, ""nia"": 0, ""pose proof"": 0, ""repeat"": 0, ""rewrite"": 2, ""ring"": 0, ""specialize"": 0, ""subst"": 0, ""unfold"": 1}",affine and matrix products,Linalg,explicit external token use; declaration name is repository-unique,retain in current owner,No duplicate or ownership mismatch identified in this audit.
exact_listzzs_cols,Definition,,948,954,7,,,0,4,matrix_product_assoc;matrix_product_cols_0;matrix_product_cols;check_listzzs_cols_correct,0,,201,src/StrengthenDomain.v:189;src/StrengthenDomain.v:190;src/StrengthenDomain.v:216;src/StrengthenDomain.v:217;src/StrengthenDomain.v:243;src/StrengthenDomain.v:258;src/StrengthenDomain.v:259;src/StrengthenDomain.v:260;src/StrengthenDomain.v:287;src/PolyBase.v:562;src/PolyBase.v:602;src/PolyBase.v:821;src/PolyBase.v:860;src/PolyBase.v:1135;src/PolyBase.v:1231;src/PolyBase.v:1243;src/PolyBase.v:1284;src/PolyBase.v:1300;src/PolyBase.v:1318;src/PolyBase.v:1426;src/PolyBase.v:1513;src/PolyBase.v:1529;src/PolyBase.v:1562;src/PolyBase.v:1578;src/PolyBase.v:1597;src/PolyBase.v:1646;src/PolyBase.v:1673;src/PolyBase.v:1892;src/PolyBase.v:1931;src/PolyBase.v:1948;src/PolyBase.v:1958;src/PolyBase.v:1992;src/PolyBase.v:2071;src/PolyBase.v:2090;src/PolyBase.v:2115;src/PolyBase.v:2218;src/TilingBandMixedSecondValidator.v:1363;src/TilingBandMixedSecondValidator.v:2601;src/TilingBandScheduleValidator.v:4013;src/TilingBandScheduleValidator.v:4015;src/TilingBandScheduleValidator.v:4062;src/TilingBandScheduleValidator.v:4063;src/TilingBandScheduleValidator.v:4072;src/TilingBandScheduleValidator.v:4073;src/TilingBandScheduleValidator.v:4088;src/TilingBandScheduleValidator.v:4089;src/TilingBandScheduleValidator.v:4090;src/TilingBandScheduleValidator.v:4101;src/TilingBandScheduleValidator.v:4102;src/TilingBandScheduleValidator.v:4119;...+151,0,,True,lib/Linalg.v:948,True,True,"{""apply"": 0, ""assert"": 0, ""auto"": 0, ""destruct"": 0, ""eapply"": 0, ""eauto"": 0, ""firstorder"": 0, ""inversion"": 0, ""lia"": 0, ""nia"": 0, ""pose proof"": 0, ""repeat"": 0, ""rewrite"": 0, ""ring"": 0, ""specialize"": 0, ""subst"": 0, ""unfold"": 0}",affine and matrix products,Linalg,explicit external token use; declaration name is repository-unique,retain and extend nearby API,"Add head, tail, cons, and append facts to stop consumers unfolding this predicate."
separate,Definition,,955,956,2,,,0,1,matrix_product,0,,0,,0,,True,lib/Linalg.v:955,False,True,"{""apply"": 0, ""assert"": 0, ""auto"": 0, ""destruct"": 0, ""eapply"": 0, ""eauto"": 0, ""firstorder"": 0, ""inversion"": 0, ""lia"": 0, ""nia"": 0, ""pose proof"": 0, ""repeat"": 0, ""rewrite"": 0, ""ring"": 0, ""specialize"": 0, ""subst"": 0, ""unfold"": 0}",affine and matrix products,Linalg,internal dependency of an externally referenced declaration,retain in current owner,No duplicate or ownership mismatch identified in this audit.
matrix_product_pure,Definition,,958,961,4,,,0,3,test_matrix_product_pure;matrix_product;matrix_product_pure_cols,1,dot_product,0,,0,,True,lib/Linalg.v:958,False,True,"{""apply"": 0, ""assert"": 0, ""auto"": 0, ""destruct"": 0, ""eapply"": 0, ""eauto"": 0, ""firstorder"": 0, ""inversion"": 0, ""lia"": 0, ""nia"": 0, ""pose proof"": 0, ""repeat"": 0, ""rewrite"": 0, ""ring"": 0, ""specialize"": 0, ""subst"": 0, ""unfold"": 0}",affine and matrix products,Linalg,internal dependency of an externally referenced declaration,retain in current owner,No duplicate or ownership mismatch identified in this audit.
test_matrix_product_pure,Example,,963,965,3,965,965,1,0,,1,matrix_product_pure,0,,0,,True,lib/Linalg.v:963,False,False,"{""apply"": 0, ""assert"": 0, ""auto"": 0, ""destruct"": 0, ""eapply"": 0, ""eauto"": 0, ""firstorder"": 0, ""inversion"": 0, ""lia"": 0, ""nia"": 0, ""pose proof"": 0, ""repeat"": 0, ""rewrite"": 0, ""ring"": 0, ""specialize"": 0, ""subst"": 0, ""unfold"": 0}",affine and matrix products,Linalg,no current repository token caller or root-closure path; external clients not ruled out,make Local or move to tests,"Executable example, not public linear-algebra API."
matrix_product,Definition,,967,973,7,,,0,5,test_matrix_product;test_matrix_product_assoc;matrix_product_assoc;matrix_product_cols_0;matrix_product_cols,3,affine_product;separate;matrix_product_pure,2,src/AffineValidator.v:479;src/WitnessedPolyLangDesign.v:46,0,,True,lib/Linalg.v:967,True,True,"{""apply"": 0, ""assert"": 0, ""auto"": 0, ""destruct"": 0, ""eapply"": 0, ""eauto"": 0, ""firstorder"": 0, ""inversion"": 0, ""lia"": 0, ""nia"": 0, ""pose proof"": 0, ""repeat"": 0, ""rewrite"": 0, ""ring"": 0, ""specialize"": 0, ""subst"": 0, ""unfold"": 0}",affine and matrix products,Linalg,explicit external token use; declaration name is repository-unique,retain in current owner,No duplicate or ownership mismatch identified in this audit.
sample_matrix_1,Definition,,975,975,1,,,0,2,test_matrix_product;test_matrix_product_assoc,0,,0,,0,,True,lib/Linalg.v:975,False,False,"{""apply"": 0, ""assert"": 0, ""auto"": 0, ""destruct"": 0, ""eapply"": 0, ""eauto"": 0, ""firstorder"": 0, ""inversion"": 0, ""lia"": 0, ""nia"": 0, ""pose proof"": 0, ""repeat"": 0, ""rewrite"": 0, ""ring"": 0, ""specialize"": 0, ""subst"": 0, ""unfold"": 0}",affine and matrix products,Linalg,no current repository token caller or root-closure path; external clients not ruled out,retain in current owner,No duplicate or ownership mismatch identified in this audit.
sample_matrix_2,Definition,,976,976,1,,,0,2,test_matrix_product;test_matrix_product_assoc,0,,0,,0,,True,lib/Linalg.v:976,False,False,"{""apply"": 0, ""assert"": 0, ""auto"": 0, ""destruct"": 0, ""eapply"": 0, ""eauto"": 0, ""firstorder"": 0, ""inversion"": 0, ""lia"": 0, ""nia"": 0, ""pose proof"": 0, ""repeat"": 0, ""rewrite"": 0, ""ring"": 0, ""specialize"": 0, ""subst"": 0, ""unfold"": 0}",affine and matrix products,Linalg,no current repository token caller or root-closure path; external clients not ruled out,retain in current owner,No duplicate or ownership mismatch identified in this audit.
sample_vector,Definition,,977,977,1,,,0,1,test_matrix_product_assoc,0,,0,,0,,True,lib/Linalg.v:977,False,False,"{""apply"": 0, ""assert"": 0, ""auto"": 0, ""destruct"": 0, ""eapply"": 0, ""eauto"": 0, ""firstorder"": 0, ""inversion"": 0, ""lia"": 0, ""nia"": 0, ""pose proof"": 0, ""repeat"": 0, ""rewrite"": 0, ""ring"": 0, ""specialize"": 0, ""subst"": 0, ""unfold"": 0}",affine and matrix products,Linalg,no current repository token caller or root-closure path; external clients not ruled out,retain in current owner,No duplicate or ownership mismatch identified in this audit.
test_matrix_product,Example,,979,984,6,982,984,3,0,,3,matrix_product;sample_matrix_1;sample_matrix_2,0,,0,,True,lib/Linalg.v:979,False,False,"{""apply"": 0, ""assert"": 0, ""auto"": 0, ""destruct"": 0, ""eapply"": 0, ""eauto"": 0, ""firstorder"": 0, ""inversion"": 0, ""lia"": 0, ""nia"": 0, ""pose proof"": 0, ""repeat"": 0, ""rewrite"": 0, ""ring"": 0, ""specialize"": 0, ""subst"": 0, ""unfold"": 1}",affine and matrix products,Linalg,no current repository token caller or root-closure path; external clients not ruled out,make Local or move to tests,"Executable example, not public linear-algebra API."
test_matrix_product_assoc,Example,,986,991,6,991,991,1,0,,5,affine_product;matrix_product;sample_matrix_1;sample_matrix_2;sample_vector,0,,0,,True,lib/Linalg.v:986,False,False,"{""apply"": 0, ""assert"": 0, ""auto"": 0, ""destruct"": 0, ""eapply"": 0, ""eauto"": 0, ""firstorder"": 0, ""inversion"": 0, ""lia"": 0, ""nia"": 0, ""pose proof"": 0, ""repeat"": 0, ""rewrite"": 0, ""ring"": 0, ""specialize"": 0, ""subst"": 0, ""unfold"": 0}",affine and matrix products,Linalg,no current repository token caller or root-closure path; external clients not ruled out,make Local or move to tests,"Executable example, not public linear-algebra API."
affine_product_eq_add_vector,Lemma,,993,1005,13,997,1005,9,1,matrix_product_assoc,3,dot_product;add_vector;affine_product,0,,0,,True,lib/Linalg.v:993,False,True,"{""apply"": 0, ""assert"": 0, ""auto"": 0, ""destruct"": 0, ""eapply"": 0, ""eauto"": 0, ""firstorder"": 0, ""inversion"": 0, ""lia"": 0, ""nia"": 0, ""pose proof"": 0, ""repeat"": 0, ""rewrite"": 1, ""ring"": 0, ""specialize"": 0, ""subst"": 0, ""unfold"": 0}",affine and matrix products,Linalg,internal dependency of an externally referenced declaration,retain in current owner,No duplicate or ownership mismatch identified in this audit.
map_to_zero_eq_repeat_length,Lemma,,1007,1014,8,1010,1014,5,1,dot_product_aBp_assoc,0,,0,,0,,True,lib/Linalg.v:1007,False,True,"{""apply"": 0, ""assert"": 0, ""auto"": 0, ""destruct"": 0, ""eapply"": 0, ""eauto"": 0, ""firstorder"": 0, ""inversion"": 0, ""lia"": 0, ""nia"": 0, ""pose proof"": 0, ""repeat"": 0, ""rewrite"": 0, ""ring"": 0, ""specialize"": 0, ""subst"": 0, ""unfold"": 0}",affine and matrix products,Linalg,internal dependency of an externally referenced declaration,retain in current owner,No duplicate or ownership mismatch identified in this audit.
dot_product_zip_with,Lemma,,1016,1050,35,1030,1050,21,1,dot_product_aBp_assoc,1,dot_product,0,,0,,True,lib/Linalg.v:1016,False,True,"{""apply"": 0, ""assert"": 1, ""auto"": 0, ""destruct"": 4, ""eapply"": 0, ""eauto"": 1, ""firstorder"": 0, ""inversion"": 1, ""lia"": 4, ""nia"": 0, ""pose proof"": 0, ""repeat"": 0, ""rewrite"": 2, ""ring"": 0, ""specialize"": 0, ""subst"": 2, ""unfold"": 1}",affine and matrix products,Linalg,internal dependency of an externally referenced declaration,retain in current owner,No duplicate or ownership mismatch identified in this audit.
dot_product_aBp_assoc,Lemma,,1052,1095,44,1057,1095,39,1,matrix_product_assoc,5,dot_product;dot_product_nil_right;dot_product_repeat_zero_left;map_to_zero_eq_repeat_length;dot_product_zip_with,0,,0,,True,lib/Linalg.v:1052,False,True,"{""apply"": 0, ""assert"": 1, ""auto"": 0, ""destruct"": 2, ""eapply"": 5, ""eauto"": 0, ""firstorder"": 0, ""inversion"": 0, ""lia"": 1, ""nia"": 0, ""pose proof"": 3, ""repeat"": 0, ""rewrite"": 7, ""ring"": 0, ""specialize"": 0, ""subst"": 2, ""unfold"": 0}",affine and matrix products,Linalg,internal dependency of an externally referenced declaration,retain; add phase comments,Substantive algebraic bridge from transpose columns to row products; no low-risk extraction beyond naming the empty-row case.
map_fst_in,Lemma,,1097,1115,19,1101,1115,15,1,matrix_product_assoc,0,,0,,0,,True,lib/Linalg.v:1097,False,True,"{""apply"": 0, ""assert"": 0, ""auto"": 0, ""destruct"": 3, ""eapply"": 1, ""eauto"": 2, ""firstorder"": 0, ""inversion"": 0, ""lia"": 0, ""nia"": 0, ""pose proof"": 0, ""repeat"": 0, ""rewrite"": 0, ""ring"": 0, ""specialize"": 0, ""subst"": 1, ""unfold"": 0}",affine and matrix products,ListExt (with Linalg wrapper if public compatibility matters),internal dependency of an externally referenced declaration,move implementation downward; keep wrapper,Generic list projection fact used only by matrix-product proofs; ListExt is the natural owner.
matrix_product_assoc,Lemma,,1117,1169,53,1121,1169,49,0,,7,add_vector_dot_product_distr_right;affine_product;exact_listzzs_cols;matrix_product;affine_product_eq_add_vector;dot_product_aBp_assoc;map_fst_in,1,src/AffineValidator.v:538,0,,True,lib/Linalg.v:1117,True,True,"{""apply"": 0, ""assert"": 2, ""auto"": 0, ""destruct"": 5, ""eapply"": 11, ""eauto"": 3, ""firstorder"": 0, ""inversion"": 0, ""lia"": 0, ""nia"": 0, ""pose proof"": 1, ""repeat"": 0, ""rewrite"": 7, ""ring"": 0, ""specialize"": 0, ""subst"": 1, ""unfold"": 3}",affine and matrix products,Linalg,explicit external token use; declaration name is repository-unique,retain; add phase comments,Central affine composition theorem; relies on the preceding dot-product bridge and matrix-width invariant.
matrix_product_pure_cols,Lemma,,1171,1201,31,1177,1201,25,1,matrix_product_cols,1,matrix_product_pure,0,,0,,True,lib/Linalg.v:1171,False,True,"{""apply"": 0, ""assert"": 0, ""auto"": 0, ""destruct"": 3, ""eapply"": 4, ""eauto"": 1, ""firstorder"": 0, ""inversion"": 0, ""lia"": 2, ""nia"": 0, ""pose proof"": 3, ""repeat"": 0, ""rewrite"": 5, ""ring"": 0, ""specialize"": 0, ""subst"": 1, ""unfold"": 1}",affine and matrix products,Linalg,internal dependency of an externally referenced declaration,retain in current owner,No duplicate or ownership mismatch identified in this audit.
matrix_product_cols_0,Lemma,,1203,1217,15,1206,1217,12,0,,2,exact_listzzs_cols;matrix_product,0,,0,,True,lib/Linalg.v:1203,False,False,"{""apply"": 0, ""assert"": 0, ""auto"": 0, ""destruct"": 0, ""eapply"": 0, ""eauto"": 1, ""firstorder"": 0, ""inversion"": 2, ""lia"": 0, ""nia"": 0, ""pose proof"": 0, ""repeat"": 0, ""rewrite"": 0, ""ring"": 0, ""specialize"": 0, ""subst"": 1, ""unfold"": 4}",affine and matrix products,Linalg,no current repository token caller or root-closure path; external clients not ruled out,retain in current owner,No duplicate or ownership mismatch identified in this audit.
matrix_product_cols,Lemma,,1219,1241,23,1224,1239,16,0,,3,exact_listzzs_cols;matrix_product;matrix_product_pure_cols,1,src/AffineValidator.v:519,0,,True,lib/Linalg.v:1219,True,True,"{""apply"": 0, ""assert"": 0, ""auto"": 0, ""destruct"": 2, ""eapply"": 3, ""eauto"": 2, ""firstorder"": 0, ""inversion"": 0, ""lia"": 0, ""nia"": 0, ""pose proof"": 0, ""repeat"": 0, ""rewrite"": 3, ""ring"": 0, ""specialize"": 0, ""subst"": 1, ""unfold"": 1}",affine and matrix products,Linalg,explicit external token use; declaration name is repository-unique,retain in current owner,No duplicate or ownership mismatch identified in this audit.
resize,Fixpoint,,1242,1246,5,,,0,34,resize;resize_length;resize_nil_null;resize_eq;resize_skipn_eq;resize_app;resize_app_le;resize_app_ge;resize_null_repeat;resize_eq_compat;resize_proper;resize_resize;resize_length_eq;nth_resize;resize_1;dot_product_app_left;dot_product_app_right;is_eq_app_left;is_eq_app_right;dot_product_resize_left;dot_product_resize_right;resize_succ;mult_vector_resize;assign;nrlength_def;nrlength_eq;nrlength_def_impl;firstn_eq_implies_resize_n_eq;dot_product_nrlength_right;dot_product_nrlength_left;satisfies_constraint_nrlength;in_poly_nrlength;poly_nrl_def;resize_poly,1,resize,145,src/Extractor.v:208;src/Extractor.v:263;src/Extractor.v:271;src/Extractor.v:496;src/Extractor.v:1082;src/Extractor.v:1124;src/PointWitness.v:106;src/PointWitness.v:110;src/PolyBase.v:2310;src/TilingBandScheduleValidator.v:4767;src/PrepareCodegen.v:38;src/PrepareCodegen.v:60;src/PrepareCodegen.v:117;src/PrepareCodegen.v:233;src/PrepareCodegen.v:234;src/PrepareCodegen.v:243;src/PrepareCodegen.v:251;src/PrepareCodegen.v:251;src/PrepareCodegen.v:253;src/PrepareCodegen.v:258;src/PrepareCodegen.v:258;src/PrepareCodegen.v:258;src/PrepareCodegen.v:262;src/PrepareCodegen.v:272;src/PrepareCodegen.v:273;src/PrepareCodegen.v:273;src/PrepareCodegen.v:274;src/PrepareCodegen.v:286;src/PrepareCodegen.v:286;src/PrepareCodegen.v:286;src/PrepareCodegen.v:288;src/PrepareCodegen.v:288;src/PrepareCodegen.v:288;src/PrepareCodegen.v:310;src/PrepareCodegen.v:310;src/PrepareCodegen.v:325;src/PrepareCodegen.v:350;src/PrepareCodegen.v:414;src/PrepareCodegen.v:441;src/PrepareCodegen.v:457;src/PrepareCodegen.v:496;src/PrepareCodegen.v:497;src/PrepareCodegen.v:550;src/PrepareCodegen.v:590;src/PrepareCodegen.v:607;src/PrepareCodegen.v:608;src/PrepareCodegen.v:612;src/PrepareCodegen.v:633;src/PrepareCodegen.v:846;src/PrepareCodegen.v:846;...+95,3,src/PolyLang.v:7226;src/PolyLang.v:7244;src/PolyLang.v:7250,True,lib/Linalg.v:1242,True,True,"{""apply"": 0, ""assert"": 0, ""auto"": 0, ""destruct"": 0, ""eapply"": 0, ""eauto"": 0, ""firstorder"": 0, ""inversion"": 0, ""lia"": 0, ""nia"": 0, ""pose proof"": 0, ""repeat"": 0, ""rewrite"": 0, ""ring"": 0, ""specialize"": 0, ""subst"": 0, ""unfold"": 0}",resize and lexicographic structural facts,Linalg,explicit external token use; declaration name is repository-unique,retain in current owner,No duplicate or ownership mismatch identified in this audit.
resize_length,Theorem,,1248,1254,7,1250,1252,3,7,resize_length;dot_product_app_left;is_eq_app_left;dot_product_assign_right;assign_assign;dot_product_nrlength_right;has_var_poly_nrl,2,resize;resize_length,63,src/Extractor.v:242;src/Extractor.v:600;src/Extractor.v:632;src/Extractor.v:1405;src/PolyBase.v:2300;src/PolyBase.v:2310;src/TilingBandScheduleValidator.v:4006;src/PrepareCodegen.v:164;src/PrepareCodegen.v:250;src/PrepareCodegen.v:271;src/PrepareCodegen.v:278;src/PrepareCodegen.v:293;src/PrepareCodegen.v:294;src/PrepareCodegen.v:532;src/PrepareCodegen.v:540;src/PrepareCodegen.v:627;src/PrepareCodegen.v:875;src/PrepareCodegen.v:888;src/PrepareCodegen.v:897;src/PrepareCodegen.v:1533;src/PrepareCodegen.v:1545;src/PrepareCodegen.v:1557;src/PolyLang.v:1313;src/PolyLang.v:1373;src/PolyLang.v:7058;src/PolyLang.v:7105;src/PolyLang.v:7211;src/PolyLang.v:7212;src/PolyLang.v:7218;src/PolyLang.v:7230;src/PolyLang.v:7238;src/PolyLang.v:7239;src/PolyLang.v:7248;src/PolyLang.v:7250;src/PolyLang.v:7288;src/PolyLang.v:7436;src/PolyLang.v:7437;src/PolyLang.v:7475;src/PolyLang.v:7476;src/PolyLang.v:7477;src/PolyLang.v:7503;src/PolyLang.v:7517;src/AffineValidator.v:1270;src/AffineValidator.v:1311;src/ParallelValidator.v:249;polygen/ASTGen.v:68;polygen/ASTGen.v:92;polygen/ASTGen.v:93;polygen/ASTGen.v:94;polygen/ASTGen.v:398;...+13,6,src/PolyLang.v:7211;src/PolyLang.v:7212;src/PolyLang.v:7218;src/PolyLang.v:7238;src/PolyLang.v:7239;src/PolyLang.v:7250,True,lib/Linalg.v:1248,True,True,"{""apply"": 0, ""assert"": 0, ""auto"": 1, ""destruct"": 1, ""eapply"": 0, ""eauto"": 0, ""firstorder"": 0, ""inversion"": 0, ""lia"": 0, ""nia"": 0, ""pose proof"": 0, ""repeat"": 0, ""rewrite"": 0, ""ring"": 0, ""specialize"": 0, ""subst"": 0, ""unfold"": 0}",resize and lexicographic structural facts,Linalg,explicit external token use; declaration name is repository-unique,retain in current owner,No duplicate or ownership mismatch identified in this audit.
resize_nil_null,Theorem,,1256,1262,7,1258,1260,3,5,resize_nil_null;resize_eq;resize_skipn_eq;nrlength_def;firstn_eq_implies_resize_n_eq,3,is_null;resize;resize_nil_null,1,src/PolyLang.v:7127,0,,True,lib/Linalg.v:1256,True,True,"{""apply"": 0, ""assert"": 0, ""auto"": 1, ""destruct"": 0, ""eapply"": 0, ""eauto"": 0, ""firstorder"": 0, ""inversion"": 0, ""lia"": 0, ""nia"": 0, ""pose proof"": 0, ""repeat"": 0, ""rewrite"": 0, ""ring"": 0, ""specialize"": 0, ""subst"": 0, ""unfold"": 0}",resize and lexicographic structural facts,Linalg,explicit external token use; declaration name is repository-unique,retain in current owner,No duplicate or ownership mismatch identified in this audit.
resize_eq,Theorem,,1264,1272,9,1266,1272,7,0,,3,is_eq_veq;resize;resize_nil_null,10,src/StrengthenDomain.v:251;src/PrepareCodegen.v:192;src/PrepareCodegen.v:334;src/PrepareCodegen.v:1627;src/PolyLang.v:7093;src/PolyLang.v:7441;src/PolyLang.v:7470;src/PolyLang.v:7480;polygen/ASTGen.v:121;polygen/ASTGen.v:122,0,,True,lib/Linalg.v:1264,True,True,"{""apply"": 1, ""assert"": 0, ""auto"": 0, ""destruct"": 2, ""eapply"": 0, ""eauto"": 0, ""firstorder"": 0, ""inversion"": 0, ""lia"": 2, ""nia"": 0, ""pose proof"": 0, ""repeat"": 0, ""rewrite"": 2, ""ring"": 0, ""specialize"": 0, ""subst"": 0, ""unfold"": 0}",resize and lexicographic structural facts,Linalg,explicit external token use; declaration name is repository-unique,retain in current owner,No duplicate or ownership mismatch identified in this audit.
resize_skipn_eq,Theorem,,1274,1282,9,1276,1282,7,4,dot_product_app_left;is_eq_app_left;lex_compare_lt_head;assign_id,3,is_eq_veq;resize;resize_nil_null,13,src/PrepareCodegen.v:282;src/PrepareCodegen.v:881;src/PrepareCodegen.v:894;src/PolyLang.v:7440;src/PolyLang.v:7469;src/PolyLang.v:7476;polygen/ASTGen.v:70;polygen/ASTGen.v:91;polygen/Projection.v:425;polygen/Projection.v:429;polygen/Projection.v:588;polygen/Projection.v:601;polygen/Projection.v:688,0,,True,lib/Linalg.v:1274,True,True,"{""apply"": 1, ""assert"": 0, ""auto"": 0, ""destruct"": 1, ""eapply"": 0, ""eauto"": 0, ""firstorder"": 0, ""inversion"": 0, ""lia"": 0, ""nia"": 0, ""pose proof"": 0, ""repeat"": 0, ""rewrite"": 3, ""ring"": 0, ""specialize"": 0, ""subst"": 0, ""unfold"": 0}",resize and lexicographic structural facts,Linalg,explicit external token use; declaration name is repository-unique,retain in current owner,No duplicate or ownership mismatch identified in this audit.
resize_app,Lemma,,1284,1292,9,1286,1292,7,1,assign_assign,1,resize,10,src/TilingRelation.v:714;src/TilingRelation.v:770;src/PolyLang.v:7565;src/PolyLang.v:7590;src/PolyLang.v:7610;polygen/PolyLoopSimpl.v:71;polygen/ASTGen.v:217;polygen/ASTGen.v:731;polygen/Projection.v:611;polygen/Projection.v:704,0,,True,lib/Linalg.v:1284,True,True,"{""apply"": 0, ""assert"": 0, ""auto"": 2, ""destruct"": 2, ""eapply"": 0, ""eauto"": 0, ""firstorder"": 0, ""inversion"": 0, ""lia"": 2, ""nia"": 0, ""pose proof"": 0, ""repeat"": 0, ""rewrite"": 1, ""ring"": 0, ""specialize"": 0, ""subst"": 0, ""unfold"": 0}",resize and lexicographic structural facts,Linalg,explicit external token use; declaration name is repository-unique,retain in current owner,No duplicate or ownership mismatch identified in this audit.
resize_app_le,Lemma,,1294,1300,7,1296,1300,5,1,assign_app_ge,1,resize,11,src/TilingBandScheduleValidator.v:4769;src/PrepareCodegen.v:1560;src/PolyLang.v:7091;src/PolyLang.v:7211;src/PolyLang.v:7217;src/PolyLang.v:7238;src/PolyLang.v:7574;src/ParallelValidator.v:503;polygen/ASTGen.v:92;polygen/ASTGen.v:515;polygen/Projection.v:566,3,src/PolyLang.v:7211;src/PolyLang.v:7217;src/PolyLang.v:7238,True,lib/Linalg.v:1294,True,True,"{""apply"": 0, ""assert"": 0, ""auto"": 1, ""destruct"": 2, ""eapply"": 0, ""eauto"": 0, ""firstorder"": 0, ""inversion"": 0, ""lia"": 2, ""nia"": 0, ""pose proof"": 0, ""repeat"": 0, ""rewrite"": 1, ""ring"": 0, ""specialize"": 0, ""subst"": 0, ""unfold"": 0}",resize and lexicographic structural facts,Linalg,explicit external token use; declaration name is repository-unique,retain in current owner,No duplicate or ownership mismatch identified in this audit.
resize_app_ge,Lemma,,1302,1308,7,1304,1308,5,1,assign_app_lt,1,resize,3,polygen/Projection.v:557;polygen/Projection.v:563;polygen/Projection.v:565,0,,True,lib/Linalg.v:1302,True,True,"{""apply"": 0, ""assert"": 0, ""auto"": 2, ""destruct"": 1, ""eapply"": 0, ""eauto"": 0, ""firstorder"": 0, ""inversion"": 0, ""lia"": 1, ""nia"": 0, ""pose proof"": 0, ""repeat"": 0, ""rewrite"": 1, ""ring"": 0, ""specialize"": 0, ""subst"": 0, ""unfold"": 0}",resize and lexicographic structural facts,Linalg,explicit external token use; declaration name is repository-unique,retain in current owner,No duplicate or ownership mismatch identified in this audit.
resize_null_repeat,Lemma,,1310,1319,10,1312,1319,8,0,,2,is_null;resize,6,src/TilingBandMixedSecondValidator.v:233;src/TilingBandScheduleValidator.v:4783;src/TilingBandScheduleValidator.v:25183;src/TilingBandPhaseScalarValidator.v:559;src/PolyLang.v:7132;src/ParallelValidator.v:517,0,,True,lib/Linalg.v:1310,True,True,"{""apply"": 0, ""assert"": 0, ""auto"": 3, ""destruct"": 2, ""eapply"": 0, ""eauto"": 0, ""firstorder"": 0, ""inversion"": 0, ""lia"": 0, ""nia"": 0, ""pose proof"": 0, ""repeat"": 0, ""rewrite"": 2, ""ring"": 0, ""specialize"": 0, ""subst"": 0, ""unfold"": 0}",resize and lexicographic structural facts,Linalg,explicit external token use; declaration name is repository-unique,retain in current owner,No duplicate or ownership mismatch identified in this audit.
resize_eq_compat,Lemma,,1321,1329,9,1323,1329,7,1,resize_proper,5,is_eq;is_eq_veq;is_eq_nil_left;is_eq_nil_right;resize,1,src/PrepareCodegen.v:848,0,,True,lib/Linalg.v:1321,True,True,"{""apply"": 1, ""assert"": 0, ""auto"": 4, ""destruct"": 3, ""eapply"": 0, ""eauto"": 0, ""firstorder"": 0, ""inversion"": 0, ""lia"": 0, ""nia"": 0, ""pose proof"": 0, ""repeat"": 0, ""rewrite"": 3, ""ring"": 0, ""specialize"": 0, ""subst"": 0, ""unfold"": 0}",resize and lexicographic structural facts,Linalg,explicit external token use; declaration name is repository-unique,retain in current owner,No duplicate or ownership mismatch identified in this audit.
resize_proper,Instance,,1331,1334,4,1332,1334,3,0,,4,veq;is_eq_veq;resize;resize_eq_compat,0,,0,,True,lib/Linalg.v:1331,False,False,"{""apply"": 1, ""assert"": 0, ""auto"": 1, ""destruct"": 0, ""eapply"": 0, ""eauto"": 0, ""firstorder"": 0, ""inversion"": 0, ""lia"": 0, ""nia"": 0, ""pose proof"": 0, ""repeat"": 0, ""rewrite"": 2, ""ring"": 0, ""specialize"": 0, ""subst"": 0, ""unfold"": 0}",resize and lexicographic structural facts,Linalg,no current repository token caller or root-closure path; external clients not ruled out,retain in current owner,No duplicate or ownership mismatch identified in this audit.
resize_resize,Lemma,,1336,1343,8,1338,1343,6,1,resize_poly_nrl,1,resize,9,src/PrepareCodegen.v:260;src/PrepareCodegen.v:879;src/PrepareCodegen.v:892;src/PrepareCodegen.v:1536;polygen/ASTGen.v:104;polygen/Projection.v:567;polygen/Projection.v:588;polygen/Projection.v:601;polygen/Projection.v:621,0,,True,lib/Linalg.v:1336,True,True,"{""apply"": 0, ""assert"": 0, ""auto"": 0, ""destruct"": 2, ""eapply"": 0, ""eauto"": 0, ""firstorder"": 0, ""inversion"": 0, ""lia"": 2, ""nia"": 0, ""pose proof"": 0, ""repeat"": 0, ""rewrite"": 1, ""ring"": 0, ""specialize"": 0, ""subst"": 0, ""unfold"": 0}",resize and lexicographic structural facts,Linalg,explicit external token use; declaration name is repository-unique,retain in current owner,No duplicate or ownership mismatch identified in this audit.
resize_length_eq,Lemma,,1345,1349,5,1347,1349,3,0,,1,resize,9,src/TilingBandScheduleValidator.v:25185;src/PrepareCodegen.v:1537;src/PrepareCodegen.v:1613;src/PrepareCodegen.v:1651;src/PrepareCodegen.v:1652;src/PrepareCodegen.v:1654;polygen/ASTGen.v:619;polygen/Projection.v:464;polygen/Projection.v:692,0,,True,lib/Linalg.v:1345,True,True,"{""apply"": 0, ""assert"": 0, ""auto"": 1, ""destruct"": 1, ""eapply"": 0, ""eauto"": 0, ""firstorder"": 0, ""inversion"": 0, ""lia"": 1, ""nia"": 0, ""pose proof"": 0, ""repeat"": 0, ""rewrite"": 0, ""ring"": 0, ""specialize"": 0, ""subst"": 0, ""unfold"": 0}",resize and lexicographic structural facts,Linalg,explicit external token use; declaration name is repository-unique,retain in current owner,No duplicate or ownership mismatch identified in this audit.
nth_resize,Lemma,,1351,1358,8,1353,1358,6,1,has_var_poly_nrl,1,resize,5,src/PolyBase.v:2297;src/ParallelValidator.v:538;polygen/Canonizer.v:88;polygen/Projection.v:661;polygen/Projection.v:671,0,,True,lib/Linalg.v:1351,True,True,"{""apply"": 0, ""assert"": 0, ""auto"": 2, ""destruct"": 4, ""eapply"": 0, ""eauto"": 0, ""firstorder"": 0, ""inversion"": 0, ""lia"": 1, ""nia"": 0, ""pose proof"": 0, ""repeat"": 0, ""rewrite"": 2, ""ring"": 0, ""specialize"": 0, ""subst"": 0, ""unfold"": 0}",resize and lexicographic structural facts,Linalg,explicit external token use; declaration name is repository-unique,retain in current owner,No duplicate or ownership mismatch identified in this audit.
resize_1,Lemma,,1360,1367,8,1362,1364,3,1,lex_compare_lt_head,1,resize,1,polygen/ASTGen.v:517,0,,True,lib/Linalg.v:1360,True,True,"{""apply"": 0, ""assert"": 0, ""auto"": 1, ""destruct"": 1, ""eapply"": 0, ""eauto"": 0, ""firstorder"": 0, ""inversion"": 0, ""lia"": 0, ""nia"": 0, ""pose proof"": 0, ""repeat"": 0, ""rewrite"": 0, ""ring"": 0, ""specialize"": 0, ""subst"": 0, ""unfold"": 0}",resize and lexicographic structural facts,Linalg,explicit external token use; declaration name is repository-unique,retain in current owner,No duplicate or ownership mismatch identified in this audit.
dot_product_app_left,Lemma,,1369,1375,7,1371,1375,5,1,dot_product_app_right,5,dot_product;dot_product_app;resize;resize_length;resize_skipn_eq,6,lib/VplInterface.v:171;src/PolyLang.v:7190;src/ParallelValidator.v:522;polygen/LoopGen.v:94;polygen/LoopGen.v:115;polygen/LoopGen.v:240,0,,True,lib/Linalg.v:1369,True,True,"{""apply"": 0, ""assert"": 0, ""auto"": 1, ""destruct"": 0, ""eapply"": 0, ""eauto"": 0, ""firstorder"": 0, ""inversion"": 0, ""lia"": 0, ""nia"": 0, ""pose proof"": 0, ""repeat"": 0, ""rewrite"": 2, ""ring"": 0, ""specialize"": 0, ""subst"": 0, ""unfold"": 0}",resize and lexicographic structural facts,Linalg,explicit external token use; declaration name is repository-unique,retain in current owner,No duplicate or ownership mismatch identified in this audit.
dot_product_app_right,Lemma,,1377,1382,6,1379,1382,4,1,dot_product_resize_left,4,dot_product;dot_product_commutative;resize;dot_product_app_left,2,src/PolyLang.v:7067;src/PolyLang.v:7190,0,,True,lib/Linalg.v:1377,True,True,"{""apply"": 1, ""assert"": 0, ""auto"": 0, ""destruct"": 0, ""eapply"": 0, ""eauto"": 0, ""firstorder"": 0, ""inversion"": 0, ""lia"": 0, ""nia"": 0, ""pose proof"": 0, ""repeat"": 0, ""rewrite"": 2, ""ring"": 0, ""specialize"": 0, ""subst"": 0, ""unfold"": 0}",resize and lexicographic structural facts,Linalg,explicit external token use; declaration name is repository-unique,retain in current owner,No duplicate or ownership mismatch identified in this audit.
is_eq_app_left,Lemma,,1384,1390,7,1386,1390,5,1,is_eq_app_right,5,is_eq;is_eq_app;resize;resize_length;resize_skipn_eq,3,src/PolyLang.v:7178;src/PolyLang.v:7179;polygen/ASTGen.v:103,0,,True,lib/Linalg.v:1384,True,True,"{""apply"": 0, ""assert"": 0, ""auto"": 1, ""destruct"": 0, ""eapply"": 0, ""eauto"": 0, ""firstorder"": 0, ""inversion"": 0, ""lia"": 0, ""nia"": 0, ""pose proof"": 0, ""repeat"": 0, ""rewrite"": 2, ""ring"": 0, ""specialize"": 0, ""subst"": 0, ""unfold"": 0}",resize and lexicographic structural facts,Linalg,explicit external token use; declaration name is repository-unique,retain in current owner,No duplicate or ownership mismatch identified in this audit.
is_eq_app_right,Lemma,,1392,1399,8,1394,1397,4,0,,4,is_eq;is_eq_commutative;resize;is_eq_app_left,0,,0,,True,lib/Linalg.v:1392,False,False,"{""apply"": 1, ""assert"": 0, ""auto"": 0, ""destruct"": 0, ""eapply"": 0, ""eauto"": 0, ""firstorder"": 0, ""inversion"": 0, ""lia"": 0, ""nia"": 0, ""pose proof"": 0, ""repeat"": 0, ""rewrite"": 2, ""ring"": 0, ""specialize"": 0, ""subst"": 0, ""unfold"": 0}",resize and lexicographic structural facts,Linalg,no current repository token caller or root-closure path; external clients not ruled out,retain in current owner,No duplicate or ownership mismatch identified in this audit.
dot_product_resize_left,Lemma,,1401,1406,6,1403,1406,4,1,dot_product_resize_right,4,dot_product;dot_product_nil_right;resize;dot_product_app_right,6,src/Extractor.v:264;src/Extractor.v:543;src/Extractor.v:605;src/Extractor.v:637;src/PrepareCodegen.v:207;polygen/ASTGen.v:398,0,,True,lib/Linalg.v:1401,True,True,"{""apply"": 0, ""assert"": 0, ""auto"": 0, ""destruct"": 0, ""eapply"": 0, ""eauto"": 0, ""firstorder"": 0, ""inversion"": 0, ""lia"": 1, ""nia"": 0, ""pose proof"": 0, ""repeat"": 0, ""rewrite"": 3, ""ring"": 0, ""specialize"": 0, ""subst"": 0, ""unfold"": 0}",resize and lexicographic structural facts,Linalg,explicit external token use; declaration name is repository-unique,retain in current owner,No duplicate or ownership mismatch identified in this audit.
dot_product_resize_right,Lemma,,1408,1415,8,1410,1413,4,2,dot_product_nrlength_right;resize_poly_in,4,dot_product;dot_product_commutative;resize;dot_product_resize_left,9,src/Extractor.v:517;src/Extractor.v:1108;src/Extractor.v:1117;src/Extractor.v:1150;src/Extractor.v:1160;src/PrepareCodegen.v:336;polygen/LoopGen.v:94;polygen/LoopGen.v:115;polygen/LoopGen.v:240,0,,True,lib/Linalg.v:1408,True,True,"{""apply"": 0, ""assert"": 0, ""auto"": 1, ""destruct"": 0, ""eapply"": 0, ""eauto"": 0, ""firstorder"": 0, ""inversion"": 0, ""lia"": 0, ""nia"": 0, ""pose proof"": 0, ""repeat"": 0, ""rewrite"": 3, ""ring"": 0, ""specialize"": 0, ""subst"": 0, ""unfold"": 0}",resize and lexicographic structural facts,Linalg,explicit external token use; declaration name is repository-unique,retain in current owner,No duplicate or ownership mismatch identified in this audit.
resize_succ,Lemma,,1417,1425,9,1419,1425,7,1,assign_id,1,resize,3,lib/VplInterface.v:171;polygen/Projection.v:464;polygen/Projection.v:698,0,,True,lib/Linalg.v:1417,True,True,"{""apply"": 1, ""assert"": 0, ""auto"": 2, ""destruct"": 3, ""eapply"": 0, ""eauto"": 0, ""firstorder"": 0, ""inversion"": 0, ""lia"": 0, ""nia"": 0, ""pose proof"": 0, ""repeat"": 0, ""rewrite"": 1, ""ring"": 0, ""specialize"": 0, ""subst"": 0, ""unfold"": 0}",resize and lexicographic structural facts,Linalg,explicit external token use; declaration name is repository-unique,retain in current owner,No duplicate or ownership mismatch identified in this audit.
nth_eq,Theorem,,1427,1437,11,1429,1437,9,1,has_var_poly_nrl,1,is_eq_veq,3,polygen/ASTGen.v:177;polygen/Canonizer.v:88;polygen/Projection.v:671,0,,True,lib/Linalg.v:1427,True,True,"{""apply"": 0, ""assert"": 0, ""auto"": 8, ""destruct"": 10, ""eapply"": 0, ""eauto"": 0, ""firstorder"": 0, ""inversion"": 0, ""lia"": 0, ""nia"": 0, ""pose proof"": 0, ""repeat"": 0, ""rewrite"": 6, ""ring"": 0, ""specialize"": 2, ""subst"": 0, ""unfold"": 0}",resize and lexicographic structural facts,Linalg,explicit external token use; declaration name is repository-unique,retain in current owner,No duplicate or ownership mismatch identified in this audit.
mult_vector_resize,Lemma,,1439,1447,9,1441,1447,7,0,,2,mult_vector;resize,2,polygen/Projection.v:443;polygen/Projection.v:621,0,,True,lib/Linalg.v:1439,True,True,"{""apply"": 0, ""assert"": 0, ""auto"": 1, ""destruct"": 1, ""eapply"": 0, ""eauto"": 0, ""firstorder"": 0, ""inversion"": 0, ""lia"": 1, ""nia"": 0, ""pose proof"": 0, ""repeat"": 0, ""rewrite"": 1, ""ring"": 0, ""specialize"": 0, ""subst"": 0, ""unfold"": 0}",resize and lexicographic structural facts,Linalg,explicit external token use; declaration name is repository-unique,retain in current owner,No duplicate or ownership mismatch identified in this audit.
mult_vector_skipn,Lemma,,1449,1455,7,1451,1455,5,0,,1,mult_vector,1,polygen/Projection.v:443,0,,True,lib/Linalg.v:1449,True,True,"{""apply"": 0, ""assert"": 0, ""auto"": 2, ""destruct"": 1, ""eapply"": 0, ""eauto"": 0, ""firstorder"": 0, ""inversion"": 0, ""lia"": 0, ""nia"": 0, ""pose proof"": 0, ""repeat"": 0, ""rewrite"": 0, ""ring"": 0, ""specialize"": 0, ""subst"": 0, ""unfold"": 0}",resize and lexicographic structural facts,Linalg,explicit external token use; declaration name is repository-unique,retain in current owner,No duplicate or ownership mismatch identified in this audit.
lex_app_not_gt,Lemma,,1457,1463,7,1459,1463,5,0,,3,lex_compare;lex_compare_app;lex_compare_reflexive,2,polygen/ASTGen.v:231;polygen/ASTGen.v:721,0,,True,lib/Linalg.v:1457,True,True,"{""apply"": 0, ""assert"": 0, ""auto"": 0, ""destruct"": 1, ""eapply"": 0, ""eauto"": 0, ""firstorder"": 0, ""inversion"": 0, ""lia"": 0, ""nia"": 0, ""pose proof"": 0, ""repeat"": 0, ""rewrite"": 2, ""ring"": 0, ""specialize"": 0, ""subst"": 0, ""unfold"": 0}",resize and lexicographic structural facts,Linalg,explicit external token use; declaration name is repository-unique,retain in current owner,No duplicate or ownership mismatch identified in this audit.
lex_compare_lt_head,Lemma,,1465,1476,12,1467,1473,7,0,,3,lex_compare;resize_skipn_eq;resize_1,1,polygen/ASTGen.v:755,0,,True,lib/Linalg.v:1465,True,True,"{""apply"": 0, ""assert"": 0, ""auto"": 0, ""destruct"": 1, ""eapply"": 0, ""eauto"": 0, ""firstorder"": 0, ""inversion"": 0, ""lia"": 0, ""nia"": 0, ""pose proof"": 0, ""repeat"": 0, ""rewrite"": 3, ""ring"": 0, ""specialize"": 0, ""subst"": 0, ""unfold"": 0}",resize and lexicographic structural facts,Linalg,explicit external token use; declaration name is repository-unique,retain in current owner,No duplicate or ownership mismatch identified in this audit.
assign,Definition,,1478,1479,2,,,0,8,assign_id;dot_product_assign_right;dot_product_assign_left;dot_product_assign_right_zero;dot_product_assign_left_zero;assign_app_lt;assign_app_ge;assign_assign,1,resize,104,src/PolyBase.v:2256;src/PolyBase.v:2256;src/PolyBase.v:2257;src/PolyBase.v:2257;src/PolyBase.v:2281;src/PolyBase.v:2283;src/PolyBase.v:2433;src/PolyBase.v:2472;src/Convert.v:213;src/Convert.v:215;src/PolyLang.v:1088;polygen/PolyTest.v:85;polygen/PolyTest.v:100;polygen/LoopGen.v:297;polygen/Projection.v:33;polygen/Projection.v:36;polygen/Projection.v:48;polygen/Projection.v:59;polygen/Projection.v:135;polygen/Projection.v:138;polygen/Projection.v:146;polygen/Projection.v:159;polygen/Projection.v:172;polygen/Projection.v:449;polygen/Projection.v:462;VPL/coq/LinTerm.v:77;VPL/coq/LinTerm.v:304;VPL/coq/LinTerm.v:334;VPL/coq/DomainInterfaces.v:46;VPL/coq/DomainInterfaces.v:101;VPL/coq/DomainInterfaces.v:241;VPL/coq/DomainInterfaces.v:242;VPL/coq/DomainInterfaces.v:243;VPL/coq/DomainInterfaces.v:248;VPL/coq/DomainInterfaces.v:248;VPL/coq/DomainGCL.v:242;VPL/coq/DomainGCL.v:244;VPL/coq/DomainGCL.v:245;VPL/coq/DomainGCL.v:250;VPL/coq/DomainGCL.v:255;VPL/coq/DomainGCL.v:256;VPL/coq/DomainGCL.v:319;VPL/coq/DomainGCL.v:336;VPL/coq/DomainGCL.v:337;VPL/coq/DomainGCL.v:338;VPL/coq/DomainGCL.v:340;VPL/coq/DomainGCL.v:345;VPL/coq/DomainGCL.v:345;VPL/coq/CstrC.v:62;VPL/coq/CstrC.v:326;...+54,47,VPL/coq/LinTerm.v:77;VPL/coq/LinTerm.v:304;VPL/coq/LinTerm.v:334;VPL/coq/DomainInterfaces.v:46;VPL/coq/DomainInterfaces.v:101;VPL/coq/DomainInterfaces.v:243;VPL/coq/DomainInterfaces.v:248;VPL/coq/DomainInterfaces.v:248;VPL/coq/DomainGCL.v:244;VPL/coq/DomainGCL.v:245;VPL/coq/DomainGCL.v:255;VPL/coq/DomainGCL.v:256;VPL/coq/DomainGCL.v:319;VPL/coq/DomainGCL.v:336;VPL/coq/DomainGCL.v:338;VPL/coq/DomainGCL.v:345;VPL/coq/DomainGCL.v:345;VPL/coq/CstrC.v:62;VPL/coq/CstrC.v:326;VPL/coq/AssignD.v:394;VPL/coq/AssignD.v:402;VPL/coq/AssignD.v:462;VPL/coq/AssignD.v:465;VPL/coq/AssignD.v:467;VPL/coq/AssignD.v:472;VPL/coq/AssignD.v:479;VPL/coq/AssignD.v:489;VPL/coq/AssignD.v:495;VPL/coq/AssignD.v:503;VPL/coq/AssignD.v:504;VPL/coq/AssignD.v:514;VPL/coq/AssignD.v:538;VPL/coq/AssignD.v:777;VPL/coq/AssignD.v:787;VPL/coq/DomainFunctors.v:102;VPL/coq/DomainFunctors.v:112;VPL/coq/DemoPLVerifier.v:84;VPL/coq/DemoPLVerifier.v:86;VPL/coq/DemoPLVerifier.v:87;VPL/coq/DemoPLVerifier.v:134;VPL/coq/PedraQ.v:233;VPL/coq/PedraQ.v:484;VPL/coq/ConsSet.v:109;VPL/coq/ProgVar.v:558;VPL/coq/ProgVar.v:566;VPL/coq/ProgVar.v:566;VPL/coq/ASCond.v:498,False,lib/Linalg.v:1478;VPL/coq/DomainGCL.v:336;VPL/coq/AssignD.v:509;VPL/coq/ProgVar.v:316,True,True,"{""apply"": 0, ""assert"": 0, ""auto"": 0, ""destruct"": 0, ""eapply"": 0, ""eauto"": 0, ""firstorder"": 0, ""inversion"": 0, ""lia"": 0, ""nia"": 0, ""pose proof"": 0, ""repeat"": 0, ""rewrite"": 0, ""ring"": 0, ""specialize"": 0, ""subst"": 0, ""unfold"": 0}",vector assignment,Linalg,explicit qualified external use; unqualified count may include same-name modules,retain and extend nearby API,Add a pointwise nth/lookup specification and derive off-index assignment facts here.
assign_id,Lemma,,1481,1487,7,1483,1487,5,1,dot_product_assign_right,3,resize_skipn_eq;resize_succ;assign,6,lib/VplInterface.v:79;polygen/Projection.v:54;polygen/Projection.v:65;VPL/coq/ProgVar.v:336;VPL/coq/ProgVar.v:337;VPL/coq/ASCond.v:509,2,lib/VplInterface.v:79;VPL/coq/ASCond.v:509,False,lib/Linalg.v:1481;VPL/coq/ProgVar.v:332,True,True,"{""apply"": 0, ""assert"": 0, ""auto"": 0, ""destruct"": 0, ""eapply"": 0, ""eauto"": 0, ""firstorder"": 0, ""inversion"": 0, ""lia"": 0, ""nia"": 0, ""pose proof"": 0, ""repeat"": 0, ""rewrite"": 2, ""ring"": 0, ""specialize"": 0, ""subst"": 0, ""unfold"": 1}",vector assignment,Linalg,explicit qualified external use; unqualified count may include same-name modules,retain in current owner,No duplicate or ownership mismatch identified in this audit.
dot_product_assign_right,Lemma,,1489,1498,10,1491,1498,8,2,dot_product_assign_left;dot_product_assign_right_zero,5,dot_product;dot_product_app;resize_length;assign;assign_id,4,src/PolyBase.v:2410;src/PolyBase.v:2411;src/PolyBase.v:2449;src/PolyBase.v:2450,0,,True,lib/Linalg.v:1489,True,True,"{""apply"": 0, ""assert"": 0, ""auto"": 0, ""destruct"": 0, ""eapply"": 0, ""eauto"": 0, ""firstorder"": 0, ""inversion"": 0, ""lia"": 0, ""nia"": 1, ""pose proof"": 0, ""repeat"": 0, ""rewrite"": 4, ""ring"": 0, ""specialize"": 0, ""subst"": 0, ""unfold"": 1}",vector assignment,Linalg,explicit external token use; declaration name is repository-unique,retain in current owner,No duplicate or ownership mismatch identified in this audit.
dot_product_assign_left,Lemma,,1500,1506,7,1502,1506,5,1,dot_product_assign_left_zero,4,dot_product;dot_product_commutative;assign;dot_product_assign_right,4,polygen/PolyTest.v:114;polygen/Projection.v:153;polygen/Projection.v:166;polygen/Projection.v:228,0,,True,lib/Linalg.v:1500,True,True,"{""apply"": 0, ""assert"": 0, ""auto"": 0, ""destruct"": 0, ""eapply"": 0, ""eauto"": 0, ""firstorder"": 0, ""inversion"": 0, ""lia"": 0, ""nia"": 0, ""pose proof"": 0, ""repeat"": 0, ""rewrite"": 1, ""ring"": 0, ""specialize"": 0, ""subst"": 0, ""unfold"": 0}",vector assignment,Linalg,explicit external token use; declaration name is repository-unique,retain in current owner,No duplicate or ownership mismatch identified in this audit.
dot_product_assign_right_zero,Lemma,,1508,1512,5,1510,1512,3,0,,3,dot_product;assign;dot_product_assign_right,0,,0,,True,lib/Linalg.v:1508,False,False,"{""apply"": 0, ""assert"": 0, ""auto"": 0, ""destruct"": 0, ""eapply"": 0, ""eauto"": 0, ""firstorder"": 0, ""inversion"": 0, ""lia"": 0, ""nia"": 1, ""pose proof"": 0, ""repeat"": 0, ""rewrite"": 1, ""ring"": 0, ""specialize"": 0, ""subst"": 0, ""unfold"": 0}",vector assignment,Linalg,no current repository token caller or root-closure path; external clients not ruled out,retain in current owner,No duplicate or ownership mismatch identified in this audit.
dot_product_assign_left_zero,Lemma,,1514,1518,5,1516,1518,3,0,,3,dot_product;assign;dot_product_assign_left,2,polygen/LoopGen.v:295;polygen/Projection.v:141,0,,True,lib/Linalg.v:1514,True,True,"{""apply"": 0, ""assert"": 0, ""auto"": 0, ""destruct"": 0, ""eapply"": 0, ""eauto"": 0, ""firstorder"": 0, ""inversion"": 0, ""lia"": 0, ""nia"": 1, ""pose proof"": 0, ""repeat"": 0, ""rewrite"": 1, ""ring"": 0, ""specialize"": 0, ""subst"": 0, ""unfold"": 0}",vector assignment,Linalg,explicit external token use; declaration name is repository-unique,retain in current owner,No duplicate or ownership mismatch identified in this audit.
assign_app_lt,Lemma,,1520,1526,7,1522,1526,5,0,,2,resize_app_ge;assign,0,,0,,True,lib/Linalg.v:1520,False,False,"{""apply"": 0, ""assert"": 0, ""auto"": 0, ""destruct"": 0, ""eapply"": 0, ""eauto"": 0, ""firstorder"": 0, ""inversion"": 0, ""lia"": 2, ""nia"": 0, ""pose proof"": 0, ""repeat"": 0, ""rewrite"": 3, ""ring"": 0, ""specialize"": 0, ""subst"": 0, ""unfold"": 1}",vector assignment,Linalg,no current repository token caller or root-closure path; external clients not ruled out,retain in current owner,No duplicate or ownership mismatch identified in this audit.
assign_app_ge,Lemma,,1528,1534,7,1530,1534,5,0,,2,resize_app_le;assign,6,polygen/ASTGen.v:751;polygen/LoopGen.v:296;polygen/Projection.v:444;polygen/Projection.v:445;polygen/Projection.v:459;polygen/Projection.v:460,0,,True,lib/Linalg.v:1528,True,True,"{""apply"": 0, ""assert"": 0, ""auto"": 0, ""destruct"": 0, ""eapply"": 0, ""eauto"": 0, ""firstorder"": 0, ""inversion"": 0, ""lia"": 3, ""nia"": 0, ""pose proof"": 0, ""repeat"": 0, ""rewrite"": 3, ""ring"": 0, ""specialize"": 0, ""subst"": 0, ""unfold"": 1}",vector assignment,Linalg,explicit external token use; declaration name is repository-unique,retain in current owner,No duplicate or ownership mismatch identified in this audit.
assign_assign,Lemma,,1536,1547,12,1538,1544,7,0,,3,resize_length;resize_app;assign,2,polygen/Projection.v:53;polygen/Projection.v:64,0,,True,lib/Linalg.v:1536,True,True,"{""apply"": 1, ""assert"": 0, ""auto"": 0, ""destruct"": 0, ""eapply"": 0, ""eauto"": 0, ""firstorder"": 0, ""inversion"": 0, ""lia"": 2, ""nia"": 0, ""pose proof"": 0, ""repeat"": 0, ""rewrite"": 4, ""ring"": 0, ""specialize"": 0, ""subst"": 0, ""unfold"": 1}",vector assignment,Linalg,explicit external token use; declaration name is repository-unique,retain in current owner,No duplicate or ownership mismatch identified in this audit.
expand_poly,Definition,,1549,1549,1,,,0,5,expand_poly_1;expand_poly_eq;expand_poly_comp;expand_poly_app;expand_poly_nrl,1,mult_constraint_cst,39,lib/VplInterface.v:275;lib/VplInterface.v:738;polygen/PolyTest.v:31;polygen/PolyTest.v:58;polygen/PolyTest.v:58;polygen/Canonizer.v:31;polygen/Canonizer.v:31;polygen/Canonizer.v:43;polygen/Canonizer.v:43;polygen/Canonizer.v:101;polygen/Canonizer.v:101;polygen/Projection.v:32;polygen/Projection.v:33;polygen/Projection.v:36;polygen/Projection.v:47;polygen/Projection.v:48;polygen/Projection.v:172;polygen/Projection.v:173;polygen/Projection.v:182;polygen/Projection.v:193;polygen/Projection.v:198;polygen/Projection.v:202;polygen/Projection.v:255;polygen/Projection.v:414;polygen/Projection.v:417;polygen/Projection.v:482;polygen/Projection.v:482;polygen/Projection.v:489;polygen/Projection.v:489;polygen/Projection.v:498;polygen/Projection.v:501;polygen/Projection.v:502;polygen/Projection.v:505;polygen/Projection.v:544;polygen/Projection.v:545;polygen/Projection.v:573;polygen/Projection.v:593;polygen/Projection.v:690;polygen/Projection.v:705,0,,True,lib/Linalg.v:1549,True,True,"{""apply"": 0, ""assert"": 0, ""auto"": 0, ""destruct"": 0, ""eapply"": 0, ""eauto"": 0, ""firstorder"": 0, ""inversion"": 0, ""lia"": 0, ""nia"": 0, ""pose proof"": 0, ""repeat"": 0, ""rewrite"": 0, ""ring"": 0, ""specialize"": 0, ""subst"": 0, ""unfold"": 0}",polyhedron expansion,Linalg,explicit external token use; declaration name is repository-unique,retain in current owner,No duplicate or ownership mismatch identified in this audit.
expand_poly_1,Lemma,,1551,1557,7,1553,1557,5,0,,2,mult_constraint_cst_1;expand_poly,9,polygen/PolyTest.v:49;polygen/PolyTest.v:79;polygen/Canonizer.v:170;polygen/PolyOperations.v:51;polygen/Projection.v:42;polygen/Projection.v:63;polygen/Projection.v:576;polygen/Projection.v:588;polygen/Projection.v:601,0,,True,lib/Linalg.v:1551,True,True,"{""apply"": 2, ""assert"": 0, ""auto"": 0, ""destruct"": 0, ""eapply"": 0, ""eauto"": 0, ""firstorder"": 0, ""inversion"": 0, ""lia"": 0, ""nia"": 0, ""pose proof"": 0, ""repeat"": 0, ""rewrite"": 0, ""ring"": 0, ""specialize"": 0, ""subst"": 0, ""unfold"": 1}",polyhedron expansion,Linalg,explicit external token use; declaration name is repository-unique,retain in current owner,No duplicate or ownership mismatch identified in this audit.
expand_poly_eq,Lemma,,1559,1565,7,1561,1565,5,0,,4,in_poly;mult_vector;mult_constraint_cst_eq;expand_poly,2,polygen/Projection.v:429;polygen/Projection.v:613,0,,True,lib/Linalg.v:1559,True,True,"{""apply"": 2, ""assert"": 0, ""auto"": 1, ""destruct"": 0, ""eapply"": 0, ""eauto"": 0, ""firstorder"": 0, ""inversion"": 0, ""lia"": 0, ""nia"": 0, ""pose proof"": 0, ""repeat"": 0, ""rewrite"": 1, ""ring"": 0, ""specialize"": 0, ""subst"": 0, ""unfold"": 1}",polyhedron expansion,Linalg,explicit external token use; declaration name is repository-unique,retain in current owner,No duplicate or ownership mismatch identified in this audit.
expand_poly_comp,Lemma,,1567,1573,7,1569,1573,5,0,,2,mult_constraint_cst_comp;expand_poly,1,polygen/Projection.v:429,0,,True,lib/Linalg.v:1567,True,True,"{""apply"": 2, ""assert"": 0, ""auto"": 0, ""destruct"": 0, ""eapply"": 0, ""eauto"": 0, ""firstorder"": 0, ""inversion"": 0, ""lia"": 0, ""nia"": 0, ""pose proof"": 0, ""repeat"": 0, ""rewrite"": 1, ""ring"": 0, ""specialize"": 0, ""subst"": 0, ""unfold"": 1}",polyhedron expansion,Linalg,explicit external token use; declaration name is repository-unique,retain in current owner,No duplicate or ownership mismatch identified in this audit.
expand_poly_app,Lemma,,1575,1583,9,1577,1579,3,0,,1,expand_poly,3,lib/VplInterface.v:745;polygen/Projection.v:254;polygen/Projection.v:504,0,,True,lib/Linalg.v:1575,True,True,"{""apply"": 0, ""assert"": 0, ""auto"": 0, ""destruct"": 0, ""eapply"": 0, ""eauto"": 0, ""firstorder"": 0, ""inversion"": 0, ""lia"": 0, ""nia"": 0, ""pose proof"": 0, ""repeat"": 0, ""rewrite"": 1, ""ring"": 0, ""specialize"": 0, ""subst"": 0, ""unfold"": 1}",polyhedron expansion,Linalg,explicit external token use; declaration name is repository-unique,retain in current owner,No duplicate or ownership mismatch identified in this audit.
nrlength,Fixpoint,,1584,1588,5,,,0,17,nrlength;nrlength_zero_null;nrlength_null_zero;nrlength_zero_null_iff;nrlength_le_length;nrlength_def;nrlength_eq;nrlength_def_impl;nrlength_proper;dot_product_nrlength_right;dot_product_nrlength_left;satisfies_constraint_nrlength;nrlength_mult;nrlength_skipn;nrlength_cons;nrlength_app;poly_nrl,1,nrlength,4,src/PolyLang.v:7104;src/PolyLang.v:7119;src/PolyLang.v:7119;src/PolyLang.v:7164,0,,True,lib/Linalg.v:1584,True,True,"{""apply"": 0, ""assert"": 0, ""auto"": 0, ""destruct"": 0, ""eapply"": 0, ""eauto"": 0, ""firstorder"": 0, ""inversion"": 0, ""lia"": 0, ""nia"": 0, ""pose proof"": 0, ""repeat"": 0, ""rewrite"": 0, ""ring"": 0, ""specialize"": 0, ""subst"": 0, ""unfold"": 0}",effective nonzero length,Linalg,explicit external token use; declaration name is repository-unique,retain in current owner,No duplicate or ownership mismatch identified in this audit.
nrlength_zero_null,Lemma,,1590,1598,9,1592,1598,7,1,nrlength_zero_null_iff,2,is_null;nrlength,2,src/PolyLang.v:7130;src/PolyLang.v:7135,0,,True,lib/Linalg.v:1590,True,True,"{""apply"": 0, ""assert"": 0, ""auto"": 2, ""destruct"": 2, ""eapply"": 0, ""eauto"": 0, ""firstorder"": 0, ""inversion"": 0, ""lia"": 0, ""nia"": 0, ""pose proof"": 0, ""repeat"": 0, ""rewrite"": 0, ""ring"": 0, ""specialize"": 0, ""subst"": 0, ""unfold"": 0}",effective nonzero length,Linalg,explicit external token use; declaration name is repository-unique,retain in current owner,No duplicate or ownership mismatch identified in this audit.
nrlength_null_zero,Lemma,,1600,1606,7,1602,1606,5,2,nrlength_zero_null_iff;nrlength_proper,2,is_null;nrlength,3,src/PolyLang.v:7125;src/PolyLang.v:7131;src/PolyLang.v:7135,0,,True,lib/Linalg.v:1600,True,True,"{""apply"": 0, ""assert"": 0, ""auto"": 2, ""destruct"": 1, ""eapply"": 0, ""eauto"": 0, ""firstorder"": 0, ""inversion"": 0, ""lia"": 0, ""nia"": 0, ""pose proof"": 0, ""repeat"": 0, ""rewrite"": 2, ""ring"": 0, ""specialize"": 0, ""subst"": 0, ""unfold"": 0}",effective nonzero length,Linalg,explicit external token use; declaration name is repository-unique,retain in current owner,No duplicate or ownership mismatch identified in this audit.
nrlength_zero_null_iff,Lemma,,1608,1612,5,1610,1612,3,1,nrlength_def,4,is_null;nrlength;nrlength_zero_null;nrlength_null_zero,0,,0,,True,lib/Linalg.v:1608,False,True,"{""apply"": 2, ""assert"": 0, ""auto"": 0, ""destruct"": 0, ""eapply"": 0, ""eauto"": 0, ""firstorder"": 0, ""inversion"": 0, ""lia"": 0, ""nia"": 0, ""pose proof"": 0, ""repeat"": 0, ""rewrite"": 0, ""ring"": 0, ""specialize"": 0, ""subst"": 0, ""unfold"": 0}",effective nonzero length,Linalg,internal dependency of an externally referenced declaration,retain in current owner,No duplicate or ownership mismatch identified in this audit.
nrlength_le_length,Lemma,,1614,1622,9,1617,1622,6,0,,1,nrlength,0,,0,,True,lib/Linalg.v:1614,False,False,"{""apply"": 0, ""assert"": 0, ""auto"": 0, ""destruct"": 2, ""eapply"": 0, ""eauto"": 0, ""firstorder"": 0, ""inversion"": 0, ""lia"": 3, ""nia"": 0, ""pose proof"": 0, ""repeat"": 0, ""rewrite"": 0, ""ring"": 0, ""specialize"": 0, ""subst"": 0, ""unfold"": 0}",effective nonzero length,Linalg,no current repository token caller or root-closure path; external clients not ruled out,retain in current owner,No duplicate or ownership mismatch identified in this audit.
nrlength_def,Lemma,,1624,1636,13,1626,1636,11,4,nrlength_eq;nrlength_def_impl;poly_nrl_def;resize_poly_nrl,6,is_eq_veq;is_eq_nil_right;resize;resize_nil_null;nrlength;nrlength_zero_null_iff,2,src/PolyLang.v:7091;polygen/Projection.v:700,0,,True,lib/Linalg.v:1624,True,True,"{""apply"": 1, ""assert"": 0, ""auto"": 0, ""destruct"": 3, ""eapply"": 0, ""eauto"": 0, ""firstorder"": 0, ""inversion"": 0, ""lia"": 4, ""nia"": 0, ""pose proof"": 0, ""repeat"": 0, ""rewrite"": 7, ""ring"": 0, ""specialize"": 0, ""subst"": 0, ""unfold"": 0}",effective nonzero length,Linalg,explicit external token use; declaration name is repository-unique,retain in current owner,No duplicate or ownership mismatch identified in this audit.
nrlength_eq,Lemma,,1638,1642,5,1640,1642,3,0,,3,resize;nrlength;nrlength_def,0,,0,,True,lib/Linalg.v:1638,False,False,"{""apply"": 0, ""assert"": 0, ""auto"": 0, ""destruct"": 0, ""eapply"": 0, ""eauto"": 0, ""firstorder"": 0, ""inversion"": 0, ""lia"": 1, ""nia"": 0, ""pose proof"": 0, ""repeat"": 0, ""rewrite"": 1, ""ring"": 0, ""specialize"": 0, ""subst"": 0, ""unfold"": 0}",effective nonzero length,Linalg,no current repository token caller or root-closure path; external clients not ruled out,retain in current owner,No duplicate or ownership mismatch identified in this audit.
nrlength_def_impl,Lemma,,1644,1648,5,1646,1648,3,1,dot_product_nrlength_right,3,resize;nrlength;nrlength_def,0,,0,,True,lib/Linalg.v:1644,False,True,"{""apply"": 0, ""assert"": 0, ""auto"": 1, ""destruct"": 0, ""eapply"": 0, ""eauto"": 0, ""firstorder"": 0, ""inversion"": 0, ""lia"": 0, ""nia"": 0, ""pose proof"": 0, ""repeat"": 0, ""rewrite"": 1, ""ring"": 0, ""specialize"": 0, ""subst"": 0, ""unfold"": 0}",effective nonzero length,Linalg,internal dependency of an externally referenced declaration,retain in current owner,No duplicate or ownership mismatch identified in this audit.
firstn_eq_implies_resize_n_eq,Lemma,,1650,1662,13,1654,1662,9,0,,3,is_eq;resize;resize_nil_null,0,,0,,True,lib/Linalg.v:1650,False,False,"{""apply"": 0, ""assert"": 0, ""auto"": 0, ""destruct"": 1, ""eapply"": 2, ""eauto"": 0, ""firstorder"": 0, ""inversion"": 0, ""lia"": 1, ""nia"": 0, ""pose proof"": 0, ""repeat"": 0, ""rewrite"": 2, ""ring"": 0, ""specialize"": 0, ""subst"": 1, ""unfold"": 0}",effective nonzero length,Linalg,no current repository token caller or root-closure path; external clients not ruled out,retain in current owner,No duplicate or ownership mismatch identified in this audit.
nrlength_proper,Instance,,1665,1686,22,1666,1686,21,0,,5,veq;is_eq_nil_left;is_eq_nil_right;nrlength;nrlength_null_zero,0,,0,,True,lib/Linalg.v:1665,False,False,"{""apply"": 0, ""assert"": 0, ""auto"": 0, ""destruct"": 4, ""eapply"": 4, ""eauto"": 0, ""firstorder"": 0, ""inversion"": 0, ""lia"": 0, ""nia"": 0, ""pose proof"": 0, ""repeat"": 0, ""rewrite"": 9, ""ring"": 0, ""specialize"": 0, ""subst"": 1, ""unfold"": 3}",effective nonzero length,Linalg,no current repository token caller or root-closure path; external clients not ruled out,retain in current owner,No duplicate or ownership mismatch identified in this audit.
dot_product_nrlength_right,Lemma,,1688,1693,6,1690,1693,4,1,dot_product_nrlength_left,6,dot_product;resize;resize_length;dot_product_resize_right;nrlength;nrlength_def_impl,0,,0,,True,lib/Linalg.v:1688,False,True,"{""apply"": 0, ""assert"": 0, ""auto"": 1, ""destruct"": 0, ""eapply"": 0, ""eauto"": 0, ""firstorder"": 0, ""inversion"": 0, ""lia"": 0, ""nia"": 0, ""pose proof"": 0, ""repeat"": 0, ""rewrite"": 3, ""ring"": 0, ""specialize"": 0, ""subst"": 0, ""unfold"": 0}",effective nonzero length,Linalg,internal dependency of an externally referenced declaration,retain in current owner,No duplicate or ownership mismatch identified in this audit.
dot_product_nrlength_left,Lemma,,1695,1700,6,1697,1700,4,1,satisfies_constraint_nrlength,5,dot_product;dot_product_commutative;resize;nrlength;dot_product_nrlength_right,0,,0,,True,lib/Linalg.v:1695,False,True,"{""apply"": 1, ""assert"": 0, ""auto"": 1, ""destruct"": 0, ""eapply"": 0, ""eauto"": 0, ""firstorder"": 0, ""inversion"": 0, ""lia"": 0, ""nia"": 0, ""pose proof"": 0, ""repeat"": 0, ""rewrite"": 2, ""ring"": 0, ""specialize"": 0, ""subst"": 0, ""unfold"": 0}",effective nonzero length,Linalg,internal dependency of an externally referenced declaration,retain in current owner,No duplicate or ownership mismatch identified in this audit.
satisfies_constraint_nrlength,Lemma,,1702,1707,6,1704,1707,4,1,in_poly_nrlength,4,satisfies_constraint;resize;nrlength;dot_product_nrlength_left,2,polygen/Projection.v:702;polygen/Projection.v:703,0,,True,lib/Linalg.v:1702,True,True,"{""apply"": 0, ""assert"": 0, ""auto"": 1, ""destruct"": 0, ""eapply"": 0, ""eauto"": 0, ""firstorder"": 0, ""inversion"": 0, ""lia"": 0, ""nia"": 0, ""pose proof"": 0, ""repeat"": 0, ""rewrite"": 1, ""ring"": 0, ""specialize"": 0, ""subst"": 0, ""unfold"": 1}",effective nonzero length,Linalg,explicit external token use; declaration name is repository-unique,retain in current owner,No duplicate or ownership mismatch identified in this audit.
nrlength_mult,Lemma,,1709,1717,9,1711,1717,7,0,,2,mult_vector;nrlength,1,src/PolyLang.v:7109,0,,True,lib/Linalg.v:1709,True,True,"{""apply"": 0, ""assert"": 0, ""auto"": 2, ""destruct"": 0, ""eapply"": 0, ""eauto"": 0, ""firstorder"": 0, ""inversion"": 0, ""lia"": 0, ""nia"": 1, ""pose proof"": 0, ""repeat"": 0, ""rewrite"": 2, ""ring"": 0, ""specialize"": 0, ""subst"": 0, ""unfold"": 0}",effective nonzero length,Linalg,explicit external token use; declaration name is repository-unique,retain in current owner,No duplicate or ownership mismatch identified in this audit.
nrlength_skipn,Lemma,,1719,1726,8,1721,1726,6,0,,1,nrlength,2,src/PolyLang.v:7109;src/PolyLang.v:7136,0,,True,lib/Linalg.v:1719,True,True,"{""apply"": 0, ""assert"": 0, ""auto"": 0, ""destruct"": 0, ""eapply"": 0, ""eauto"": 0, ""firstorder"": 0, ""inversion"": 0, ""lia"": 2, ""nia"": 0, ""pose proof"": 0, ""repeat"": 0, ""rewrite"": 1, ""ring"": 0, ""specialize"": 0, ""subst"": 0, ""unfold"": 0}",effective nonzero length,Linalg,explicit external token use; declaration name is repository-unique,retain in current owner,No duplicate or ownership mismatch identified in this audit.
nrlength_cons,Lemma,,1728,1732,5,1730,1732,3,0,,1,nrlength,1,src/PolyLang.v:7107,0,,True,lib/Linalg.v:1728,True,True,"{""apply"": 0, ""assert"": 0, ""auto"": 0, ""destruct"": 0, ""eapply"": 0, ""eauto"": 0, ""firstorder"": 0, ""inversion"": 0, ""lia"": 1, ""nia"": 0, ""pose proof"": 0, ""repeat"": 0, ""rewrite"": 0, ""ring"": 0, ""specialize"": 0, ""subst"": 0, ""unfold"": 0}",effective nonzero length,Linalg,explicit external token use; declaration name is repository-unique,retain in current owner,No duplicate or ownership mismatch identified in this audit.
nrlength_app,Lemma,,1734,1742,9,1736,1740,5,0,,1,nrlength,4,src/PolyLang.v:7104;src/PolyLang.v:7106;src/PolyLang.v:7108;src/PolyLang.v:7122,0,,True,lib/Linalg.v:1734,True,True,"{""apply"": 0, ""assert"": 0, ""auto"": 1, ""destruct"": 0, ""eapply"": 0, ""eauto"": 0, ""firstorder"": 0, ""inversion"": 0, ""lia"": 1, ""nia"": 0, ""pose proof"": 0, ""repeat"": 0, ""rewrite"": 0, ""ring"": 0, ""specialize"": 1, ""subst"": 0, ""unfold"": 0}",effective nonzero length,Linalg,explicit external token use; declaration name is repository-unique,retain in current owner,No duplicate or ownership mismatch identified in this audit.
poly_nrl,Definition,,1744,1744,1,,,0,6,in_poly_nrlength;expand_poly_nrl;poly_nrl_def;poly_nrl_app;has_var_poly_nrl;resize_poly_nrl,2,polyhedron;nrlength,63,src/StrengthenDomain.v:244;src/PrepareCodegen.v:83;src/PrepareCodegen.v:185;src/PrepareCodegen.v:1944;src/PolyLang.v:84;src/PolyLang.v:85;src/PolyLang.v:1137;src/PolyLang.v:1138;src/PolyLang.v:7084;src/PolyLang.v:7087;src/PolyLang.v:7088;src/PolyLang.v:7090;src/PolyLang.v:7097;src/PolyLang.v:7097;src/PolyLang.v:7102;src/PolyLang.v:7113;src/PolyLang.v:7113;src/PolyLang.v:7157;src/PolyLang.v:7157;src/PolyLang.v:7157;src/PolyLang.v:7162;src/AffineValidator.v:241;src/AffineValidator.v:242;src/AffineValidator.v:296;src/AffineValidator.v:297;src/AffineValidator.v:770;src/AffineValidator.v:774;polygen/PolyLoopSimpl.v:60;polygen/PolyLoopSimpl.v:79;polygen/PolyLoopSimpl.v:95;polygen/ASTGen.v:348;polygen/ASTGen.v:353;polygen/ASTGen.v:366;polygen/ASTGen.v:382;polygen/ASTGen.v:506;polygen/ASTGen.v:657;polygen/Canonizer.v:76;polygen/Canonizer.v:83;polygen/CodeGen.v:93;polygen/CodeGen.v:111;polygen/CodeGen.v:174;polygen/CodeGen.v:298;polygen/PolyOperations.v:74;polygen/PolyOperations.v:74;polygen/PolyOperations.v:75;polygen/PolyOperations.v:131;polygen/PolyOperations.v:131;polygen/PolyOperations.v:132;polygen/PolyOperations.v:172;polygen/PolyOperations.v:172;...+13,0,,True,lib/Linalg.v:1744,True,True,"{""apply"": 0, ""assert"": 0, ""auto"": 0, ""destruct"": 0, ""eapply"": 0, ""eauto"": 0, ""firstorder"": 0, ""inversion"": 0, ""lia"": 0, ""nia"": 0, ""pose proof"": 0, ""repeat"": 0, ""rewrite"": 0, ""ring"": 0, ""specialize"": 0, ""subst"": 0, ""unfold"": 0}",polyhedron dimension/absence/resize,Linalg,explicit external token use; declaration name is repository-unique,retain in current owner,No duplicate or ownership mismatch identified in this audit.
in_poly_nrlength,Lemma,,1746,1755,10,1748,1755,8,0,,5,satisfies_constraint;in_poly;resize;satisfies_constraint_nrlength;poly_nrl,15,src/PrepareCodegen.v:245;src/PrepareCodegen.v:253;src/PrepareCodegen.v:266;src/PrepareCodegen.v:1527;src/PrepareCodegen.v:1534;polygen/PolyLoopSimpl.v:71;polygen/ASTGen.v:513;polygen/ASTGen.v:514;polygen/ASTGen.v:730;polygen/Projection.v:555;polygen/Projection.v:556;polygen/Projection.v:561;polygen/Projection.v:562;polygen/Projection.v:610;polygen/Projection.v:612,0,,True,lib/Linalg.v:1746,True,True,"{""apply"": 2, ""assert"": 0, ""auto"": 1, ""destruct"": 0, ""eapply"": 1, ""eauto"": 0, ""firstorder"": 0, ""inversion"": 0, ""lia"": 0, ""nia"": 0, ""pose proof"": 0, ""repeat"": 0, ""rewrite"": 2, ""ring"": 0, ""specialize"": 0, ""subst"": 0, ""unfold"": 1}",polyhedron dimension/absence/resize,Linalg,explicit external token use; declaration name is repository-unique,retain in current owner,No duplicate or ownership mismatch identified in this audit.
expand_poly_nrl,Lemma,,1757,1762,6,1759,1762,4,0,,2,expand_poly;poly_nrl,6,polygen/Projection.v:555;polygen/Projection.v:556;polygen/Projection.v:561;polygen/Projection.v:562;polygen/Projection.v:610;polygen/Projection.v:612,0,,True,lib/Linalg.v:1757,True,True,"{""apply"": 0, ""assert"": 0, ""auto"": 0, ""destruct"": 0, ""eapply"": 0, ""eauto"": 0, ""firstorder"": 0, ""inversion"": 0, ""lia"": 0, ""nia"": 0, ""pose proof"": 0, ""repeat"": 0, ""rewrite"": 1, ""ring"": 0, ""specialize"": 0, ""subst"": 0, ""unfold"": 1}",polyhedron dimension/absence/resize,Linalg,explicit external token use; declaration name is repository-unique,retain in current owner,No duplicate or ownership mismatch identified in this audit.
poly_nrl_def,Lemma,,1764,1772,9,1766,1772,7,1,has_var_poly_nrl,3,resize;nrlength_def;poly_nrl,7,src/StrengthenDomain.v:247;src/PrepareCodegen.v:188;polygen/ASTGen.v:662;polygen/ASTGen.v:706;polygen/Canonizer.v:87;polygen/Projection.v:608;polygen/Projection.v:668,0,,True,lib/Linalg.v:1764,True,True,"{""apply"": 1, ""assert"": 0, ""auto"": 2, ""destruct"": 1, ""eapply"": 0, ""eauto"": 0, ""firstorder"": 0, ""inversion"": 0, ""lia"": 0, ""nia"": 0, ""pose proof"": 0, ""repeat"": 0, ""rewrite"": 5, ""ring"": 0, ""specialize"": 0, ""subst"": 0, ""unfold"": 1}",polyhedron dimension/absence/resize,Linalg,explicit external token use; declaration name is repository-unique,retain in current owner,No duplicate or ownership mismatch identified in this audit.
poly_nrl_app,Lemma,,1774,1782,9,1776,1779,4,0,,1,poly_nrl,1,src/PolyLang.v:7160,0,,True,lib/Linalg.v:1774,True,True,"{""apply"": 0, ""assert"": 0, ""auto"": 0, ""destruct"": 0, ""eapply"": 0, ""eauto"": 0, ""firstorder"": 0, ""inversion"": 0, ""lia"": 0, ""nia"": 0, ""pose proof"": 0, ""repeat"": 0, ""rewrite"": 1, ""ring"": 0, ""specialize"": 0, ""subst"": 0, ""unfold"": 1}",polyhedron dimension/absence/resize,Linalg,explicit external token use; declaration name is repository-unique,retain in current owner,No duplicate or ownership mismatch identified in this audit.
absent_var,Definition,,1783,1784,2,,,0,4,has_var_poly_nrl;absent_var_cons;absent_var_head;absent_var_tail,1,polyhedron,25,polygen/Canonizer.v:34;polygen/Canonizer.v:34;polygen/Canonizer.v:50;polygen/Canonizer.v:50;polygen/Canonizer.v:66;polygen/Canonizer.v:66;polygen/Canonizer.v:80;polygen/Canonizer.v:80;polygen/Canonizer.v:116;polygen/Canonizer.v:116;polygen/Canonizer.v:178;polygen/Canonizer.v:178;polygen/PolyOperations.v:58;polygen/PolyOperations.v:58;polygen/PolyOperations.v:58;polygen/PolyOperations.v:65;polygen/PolyOperations.v:65;polygen/PolyOperations.v:66;polygen/PolyOperations.v:113;polygen/PolyOperations.v:113;polygen/PolyOperations.v:114;polygen/PolyOperations.v:124;polygen/Projection.v:73;polygen/Projection.v:76;polygen/Projection.v:76,0,,True,lib/Linalg.v:1783,True,True,"{""apply"": 0, ""assert"": 0, ""auto"": 0, ""destruct"": 0, ""eapply"": 0, ""eauto"": 0, ""firstorder"": 0, ""inversion"": 0, ""lia"": 0, ""nia"": 0, ""pose proof"": 0, ""repeat"": 0, ""rewrite"": 0, ""ring"": 0, ""specialize"": 0, ""subst"": 0, ""unfold"": 0}",polyhedron dimension/absence/resize,Linalg,explicit external token use; declaration name is repository-unique,retain in current owner,No duplicate or ownership mismatch identified in this audit.
has_var_poly_nrl,Lemma,,1786,1801,16,1788,1801,14,0,,7,vector_nth_veq;resize_length;nth_resize;nth_eq;poly_nrl;poly_nrl_def;absent_var,2,polygen/PolyOperations.v:78;polygen/PolyOperations.v:135,0,,True,lib/Linalg.v:1786,True,True,"{""apply"": 1, ""assert"": 0, ""auto"": 2, ""destruct"": 1, ""eapply"": 0, ""eauto"": 0, ""firstorder"": 0, ""inversion"": 0, ""lia"": 0, ""nia"": 0, ""pose proof"": 0, ""repeat"": 0, ""rewrite"": 5, ""ring"": 0, ""specialize"": 1, ""subst"": 0, ""unfold"": 0}",polyhedron dimension/absence/resize,Linalg,explicit external token use; declaration name is repository-unique,retain in current owner,No duplicate or ownership mismatch identified in this audit.
absent_var_cons,Lemma,,1803,1807,5,1805,1807,3,0,,1,absent_var,2,polygen/PolyOperations.v:122;polygen/PolyOperations.v:125,0,,True,lib/Linalg.v:1803,True,True,"{""apply"": 0, ""assert"": 0, ""auto"": 1, ""destruct"": 0, ""eapply"": 0, ""eauto"": 0, ""firstorder"": 0, ""inversion"": 0, ""lia"": 0, ""nia"": 0, ""pose proof"": 0, ""repeat"": 0, ""rewrite"": 0, ""ring"": 0, ""specialize"": 0, ""subst"": 0, ""unfold"": 0}",polyhedron dimension/absence/resize,Linalg,explicit external token use; declaration name is repository-unique,retain in current owner,No duplicate or ownership mismatch identified in this audit.
absent_var_head,Lemma,,1809,1813,5,1811,1813,3,0,,1,absent_var,2,polygen/PolyOperations.v:122;polygen/PolyOperations.v:126,0,,True,lib/Linalg.v:1809,True,True,"{""apply"": 1, ""assert"": 0, ""auto"": 1, ""destruct"": 0, ""eapply"": 0, ""eauto"": 0, ""firstorder"": 0, ""inversion"": 0, ""lia"": 0, ""nia"": 0, ""pose proof"": 0, ""repeat"": 0, ""rewrite"": 0, ""ring"": 0, ""specialize"": 0, ""subst"": 0, ""unfold"": 0}",polyhedron dimension/absence/resize,Linalg,explicit external token use; declaration name is repository-unique,retain in current owner,No duplicate or ownership mismatch identified in this audit.
absent_var_tail,Lemma,,1815,1822,8,1817,1819,3,0,,1,absent_var,1,polygen/PolyOperations.v:122,0,,True,lib/Linalg.v:1815,True,True,"{""apply"": 1, ""assert"": 0, ""auto"": 1, ""destruct"": 0, ""eapply"": 0, ""eauto"": 0, ""firstorder"": 0, ""inversion"": 0, ""lia"": 0, ""nia"": 0, ""pose proof"": 0, ""repeat"": 0, ""rewrite"": 0, ""ring"": 0, ""specialize"": 0, ""subst"": 0, ""unfold"": 0}",polyhedron dimension/absence/resize,Linalg,explicit external token use; declaration name is repository-unique,retain in current owner,No duplicate or ownership mismatch identified in this audit.
resize_poly,Definition,,1824,1824,1,,,0,2,resize_poly_in;resize_poly_nrl,2,polyhedron;resize,2,polygen/PolyLoopSimpl.v:44;polygen/PolyLoopSimpl.v:50,0,,True,lib/Linalg.v:1824,True,True,"{""apply"": 0, ""assert"": 0, ""auto"": 0, ""destruct"": 0, ""eapply"": 0, ""eauto"": 0, ""firstorder"": 0, ""inversion"": 0, ""lia"": 0, ""nia"": 0, ""pose proof"": 0, ""repeat"": 0, ""rewrite"": 0, ""ring"": 0, ""specialize"": 0, ""subst"": 0, ""unfold"": 0}",polyhedron dimension/absence/resize,Linalg,explicit external token use; declaration name is repository-unique,retain in current owner,No duplicate or ownership mismatch identified in this audit.
resize_poly_in,Lemma,,1825,1832,8,1827,1832,6,0,,4,satisfies_constraint;in_poly;dot_product_resize_right;resize_poly,4,polygen/PolyLoopSimpl.v:73;polygen/PolyLoopSimpl.v:81;polygen/PolyLoopSimpl.v:94;polygen/PolyLoopSimpl.v:99,0,,True,lib/Linalg.v:1825,True,True,"{""apply"": 1, ""assert"": 0, ""auto"": 0, ""destruct"": 0, ""eapply"": 0, ""eauto"": 0, ""firstorder"": 0, ""inversion"": 0, ""lia"": 0, ""nia"": 0, ""pose proof"": 0, ""repeat"": 0, ""rewrite"": 2, ""ring"": 0, ""specialize"": 0, ""subst"": 0, ""unfold"": 2}",polyhedron dimension/absence/resize,Linalg,explicit external token use; declaration name is repository-unique,retain in current owner,No duplicate or ownership mismatch identified in this audit.
resize_poly_nrl,Lemma,,1834,1842,9,1836,1840,5,0,,4,resize_resize;nrlength_def;poly_nrl;resize_poly,2,polygen/PolyLoopSimpl.v:79;polygen/PolyLoopSimpl.v:95,0,,True,lib/Linalg.v:1834,True,True,"{""apply"": 1, ""assert"": 0, ""auto"": 1, ""destruct"": 1, ""eapply"": 0, ""eauto"": 0, ""firstorder"": 0, ""inversion"": 0, ""lia"": 0, ""nia"": 0, ""pose proof"": 0, ""repeat"": 0, ""rewrite"": 4, ""ring"": 0, ""specialize"": 0, ""subst"": 0, ""unfold"": 1}",polyhedron dimension/absence/resize,Linalg,explicit external token use; declaration name is repository-unique,retain in current owner,No duplicate or ownership mismatch identified in this audit.
all_disjoint,Definition,,1844,1847,4,,,0,6,all_disjoint_nil;all_disjoint_cons;all_disjoint_cons_rev;all_disjoint_app;all_disjoint_flatten;all_disjoint_map_filter,1,in_poly,5,polygen/PolyOperations.v:140;polygen/PolyOperations.v:147;polygen/PolyOperations.v:229;polygen/PolyOperations.v:323;polygen/PolyOperations.v:412,0,,True,lib/Linalg.v:1844,True,True,"{""apply"": 0, ""assert"": 0, ""auto"": 0, ""destruct"": 0, ""eapply"": 0, ""eauto"": 0, ""firstorder"": 0, ""inversion"": 0, ""lia"": 0, ""nia"": 0, ""pose proof"": 0, ""repeat"": 0, ""rewrite"": 0, ""ring"": 0, ""specialize"": 0, ""subst"": 0, ""unfold"": 0}",constraint disjointness,Linalg,explicit external token use; declaration name is repository-unique,retain in current owner,No duplicate or ownership mismatch identified in this audit.
all_disjoint_nil,Lemma,,1849,1853,5,1851,1853,3,1,all_disjoint_flatten,1,all_disjoint,3,polygen/PolyOperations.v:144;polygen/PolyOperations.v:235;polygen/PolyOperations.v:238,0,,True,lib/Linalg.v:1849,True,True,"{""apply"": 0, ""assert"": 0, ""auto"": 0, ""destruct"": 0, ""eapply"": 0, ""eauto"": 0, ""firstorder"": 0, ""inversion"": 0, ""lia"": 0, ""nia"": 0, ""pose proof"": 0, ""repeat"": 0, ""rewrite"": 0, ""ring"": 0, ""specialize"": 0, ""subst"": 0, ""unfold"": 0}",constraint disjointness,Linalg,explicit external token use; declaration name is repository-unique,retain in current owner,No duplicate or ownership mismatch identified in this audit.
all_disjoint_cons,Lemma,,1855,1861,7,1857,1861,5,2,all_disjoint_app;all_disjoint_map_filter,2,in_poly;all_disjoint,3,polygen/PolyOperations.v:148;polygen/PolyOperations.v:235;polygen/PolyOperations.v:238,0,,True,lib/Linalg.v:1855,True,True,"{""apply"": 2, ""assert"": 0, ""auto"": 1, ""destruct"": 2, ""eapply"": 1, ""eauto"": 2, ""firstorder"": 0, ""inversion"": 0, ""lia"": 0, ""nia"": 0, ""pose proof"": 0, ""repeat"": 0, ""rewrite"": 0, ""ring"": 0, ""specialize"": 0, ""subst"": 0, ""unfold"": 0}",constraint disjointness,Linalg,explicit external token use; declaration name is repository-unique,retain in current owner,No duplicate or ownership mismatch identified in this audit.
all_disjoint_cons_rev,Lemma,,1863,1874,12,1865,1874,10,2,all_disjoint_app;all_disjoint_map_filter,2,in_poly;all_disjoint,1,polygen/PolyOperations.v:147,0,,True,lib/Linalg.v:1863,True,True,"{""apply"": 2, ""assert"": 1, ""auto"": 1, ""destruct"": 1, ""eapply"": 1, ""eauto"": 1, ""firstorder"": 0, ""inversion"": 0, ""lia"": 0, ""nia"": 0, ""pose proof"": 0, ""repeat"": 0, ""rewrite"": 0, ""ring"": 0, ""specialize"": 1, ""subst"": 0, ""unfold"": 0}",constraint disjointness,Linalg,explicit external token use; declaration name is repository-unique,retain in current owner,No duplicate or ownership mismatch identified in this audit.
all_disjoint_app,Lemma,,1876,1888,13,1879,1888,10,1,all_disjoint_flatten,4,in_poly;all_disjoint;all_disjoint_cons;all_disjoint_cons_rev,1,polygen/PolyOperations.v:237,0,,True,lib/Linalg.v:1876,True,True,"{""apply"": 3, ""assert"": 0, ""auto"": 1, ""destruct"": 2, ""eapply"": 3, ""eauto"": 3, ""firstorder"": 0, ""inversion"": 0, ""lia"": 0, ""nia"": 0, ""pose proof"": 0, ""repeat"": 0, ""rewrite"": 1, ""ring"": 0, ""specialize"": 0, ""subst"": 0, ""unfold"": 0}",constraint disjointness,Linalg,explicit external token use; declaration name is repository-unique,retain in current owner,No duplicate or ownership mismatch identified in this audit.
all_disjoint_flatten,Lemma,,1890,1905,16,1894,1905,12,0,,4,in_poly;all_disjoint;all_disjoint_nil;all_disjoint_app,1,polygen/PolyOperations.v:332,0,,True,lib/Linalg.v:1890,True,True,"{""apply"": 6, ""assert"": 0, ""auto"": 2, ""destruct"": 2, ""eapply"": 2, ""eauto"": 2, ""firstorder"": 0, ""inversion"": 0, ""lia"": 0, ""nia"": 0, ""pose proof"": 0, ""repeat"": 0, ""rewrite"": 1, ""ring"": 0, ""specialize"": 0, ""subst"": 0, ""unfold"": 0}",constraint disjointness,Linalg,explicit external token use; declaration name is repository-unique,retain in current owner,No duplicate or ownership mismatch identified in this audit.
all_disjoint_map_filter,Lemma,,1907,1921,15,1909,1919,11,0,,4,polyhedron;all_disjoint;all_disjoint_cons;all_disjoint_cons_rev,1,polygen/PolyOperations.v:417,0,,True,lib/Linalg.v:1907,True,True,"{""apply"": 2, ""assert"": 0, ""auto"": 3, ""destruct"": 3, ""eapply"": 1, ""eauto"": 1, ""firstorder"": 0, ""inversion"": 0, ""lia"": 0, ""nia"": 0, ""pose proof"": 0, ""repeat"": 0, ""rewrite"": 3, ""ring"": 0, ""specialize"": 0, ""subst"": 0, ""unfold"": 0}",constraint disjointness,Linalg,explicit external token use; declaration name is repository-unique,retain in current owner,No duplicate or ownership mismatch identified in this audit.
check_listzzs_cols,Definition,,1922,1927,6,,,0,1,check_listzzs_cols_correct,0,,21,src/AffineValidator.v:201;src/AffineValidator.v:206;src/AffineValidator.v:213;src/AffineValidator.v:244;src/AffineValidator.v:247;src/AffineValidator.v:249;src/AffineValidator.v:252;src/AffineValidator.v:258;src/AffineValidator.v:264;src/AffineValidator.v:298;src/AffineValidator.v:300;src/AffineValidator.v:302;src/AffineValidator.v:304;src/AffineValidator.v:309;src/AffineValidator.v:315;src/AffineValidator.v:779;src/AffineValidator.v:785;src/AffineValidator.v:792;src/AffineValidator.v:799;src/AffineValidator.v:808;src/AffineValidator.v:818,0,,True,lib/Linalg.v:1922,True,True,"{""apply"": 0, ""assert"": 0, ""auto"": 0, ""destruct"": 0, ""eapply"": 0, ""eauto"": 0, ""firstorder"": 0, ""inversion"": 0, ""lia"": 0, ""nia"": 0, ""pose proof"": 0, ""repeat"": 0, ""rewrite"": 0, ""ring"": 0, ""specialize"": 0, ""subst"": 0, ""unfold"": 0}",matrix-dimension checker,Linalg,explicit external token use; declaration name is repository-unique,retain in current owner,No duplicate or ownership mismatch identified in this audit.
check_listzzs_cols_correct,Lemma,,1929,1945,17,1933,1945,13,0,,2,exact_listzzs_cols;check_listzzs_cols,6,src/AffineValidator.v:829;src/AffineValidator.v:831;src/AffineValidator.v:833;src/AffineValidator.v:835;src/AffineValidator.v:851;src/AffineValidator.v:868,0,,True,lib/Linalg.v:1929,True,True,"{""apply"": 0, ""assert"": 0, ""auto"": 0, ""destruct"": 0, ""eapply"": 4, ""eauto"": 1, ""firstorder"": 0, ""inversion"": 0, ""lia"": 1, ""nia"": 0, ""pose proof"": 0, ""repeat"": 0, ""rewrite"": 1, ""ring"": 0, ""specialize"": 0, ""subst"": 0, ""unfold"": 3}",matrix-dimension checker,Linalg,explicit external token use; declaration name is repository-unique,retain in current owner,No duplicate or ownership mismatch identified in this audit.
