kind,visibility,name,qualified_name,module_path,section_path,mutual_parent,decl_line,decl_end_line,declaration_span_lines,proof_line,proof_end_line,proof_terminator,proof_span_lines,proof_body_nonblank_lines,internal_dependencies_count,internal_dependencies,internal_callers_count,internal_callers,qualified_external_use_count,qualified_external_uses,confirmed_external_root,reachable_from_any_external_root,config_root,reachable_from_config_root,layer,responsibility,hidden_structure,recommended_refactor,priority,refactor_risk,api_constraint
Lemma,Public,reject_tiling_no_return,ParallelPolOptCorrect.reject_tiling_no_return,ParallelPolOptCorrect,,,38,47,11,40,47,Qed,8,6,0,,1,reject_tiling_contradiction,0,,no,yes,no,yes,Failure elimination,Driver-local impure control-flow fact,low,Keep the no-return lemmas; mark the two short Ltac wrappers Local only if API compatibility permits. Otherwise preserve them.,retain,low,Exported and transitively used by a config entry; preserve name and type.
Lemma,Public,reject_post_tiling_affine_no_return,ParallelPolOptCorrect.reject_post_tiling_affine_no_return,ParallelPolOptCorrect,,,49,60,13,52,60,Qed,9,7,0,,1,reject_post_tiling_affine_contradiction,0,,no,yes,no,yes,Failure elimination,Driver-local impure control-flow fact,low,Keep the no-return lemmas; mark the two short Ltac wrappers Local only if API compatibility permits. Otherwise preserve them.,retain,low,Exported and transitively used by a config entry; preserve name and type.
Ltac,Public,reject_tiling_contradiction,ParallelPolOptCorrect.reject_tiling_contradiction,ParallelPolOptCorrect,,,62,64,3,,,,0,0,1,reject_tiling_no_return,22,diamond_phase_pipeline_opt_prepared_from_poly_no_iss_poly_correct;diamond_phase_pipeline_opt_prepared_from_poly_no_iss_poly_wf;diamond_phase_pipeline_opt_prepared_from_poly_with_iss_poly_correct;diamond_phase_pipeline_opt_prepared_from_poly_with_iss_poly_wf;identity_tiling_opt_prepared_from_poly_no_iss_poly_correct;identity_tiling_opt_prepared_from_poly_no_iss_poly_wf;phase_pipeline_opt_prepared_from_poly_no_iss_poly_correct;phase_pipeline_opt_prepared_from_poly_no_iss_poly_wf;phase_pipeline_opt_prepared_from_poly_with_iss_poly_correct;phase_pipeline_opt_prepared_from_poly_with_iss_poly_wf;try_diamond_phase_pipeline_from_source_pol_poly_correct;try_diamond_phase_pipeline_from_source_pol_poly_wf;try_diamond_phase_pipeline_from_source_pol_poly_with_iss_correct;try_diamond_phase_pipeline_from_source_pol_poly_with_iss_wf;try_identity_tiling_phase_pipeline_from_source_pol_poly_correct;try_identity_tiling_phase_pipeline_from_source_pol_poly_wf;try_phase_pipeline_from_source_pol_poly_correct;try_phase_pipeline_from_source_pol_poly_wf;try_verified_diamond_after_phase_mid_poly_correct;try_verified_diamond_after_phase_mid_poly_wf;try_verified_tiling_after_phase_mid_poly_correct;try_verified_tiling_after_phase_mid_poly_wf,0,,no,yes,no,yes,Failure elimination,Driver-local impure control-flow fact,low,Keep the no-return lemmas; mark the two short Ltac wrappers Local only if API compatibility permits. Otherwise preserve them.,retain,low,Exported and transitively used by a config entry; preserve name and type.
Ltac,Public,reject_post_tiling_affine_contradiction,ParallelPolOptCorrect.reject_post_tiling_affine_contradiction,ParallelPolOptCorrect,,,65,67,3,,,,0,0,1,reject_post_tiling_affine_no_return,2,try_verified_diamond_after_phase_mid_poly_correct;try_verified_diamond_after_phase_mid_poly_wf,0,,no,yes,no,yes,Failure elimination,Driver-local impure control-flow fact,low,Keep the no-return lemmas; mark the two short Ltac wrappers Local only if API compatibility permits. Otherwise preserve them.,retain,low,Exported and transitively used by a config entry; preserve name and type.
Lemma,Public,checked_parallel_current_annotated_codegen_at_correct,ParallelPolOptCorrect.checked_parallel_current_annotated_codegen_at_correct,ParallelPolOptCorrect,,,68,79,13,75,79,Qed,5,3,0,,10,parallel_current_affine_prepared_from_poly_correct;parallel_current_affine_prepared_from_poly_with_iss_correct;parallel_current_diamond_prepared_from_poly_correct;parallel_current_diamond_prepared_from_poly_with_iss_correct;parallel_current_identity_prepared_from_poly_correct;parallel_current_identity_prepared_from_poly_with_iss_correct;parallel_current_identity_tiled_prepared_from_poly_correct;parallel_current_identity_tiled_prepared_from_poly_with_iss_correct;parallel_current_prepared_from_poly_correct;parallel_current_prepared_from_poly_with_iss_correct,0,,no,yes,no,yes,Annotation/codegen boundary,Thin adapter to existing parallel/vector annotation and codegen correctness,low,Keep as named boundary wrappers; their current proofs are already short.,retain,low,Exported and transitively used by a config entry; preserve name and type.
Lemma,Public,checked_vector_current_annotated_codegen_at_correct,ParallelPolOptCorrect.checked_vector_current_annotated_codegen_at_correct,ParallelPolOptCorrect,,,81,92,13,88,92,Qed,5,3,0,,10,vector_current_affine_prepared_from_poly_correct;vector_current_affine_prepared_from_poly_with_iss_correct;vector_current_diamond_prepared_from_poly_correct;vector_current_diamond_prepared_from_poly_with_iss_correct;vector_current_identity_prepared_from_poly_correct;vector_current_identity_prepared_from_poly_with_iss_correct;vector_current_identity_tiled_prepared_from_poly_correct;vector_current_identity_tiled_prepared_from_poly_with_iss_correct;vector_current_prepared_from_poly_correct;vector_current_prepared_from_poly_with_iss_correct,0,,no,yes,no,yes,Annotation/codegen boundary,Thin adapter to existing parallel/vector annotation and codegen correctness,low,Keep as named boundary wrappers; their current proofs are already short.,retain,low,Exported and transitively used by a config entry; preserve name and type.
Lemma,Public,checked_parallel_current_many_annotated_codegen_at_correct,ParallelPolOptCorrect.checked_parallel_current_many_annotated_codegen_at_correct,ParallelPolOptCorrect,,,94,110,20,101,110,Qed,10,8,0,,10,parallel_current_many_affine_prepared_from_poly_correct;parallel_current_many_affine_prepared_from_poly_with_iss_correct;parallel_current_many_diamond_prepared_from_poly_correct;parallel_current_many_diamond_prepared_from_poly_with_iss_correct;parallel_current_many_identity_prepared_from_poly_correct;parallel_current_many_identity_prepared_from_poly_with_iss_correct;parallel_current_many_identity_tiled_prepared_from_poly_correct;parallel_current_many_identity_tiled_prepared_from_poly_with_iss_correct;parallel_current_many_prepared_from_poly_correct;parallel_current_many_prepared_from_poly_with_iss_correct,0,,no,yes,no,yes,Annotation/codegen boundary,Thin adapter to existing parallel/vector annotation and codegen correctness,low,Keep as named boundary wrappers; their current proofs are already short.,retain,low,Exported and transitively used by a config entry; preserve name and type.
Lemma,Public,try_verified_tiling_after_phase_mid_poly_correct,ParallelPolOptCorrect.try_verified_tiling_after_phase_mid_poly_correct,ParallelPolOptCorrect,,,114,157,45,123,157,Qed,35,33,1,reject_tiling_contradiction,2,try_identity_tiling_phase_pipeline_from_source_pol_poly_correct;try_phase_pipeline_from_source_pol_poly_correct,0,,no,yes,no,yes,Polyhedral preprocessing,"Driver orchestration of ISS, affine validation, tiling validation, fallback, and well-formedness",medium: nested executable-route inversion dominates the proof,Own orchestration here; keep transformation theory in ISS/affine/tiling modules. Pair semantic and wf proofs through a private route-spec helper.,P1,medium,Exported and transitively used by a config entry; preserve name and type.
Lemma,Public,try_verified_tiling_after_phase_mid_poly_wf,ParallelPolOptCorrect.try_verified_tiling_after_phase_mid_poly_wf,ParallelPolOptCorrect,,,159,193,36,166,193,Qed,28,26,1,reject_tiling_contradiction,2,try_identity_tiling_phase_pipeline_from_source_pol_poly_wf;try_phase_pipeline_from_source_pol_poly_wf,0,,no,yes,no,yes,Polyhedral preprocessing,"Driver orchestration of ISS, affine validation, tiling validation, fallback, and well-formedness",low,Own orchestration here; keep transformation theory in ISS/affine/tiling modules. Pair semantic and wf proofs through a private route-spec helper.,P1,medium,Exported and transitively used by a config entry; preserve name and type.
Lemma,Public,try_phase_pipeline_from_source_pol_poly_correct,ParallelPolOptCorrect.try_phase_pipeline_from_source_pol_poly_correct,ParallelPolOptCorrect,,,195,235,42,205,235,Qed,31,29,2,reject_tiling_contradiction;try_verified_tiling_after_phase_mid_poly_correct,2,phase_pipeline_opt_prepared_from_poly_no_iss_poly_correct;try_checked_iss_phase_pipeline_from_poly_poly_correct,0,,no,yes,no,yes,Polyhedral preprocessing,"Driver orchestration of ISS, affine validation, tiling validation, fallback, and well-formedness",medium: nested executable-route inversion dominates the proof,Own orchestration here; keep transformation theory in ISS/affine/tiling modules. Pair semantic and wf proofs through a private route-spec helper.,P1,medium,Exported and transitively used by a config entry; preserve name and type.
Lemma,Public,try_phase_pipeline_from_source_pol_poly_wf,ParallelPolOptCorrect.try_phase_pipeline_from_source_pol_poly_wf,ParallelPolOptCorrect,,,237,261,26,245,261,Qed,17,15,2,reject_tiling_contradiction;try_verified_tiling_after_phase_mid_poly_wf,2,phase_pipeline_opt_prepared_from_poly_no_iss_poly_wf;try_checked_iss_phase_pipeline_from_poly_poly_wf,0,,no,yes,no,yes,Polyhedral preprocessing,"Driver orchestration of ISS, affine validation, tiling validation, fallback, and well-formedness",low,Own orchestration here; keep transformation theory in ISS/affine/tiling modules. Pair semantic and wf proofs through a private route-spec helper.,P1,medium,Exported and transitively used by a config entry; preserve name and type.
Lemma,Public,try_identity_tiling_phase_pipeline_from_source_pol_poly_correct,ParallelPolOptCorrect.try_identity_tiling_phase_pipeline_from_source_pol_poly_correct,ParallelPolOptCorrect,,,263,304,43,273,304,Qed,32,30,2,reject_tiling_contradiction;try_verified_tiling_after_phase_mid_poly_correct,1,identity_tiling_opt_prepared_from_poly_no_iss_poly_correct,0,,no,yes,no,yes,Polyhedral preprocessing,"Driver orchestration of ISS, affine validation, tiling validation, fallback, and well-formedness",medium: nested executable-route inversion dominates the proof,Own orchestration here; keep transformation theory in ISS/affine/tiling modules. Pair semantic and wf proofs through a private route-spec helper.,P1,medium,Exported and transitively used by a config entry; preserve name and type.
Lemma,Public,try_identity_tiling_phase_pipeline_from_source_pol_poly_wf,ParallelPolOptCorrect.try_identity_tiling_phase_pipeline_from_source_pol_poly_wf,ParallelPolOptCorrect,,,306,331,27,314,331,Qed,18,16,2,reject_tiling_contradiction;try_verified_tiling_after_phase_mid_poly_wf,1,identity_tiling_opt_prepared_from_poly_no_iss_poly_wf,0,,no,yes,no,yes,Polyhedral preprocessing,"Driver orchestration of ISS, affine validation, tiling validation, fallback, and well-formedness",low,Own orchestration here; keep transformation theory in ISS/affine/tiling modules. Pair semantic and wf proofs through a private route-spec helper.,P1,medium,Exported and transitively used by a config entry; preserve name and type.
Lemma,Public,try_verified_diamond_after_phase_mid_poly_correct,ParallelPolOptCorrect.try_verified_diamond_after_phase_mid_poly_correct,ParallelPolOptCorrect,,,333,398,67,343,398,Qed,56,54,2,reject_post_tiling_affine_contradiction;reject_tiling_contradiction,2,try_diamond_phase_pipeline_from_source_pol_poly_correct;try_diamond_phase_pipeline_from_source_pol_poly_with_iss_correct,0,,no,yes,no,yes,Polyhedral preprocessing,"Driver orchestration of ISS, affine validation, tiling validation, fallback, and well-formedness",medium: nested executable-route inversion dominates the proof,Own orchestration here; keep transformation theory in ISS/affine/tiling modules. Pair semantic and wf proofs through a private route-spec helper.,P1,medium,Exported and transitively used by a config entry; preserve name and type.
Lemma,Public,try_verified_diamond_after_phase_mid_poly_wf,ParallelPolOptCorrect.try_verified_diamond_after_phase_mid_poly_wf,ParallelPolOptCorrect,,,400,445,47,408,445,Qed,38,36,2,reject_post_tiling_affine_contradiction;reject_tiling_contradiction,2,try_diamond_phase_pipeline_from_source_pol_poly_wf;try_diamond_phase_pipeline_from_source_pol_poly_with_iss_wf,0,,no,yes,no,yes,Polyhedral preprocessing,"Driver orchestration of ISS, affine validation, tiling validation, fallback, and well-formedness",medium: nested executable-route inversion dominates the proof,Own orchestration here; keep transformation theory in ISS/affine/tiling modules. Pair semantic and wf proofs through a private route-spec helper.,P1,medium,Exported and transitively used by a config entry; preserve name and type.
Lemma,Public,try_diamond_phase_pipeline_from_source_pol_poly_correct,ParallelPolOptCorrect.try_diamond_phase_pipeline_from_source_pol_poly_correct,ParallelPolOptCorrect,,,447,488,43,457,488,Qed,32,30,2,reject_tiling_contradiction;try_verified_diamond_after_phase_mid_poly_correct,2,diamond_phase_pipeline_opt_prepared_from_poly_no_iss_poly_correct;try_checked_iss_diamond_phase_pipeline_from_poly_poly_correct,0,,no,yes,no,yes,Polyhedral preprocessing,"Driver orchestration of ISS, affine validation, tiling validation, fallback, and well-formedness",medium: nested executable-route inversion dominates the proof,Own orchestration here; keep transformation theory in ISS/affine/tiling modules. Pair semantic and wf proofs through a private route-spec helper.,P1,medium,Exported and transitively used by a config entry; preserve name and type.
Lemma,Public,try_diamond_phase_pipeline_from_source_pol_poly_wf,ParallelPolOptCorrect.try_diamond_phase_pipeline_from_source_pol_poly_wf,ParallelPolOptCorrect,,,490,515,27,498,515,Qed,18,16,2,reject_tiling_contradiction;try_verified_diamond_after_phase_mid_poly_wf,2,diamond_phase_pipeline_opt_prepared_from_poly_no_iss_poly_wf;try_checked_iss_diamond_phase_pipeline_from_poly_poly_wf,0,,no,yes,no,yes,Polyhedral preprocessing,"Driver orchestration of ISS, affine validation, tiling validation, fallback, and well-formedness",low,Own orchestration here; keep transformation theory in ISS/affine/tiling modules. Pair semantic and wf proofs through a private route-spec helper.,P1,medium,Exported and transitively used by a config entry; preserve name and type.
Lemma,Public,diamond_phase_pipeline_opt_prepared_from_poly_no_iss_poly_correct,ParallelPolOptCorrect.diamond_phase_pipeline_opt_prepared_from_poly_no_iss_poly_correct,ParallelPolOptCorrect,,,517,536,21,524,536,Qed,13,11,2,reject_tiling_contradiction;try_diamond_phase_pipeline_from_source_pol_poly_correct,3,parallel_current_diamond_prepared_from_poly_correct;parallel_current_many_diamond_prepared_from_poly_correct;vector_current_diamond_prepared_from_poly_correct,0,,no,yes,no,yes,Polyhedral preprocessing,"Driver orchestration of ISS, affine validation, tiling validation, fallback, and well-formedness",low,Own orchestration here; keep transformation theory in ISS/affine/tiling modules. Pair semantic and wf proofs through a private route-spec helper.,P1,medium,Exported and transitively used by a config entry; preserve name and type.
Lemma,Public,diamond_phase_pipeline_opt_prepared_from_poly_no_iss_poly_wf,ParallelPolOptCorrect.diamond_phase_pipeline_opt_prepared_from_poly_no_iss_poly_wf,ParallelPolOptCorrect,,,538,554,18,543,554,Qed,12,10,2,reject_tiling_contradiction;try_diamond_phase_pipeline_from_source_pol_poly_wf,3,parallel_current_diamond_prepared_from_poly_correct;parallel_current_many_diamond_prepared_from_poly_correct;vector_current_diamond_prepared_from_poly_correct,0,,no,yes,no,yes,Polyhedral preprocessing,"Driver orchestration of ISS, affine validation, tiling validation, fallback, and well-formedness",low,Own orchestration here; keep transformation theory in ISS/affine/tiling modules. Pair semantic and wf proofs through a private route-spec helper.,P1,medium,Exported and transitively used by a config entry; preserve name and type.
Lemma,Public,try_diamond_phase_pipeline_from_source_pol_poly_with_iss_correct,ParallelPolOptCorrect.try_diamond_phase_pipeline_from_source_pol_poly_with_iss_correct,ParallelPolOptCorrect,,,556,597,43,566,597,Qed,32,30,2,reject_tiling_contradiction;try_verified_diamond_after_phase_mid_poly_correct,1,try_checked_iss_diamond_phase_pipeline_from_poly_poly_correct,0,,no,yes,no,yes,Polyhedral preprocessing,"Driver orchestration of ISS, affine validation, tiling validation, fallback, and well-formedness",medium: nested executable-route inversion dominates the proof,Own orchestration here; keep transformation theory in ISS/affine/tiling modules. Pair semantic and wf proofs through a private route-spec helper.,P1,medium,Exported and transitively used by a config entry; preserve name and type.
Lemma,Public,try_diamond_phase_pipeline_from_source_pol_poly_with_iss_wf,ParallelPolOptCorrect.try_diamond_phase_pipeline_from_source_pol_poly_with_iss_wf,ParallelPolOptCorrect,,,599,624,27,607,624,Qed,18,16,2,reject_tiling_contradiction;try_verified_diamond_after_phase_mid_poly_wf,1,try_checked_iss_diamond_phase_pipeline_from_poly_poly_wf,0,,no,yes,no,yes,Polyhedral preprocessing,"Driver orchestration of ISS, affine validation, tiling validation, fallback, and well-formedness",low,Own orchestration here; keep transformation theory in ISS/affine/tiling modules. Pair semantic and wf proofs through a private route-spec helper.,P1,medium,Exported and transitively used by a config entry; preserve name and type.
Lemma,Public,try_checked_iss_diamond_phase_pipeline_from_poly_poly_correct,ParallelPolOptCorrect.try_checked_iss_diamond_phase_pipeline_from_poly_poly_correct,ParallelPolOptCorrect,,,626,667,43,636,667,Qed,32,30,2,try_diamond_phase_pipeline_from_source_pol_poly_correct;try_diamond_phase_pipeline_from_source_pol_poly_with_iss_correct,1,diamond_phase_pipeline_opt_prepared_from_poly_with_iss_poly_correct,0,,no,yes,no,yes,Polyhedral preprocessing,"Driver orchestration of ISS, affine validation, tiling validation, fallback, and well-formedness",medium: nested executable-route inversion dominates the proof,Own orchestration here; keep transformation theory in ISS/affine/tiling modules. Pair semantic and wf proofs through a private route-spec helper.,P1,medium,Exported and transitively used by a config entry; preserve name and type.
Lemma,Public,try_checked_iss_diamond_phase_pipeline_from_poly_poly_wf,ParallelPolOptCorrect.try_checked_iss_diamond_phase_pipeline_from_poly_poly_wf,ParallelPolOptCorrect,,,669,695,28,677,695,Qed,19,17,2,try_diamond_phase_pipeline_from_source_pol_poly_wf;try_diamond_phase_pipeline_from_source_pol_poly_with_iss_wf,1,diamond_phase_pipeline_opt_prepared_from_poly_with_iss_poly_wf,0,,no,yes,no,yes,Polyhedral preprocessing,"Driver orchestration of ISS, affine validation, tiling validation, fallback, and well-formedness",low,Own orchestration here; keep transformation theory in ISS/affine/tiling modules. Pair semantic and wf proofs through a private route-spec helper.,P1,medium,Exported and transitively used by a config entry; preserve name and type.
Lemma,Public,diamond_phase_pipeline_opt_prepared_from_poly_with_iss_poly_correct,ParallelPolOptCorrect.diamond_phase_pipeline_opt_prepared_from_poly_with_iss_poly_correct,ParallelPolOptCorrect,,,697,716,21,704,716,Qed,13,11,2,reject_tiling_contradiction;try_checked_iss_diamond_phase_pipeline_from_poly_poly_correct,3,parallel_current_diamond_prepared_from_poly_with_iss_correct;parallel_current_many_diamond_prepared_from_poly_with_iss_correct;vector_current_diamond_prepared_from_poly_with_iss_correct,0,,no,yes,no,yes,Polyhedral preprocessing,"Driver orchestration of ISS, affine validation, tiling validation, fallback, and well-formedness",low,Own orchestration here; keep transformation theory in ISS/affine/tiling modules. Pair semantic and wf proofs through a private route-spec helper.,P1,medium,Exported and transitively used by a config entry; preserve name and type.
Lemma,Public,diamond_phase_pipeline_opt_prepared_from_poly_with_iss_poly_wf,ParallelPolOptCorrect.diamond_phase_pipeline_opt_prepared_from_poly_with_iss_poly_wf,ParallelPolOptCorrect,,,718,734,18,723,734,Qed,12,10,2,reject_tiling_contradiction;try_checked_iss_diamond_phase_pipeline_from_poly_poly_wf,3,parallel_current_diamond_prepared_from_poly_with_iss_correct;parallel_current_many_diamond_prepared_from_poly_with_iss_correct;vector_current_diamond_prepared_from_poly_with_iss_correct,0,,no,yes,no,yes,Polyhedral preprocessing,"Driver orchestration of ISS, affine validation, tiling validation, fallback, and well-formedness",low,Own orchestration here; keep transformation theory in ISS/affine/tiling modules. Pair semantic and wf proofs through a private route-spec helper.,P1,medium,Exported and transitively used by a config entry; preserve name and type.
Lemma,Public,phase_pipeline_opt_prepared_from_poly_no_iss_poly_correct,ParallelPolOptCorrect.phase_pipeline_opt_prepared_from_poly_no_iss_poly_correct,ParallelPolOptCorrect,,,736,755,21,743,755,Qed,13,11,2,reject_tiling_contradiction;try_phase_pipeline_from_source_pol_poly_correct,3,parallel_current_many_prepared_from_poly_correct;parallel_current_prepared_from_poly_correct;vector_current_prepared_from_poly_correct,0,,no,yes,no,yes,Polyhedral preprocessing,"Driver orchestration of ISS, affine validation, tiling validation, fallback, and well-formedness",low,Own orchestration here; keep transformation theory in ISS/affine/tiling modules. Pair semantic and wf proofs through a private route-spec helper.,P1,medium,Exported and transitively used by a config entry; preserve name and type.
Lemma,Public,phase_pipeline_opt_prepared_from_poly_no_iss_poly_wf,ParallelPolOptCorrect.phase_pipeline_opt_prepared_from_poly_no_iss_poly_wf,ParallelPolOptCorrect,,,757,773,18,762,773,Qed,12,10,2,reject_tiling_contradiction;try_phase_pipeline_from_source_pol_poly_wf,3,parallel_current_many_prepared_from_poly_correct;parallel_current_prepared_from_poly_correct;vector_current_prepared_from_poly_correct,0,,no,yes,no,yes,Polyhedral preprocessing,"Driver orchestration of ISS, affine validation, tiling validation, fallback, and well-formedness",low,Own orchestration here; keep transformation theory in ISS/affine/tiling modules. Pair semantic and wf proofs through a private route-spec helper.,P1,medium,Exported and transitively used by a config entry; preserve name and type.
Lemma,Public,identity_tiling_opt_prepared_from_poly_no_iss_poly_correct,ParallelPolOptCorrect.identity_tiling_opt_prepared_from_poly_no_iss_poly_correct,ParallelPolOptCorrect,,,775,794,21,782,794,Qed,13,11,2,reject_tiling_contradiction;try_identity_tiling_phase_pipeline_from_source_pol_poly_correct,4,identity_tiling_opt_prepared_from_poly_with_iss_poly_correct;parallel_current_identity_tiled_prepared_from_poly_correct;parallel_current_many_identity_tiled_prepared_from_poly_correct;vector_current_identity_tiled_prepared_from_poly_correct,0,,no,yes,no,yes,Polyhedral preprocessing,"Driver orchestration of ISS, affine validation, tiling validation, fallback, and well-formedness",low,Own orchestration here; keep transformation theory in ISS/affine/tiling modules. Pair semantic and wf proofs through a private route-spec helper.,P1,medium,Exported and transitively used by a config entry; preserve name and type.
Lemma,Public,identity_tiling_opt_prepared_from_poly_no_iss_poly_wf,ParallelPolOptCorrect.identity_tiling_opt_prepared_from_poly_no_iss_poly_wf,ParallelPolOptCorrect,,,796,812,18,801,812,Qed,12,10,2,reject_tiling_contradiction;try_identity_tiling_phase_pipeline_from_source_pol_poly_wf,4,identity_tiling_opt_prepared_from_poly_with_iss_poly_wf;parallel_current_identity_tiled_prepared_from_poly_correct;parallel_current_many_identity_tiled_prepared_from_poly_correct;vector_current_identity_tiled_prepared_from_poly_correct,0,,no,yes,no,yes,Polyhedral preprocessing,"Driver orchestration of ISS, affine validation, tiling validation, fallback, and well-formedness",low,Own orchestration here; keep transformation theory in ISS/affine/tiling modules. Pair semantic and wf proofs through a private route-spec helper.,P1,medium,Exported and transitively used by a config entry; preserve name and type.
Lemma,Public,try_checked_iss_phase_pipeline_from_poly_poly_correct,ParallelPolOptCorrect.try_checked_iss_phase_pipeline_from_poly_poly_correct,ParallelPolOptCorrect,,,814,857,45,823,857,Qed,35,33,1,try_phase_pipeline_from_source_pol_poly_correct,1,phase_pipeline_opt_prepared_from_poly_with_iss_poly_correct,0,,no,yes,no,yes,Polyhedral preprocessing,"Driver orchestration of ISS, affine validation, tiling validation, fallback, and well-formedness",medium: nested executable-route inversion dominates the proof,Own orchestration here; keep transformation theory in ISS/affine/tiling modules. Pair semantic and wf proofs through a private route-spec helper.,P1,medium,Exported and transitively used by a config entry; preserve name and type.
Lemma,Public,try_checked_iss_phase_pipeline_from_poly_poly_wf,ParallelPolOptCorrect.try_checked_iss_phase_pipeline_from_poly_poly_wf,ParallelPolOptCorrect,,,859,884,27,866,884,Qed,19,17,1,try_phase_pipeline_from_source_pol_poly_wf,1,phase_pipeline_opt_prepared_from_poly_with_iss_poly_wf,0,,no,yes,no,yes,Polyhedral preprocessing,"Driver orchestration of ISS, affine validation, tiling validation, fallback, and well-formedness",low,Own orchestration here; keep transformation theory in ISS/affine/tiling modules. Pair semantic and wf proofs through a private route-spec helper.,P1,medium,Exported and transitively used by a config entry; preserve name and type.
Lemma,Public,phase_pipeline_opt_prepared_from_poly_with_iss_poly_correct,ParallelPolOptCorrect.phase_pipeline_opt_prepared_from_poly_with_iss_poly_correct,ParallelPolOptCorrect,,,886,905,21,893,905,Qed,13,11,2,reject_tiling_contradiction;try_checked_iss_phase_pipeline_from_poly_poly_correct,3,parallel_current_many_prepared_from_poly_with_iss_correct;parallel_current_prepared_from_poly_with_iss_correct;vector_current_prepared_from_poly_with_iss_correct,0,,no,yes,no,yes,Polyhedral preprocessing,"Driver orchestration of ISS, affine validation, tiling validation, fallback, and well-formedness",low,Own orchestration here; keep transformation theory in ISS/affine/tiling modules. Pair semantic and wf proofs through a private route-spec helper.,P1,medium,Exported and transitively used by a config entry; preserve name and type.
Lemma,Public,phase_pipeline_opt_prepared_from_poly_with_iss_poly_wf,ParallelPolOptCorrect.phase_pipeline_opt_prepared_from_poly_with_iss_poly_wf,ParallelPolOptCorrect,,,907,923,18,912,923,Qed,12,10,2,reject_tiling_contradiction;try_checked_iss_phase_pipeline_from_poly_poly_wf,3,parallel_current_many_prepared_from_poly_with_iss_correct;parallel_current_prepared_from_poly_with_iss_correct;vector_current_prepared_from_poly_with_iss_correct,0,,no,yes,no,yes,Polyhedral preprocessing,"Driver orchestration of ISS, affine validation, tiling validation, fallback, and well-formedness",low,Own orchestration here; keep transformation theory in ISS/affine/tiling modules. Pair semantic and wf proofs through a private route-spec helper.,P1,medium,Exported and transitively used by a config entry; preserve name and type.
Lemma,Public,iss_only_prepared_from_poly_correct,ParallelPolOptCorrect.iss_only_prepared_from_poly_correct,ParallelPolOptCorrect,,,925,956,33,932,956,Qed,25,23,0,,5,identity_tiling_opt_prepared_from_poly_with_iss_poly_correct;iss_affine_prepared_from_poly_correct;parallel_current_identity_prepared_from_poly_with_iss_correct;parallel_current_many_identity_prepared_from_poly_with_iss_correct;vector_current_identity_prepared_from_poly_with_iss_correct,0,,no,yes,no,yes,Polyhedral preprocessing,"Driver orchestration of ISS, affine validation, tiling validation, fallback, and well-formedness",low,Own orchestration here; keep transformation theory in ISS/affine/tiling modules. Pair semantic and wf proofs through a private route-spec helper.,P1,medium,Exported and transitively used by a config entry; preserve name and type.
Lemma,Public,iss_only_prepared_from_poly_wf_affine,ParallelPolOptCorrect.iss_only_prepared_from_poly_wf_affine,ParallelPolOptCorrect,,,958,983,27,963,983,Qed,21,19,0,,7,identity_tiling_opt_prepared_from_poly_with_iss_poly_correct;identity_tiling_opt_prepared_from_poly_with_iss_poly_wf;iss_affine_prepared_from_poly_correct;iss_affine_prepared_from_poly_wf_affine;parallel_current_identity_prepared_from_poly_with_iss_correct;parallel_current_many_identity_prepared_from_poly_with_iss_correct;vector_current_identity_prepared_from_poly_with_iss_correct,0,,no,yes,no,yes,Polyhedral preprocessing,"Driver orchestration of ISS, affine validation, tiling validation, fallback, and well-formedness",low,Own orchestration here; keep transformation theory in ISS/affine/tiling modules. Pair semantic and wf proofs through a private route-spec helper.,P1,medium,Exported and transitively used by a config entry; preserve name and type.
Lemma,Public,identity_tiling_opt_prepared_from_poly_with_iss_poly_correct,ParallelPolOptCorrect.identity_tiling_opt_prepared_from_poly_with_iss_poly_correct,ParallelPolOptCorrect,,,985,1012,29,992,1012,Qed,21,19,3,identity_tiling_opt_prepared_from_poly_no_iss_poly_correct;iss_only_prepared_from_poly_correct;iss_only_prepared_from_poly_wf_affine,3,parallel_current_identity_tiled_prepared_from_poly_with_iss_correct;parallel_current_many_identity_tiled_prepared_from_poly_with_iss_correct;vector_current_identity_tiled_prepared_from_poly_with_iss_correct,0,,no,yes,no,yes,Polyhedral preprocessing,"Driver orchestration of ISS, affine validation, tiling validation, fallback, and well-formedness",low,Own orchestration here; keep transformation theory in ISS/affine/tiling modules. Pair semantic and wf proofs through a private route-spec helper.,P1,medium,Exported and transitively used by a config entry; preserve name and type.
Lemma,Public,identity_tiling_opt_prepared_from_poly_with_iss_poly_wf,ParallelPolOptCorrect.identity_tiling_opt_prepared_from_poly_with_iss_poly_wf,ParallelPolOptCorrect,,,1014,1027,15,1019,1027,Qed,9,7,2,identity_tiling_opt_prepared_from_poly_no_iss_poly_wf;iss_only_prepared_from_poly_wf_affine,3,parallel_current_identity_tiled_prepared_from_poly_with_iss_correct;parallel_current_many_identity_tiled_prepared_from_poly_with_iss_correct;vector_current_identity_tiled_prepared_from_poly_with_iss_correct,0,,no,yes,no,yes,Polyhedral preprocessing,"Driver orchestration of ISS, affine validation, tiling validation, fallback, and well-formedness",low,Own orchestration here; keep transformation theory in ISS/affine/tiling modules. Pair semantic and wf proofs through a private route-spec helper.,P1,medium,Exported and transitively used by a config entry; preserve name and type.
Lemma,Public,iss_affine_prepared_from_poly_correct,ParallelPolOptCorrect.iss_affine_prepared_from_poly_correct,ParallelPolOptCorrect,,,1029,1054,27,1036,1054,Qed,19,17,2,iss_only_prepared_from_poly_correct;iss_only_prepared_from_poly_wf_affine,3,parallel_current_affine_prepared_from_poly_with_iss_correct;parallel_current_many_affine_prepared_from_poly_with_iss_correct;vector_current_affine_prepared_from_poly_with_iss_correct,0,,no,yes,no,yes,Polyhedral preprocessing,"Driver orchestration of ISS, affine validation, tiling validation, fallback, and well-formedness",low,Own orchestration here; keep transformation theory in ISS/affine/tiling modules. Pair semantic and wf proofs through a private route-spec helper.,P1,medium,Exported and transitively used by a config entry; preserve name and type.
Lemma,Public,iss_affine_prepared_from_poly_wf_affine,ParallelPolOptCorrect.iss_affine_prepared_from_poly_wf_affine,ParallelPolOptCorrect,,,1056,1069,23,1061,1069,Qed,9,7,1,iss_only_prepared_from_poly_wf_affine,3,parallel_current_affine_prepared_from_poly_with_iss_correct;parallel_current_many_affine_prepared_from_poly_with_iss_correct;vector_current_affine_prepared_from_poly_with_iss_correct,0,,no,yes,no,yes,Polyhedral preprocessing,"Driver orchestration of ISS, affine validation, tiling validation, fallback, and well-formedness",low,Own orchestration here; keep transformation theory in ISS/affine/tiling modules. Pair semantic and wf proofs through a private route-spec helper.,P1,medium,Exported and transitively used by a config entry; preserve name and type.
Ltac,Local,finish_checked_annotation_after_preparation,ParallelPolOptCorrect.finish_checked_annotation_after_preparation,ParallelPolOptCorrect,,,1079,1113,35,,,,0,0,0,,18,parallel_current_diamond_prepared_from_poly_correct;parallel_current_diamond_prepared_from_poly_with_iss_correct;parallel_current_identity_tiled_prepared_from_poly_correct;parallel_current_identity_tiled_prepared_from_poly_with_iss_correct;parallel_current_many_diamond_prepared_from_poly_correct;parallel_current_many_diamond_prepared_from_poly_with_iss_correct;parallel_current_many_identity_tiled_prepared_from_poly_correct;parallel_current_many_identity_tiled_prepared_from_poly_with_iss_correct;parallel_current_many_prepared_from_poly_correct;parallel_current_many_prepared_from_poly_with_iss_correct;parallel_current_prepared_from_poly_correct;parallel_current_prepared_from_poly_with_iss_correct;vector_current_diamond_prepared_from_poly_correct;vector_current_diamond_prepared_from_poly_with_iss_correct;vector_current_identity_tiled_prepared_from_poly_correct;vector_current_identity_tiled_prepared_from_poly_with_iss_correct;vector_current_prepared_from_poly_correct;vector_current_prepared_from_poly_with_iss_correct,0,,no,yes,no,yes,Prepared-route proof macro,"Goal-shape procedural composition of preparation, annotation, codegen, and State.eq",high: lazymatch goal hides proof structure at all callers,Replace with one or two Local Lemmas whose signatures expose the semantic composition; preserve every public route theorem.,P0,low,Local proof implementation; may be replaced without changing the exported module signature.
Ltac,Local,finish_checked_affine_annotation,ParallelPolOptCorrect.finish_checked_affine_annotation,ParallelPolOptCorrect,,,1114,1150,37,,,,0,0,0,,3,parallel_current_affine_prepared_from_poly_correct;parallel_current_many_affine_prepared_from_poly_correct;vector_current_affine_prepared_from_poly_correct,0,,no,yes,no,yes,Prepared-route proof macro,"Goal-shape procedural composition of preparation, annotation, codegen, and State.eq",high: lazymatch goal hides proof structure at all callers,Replace with one or two Local Lemmas whose signatures expose the semantic composition; preserve every public route theorem.,P0,low,Local proof implementation; may be replaced without changing the exported module signature.
Ltac,Local,finish_checked_iss_annotation,ParallelPolOptCorrect.finish_checked_iss_annotation,ParallelPolOptCorrect,,,1151,1190,40,,,,0,0,0,,6,parallel_current_affine_prepared_from_poly_with_iss_correct;parallel_current_identity_prepared_from_poly_with_iss_correct;parallel_current_many_affine_prepared_from_poly_with_iss_correct;parallel_current_many_identity_prepared_from_poly_with_iss_correct;vector_current_affine_prepared_from_poly_with_iss_correct;vector_current_identity_prepared_from_poly_with_iss_correct,0,,no,yes,no,yes,Prepared-route proof macro,"Goal-shape procedural composition of preparation, annotation, codegen, and State.eq",high: lazymatch goal hides proof structure at all callers,Replace with one or two Local Lemmas whose signatures expose the semantic composition; preserve every public route theorem.,P0,low,Local proof implementation; may be replaced without changing the exported module signature.
Lemma,Public,parallel_current_identity_prepared_from_poly_correct,ParallelPolOptCorrect.parallel_current_identity_prepared_from_poly_correct,ParallelPolOptCorrect,,,1191,1203,14,1198,1203,Qed,6,4,1,checked_parallel_current_annotated_codegen_at_correct,1,Opt_parallel_current_identity_result_correct,0,,no,yes,no,yes,Prepared route wrapper,Route-specific instantiation of preprocessing plus checked parallel/vector annotation/codegen,low in this declaration; composition may be hidden in its shared macro/helper,"Keep route-specific public theorem/type, but instantiate a Local generic composition lemma instead of a lazymatch macro.",retain,low,Exported and transitively used by a config entry; preserve name and type.
Lemma,Public,parallel_current_affine_prepared_from_poly_correct,ParallelPolOptCorrect.parallel_current_affine_prepared_from_poly_correct,ParallelPolOptCorrect,,,1205,1217,14,1212,1217,Qed,6,4,2,checked_parallel_current_annotated_codegen_at_correct;finish_checked_affine_annotation,1,Opt_parallel_current_affine_result_correct,0,,no,yes,no,yes,Prepared route wrapper,Route-specific instantiation of preprocessing plus checked parallel/vector annotation/codegen,low in this declaration; composition may be hidden in its shared macro/helper,"Keep route-specific public theorem/type, but instantiate a Local generic composition lemma instead of a lazymatch macro.",retain,low,Exported and transitively used by a config entry; preserve name and type.
Lemma,Public,parallel_current_prepared_from_poly_correct,ParallelPolOptCorrect.parallel_current_prepared_from_poly_correct,ParallelPolOptCorrect,,,1219,1233,16,1226,1233,Qed,8,6,4,checked_parallel_current_annotated_codegen_at_correct;finish_checked_annotation_after_preparation;phase_pipeline_opt_prepared_from_poly_no_iss_poly_correct;phase_pipeline_opt_prepared_from_poly_no_iss_poly_wf,1,Opt_parallel_current_result_correct,0,,no,yes,no,yes,Prepared route wrapper,Route-specific instantiation of preprocessing plus checked parallel/vector annotation/codegen,low in this declaration; composition may be hidden in its shared macro/helper,"Keep route-specific public theorem/type, but instantiate a Local generic composition lemma instead of a lazymatch macro.",retain,low,Exported and transitively used by a config entry; preserve name and type.
Lemma,Public,parallel_current_identity_tiled_prepared_from_poly_correct,ParallelPolOptCorrect.parallel_current_identity_tiled_prepared_from_poly_correct,ParallelPolOptCorrect,,,1235,1249,16,1242,1249,Qed,8,6,4,checked_parallel_current_annotated_codegen_at_correct;finish_checked_annotation_after_preparation;identity_tiling_opt_prepared_from_poly_no_iss_poly_correct;identity_tiling_opt_prepared_from_poly_no_iss_poly_wf,1,Opt_parallel_current_identity_tiled_result_correct,0,,no,yes,no,yes,Prepared route wrapper,Route-specific instantiation of preprocessing plus checked parallel/vector annotation/codegen,low in this declaration; composition may be hidden in its shared macro/helper,"Keep route-specific public theorem/type, but instantiate a Local generic composition lemma instead of a lazymatch macro.",retain,low,Exported and transitively used by a config entry; preserve name and type.
Lemma,Public,parallel_current_identity_tiled_prepared_from_poly_with_iss_correct,ParallelPolOptCorrect.parallel_current_identity_tiled_prepared_from_poly_with_iss_correct,ParallelPolOptCorrect,,,1251,1267,18,1260,1267,Qed,8,6,4,checked_parallel_current_annotated_codegen_at_correct;finish_checked_annotation_after_preparation;identity_tiling_opt_prepared_from_poly_with_iss_poly_correct;identity_tiling_opt_prepared_from_poly_with_iss_poly_wf,1,Opt_parallel_current_identity_tiled_with_iss_result_correct,0,,no,yes,no,yes,Prepared route wrapper,Route-specific instantiation of preprocessing plus checked parallel/vector annotation/codegen,low in this declaration; composition may be hidden in its shared macro/helper,"Keep route-specific public theorem/type, but instantiate a Local generic composition lemma instead of a lazymatch macro.",retain,low,Exported and transitively used by a config entry; preserve name and type.
Lemma,Public,parallel_current_diamond_prepared_from_poly_correct,ParallelPolOptCorrect.parallel_current_diamond_prepared_from_poly_correct,ParallelPolOptCorrect,,,1269,1283,16,1276,1283,Qed,8,6,4,checked_parallel_current_annotated_codegen_at_correct;diamond_phase_pipeline_opt_prepared_from_poly_no_iss_poly_correct;diamond_phase_pipeline_opt_prepared_from_poly_no_iss_poly_wf;finish_checked_annotation_after_preparation,1,Opt_parallel_current_diamond_result_correct,0,,no,yes,no,yes,Prepared route wrapper,Route-specific instantiation of preprocessing plus checked parallel/vector annotation/codegen,low in this declaration; composition may be hidden in its shared macro/helper,"Keep route-specific public theorem/type, but instantiate a Local generic composition lemma instead of a lazymatch macro.",retain,low,Exported and transitively used by a config entry; preserve name and type.
Lemma,Public,parallel_current_diamond_prepared_from_poly_with_iss_correct,ParallelPolOptCorrect.parallel_current_diamond_prepared_from_poly_with_iss_correct,ParallelPolOptCorrect,,,1285,1301,18,1294,1301,Qed,8,6,4,checked_parallel_current_annotated_codegen_at_correct;diamond_phase_pipeline_opt_prepared_from_poly_with_iss_poly_correct;diamond_phase_pipeline_opt_prepared_from_poly_with_iss_poly_wf;finish_checked_annotation_after_preparation,1,Opt_parallel_current_diamond_with_iss_result_correct,0,,no,yes,no,yes,Prepared route wrapper,Route-specific instantiation of preprocessing plus checked parallel/vector annotation/codegen,low in this declaration; composition may be hidden in its shared macro/helper,"Keep route-specific public theorem/type, but instantiate a Local generic composition lemma instead of a lazymatch macro.",retain,low,Exported and transitively used by a config entry; preserve name and type.
Lemma,Public,parallel_current_identity_prepared_from_poly_with_iss_correct,ParallelPolOptCorrect.parallel_current_identity_prepared_from_poly_with_iss_correct,ParallelPolOptCorrect,,,1303,1317,16,1310,1317,Qed,8,6,4,checked_parallel_current_annotated_codegen_at_correct;finish_checked_iss_annotation;iss_only_prepared_from_poly_correct;iss_only_prepared_from_poly_wf_affine,1,Opt_parallel_current_identity_with_iss_result_correct,0,,no,yes,no,yes,Prepared route wrapper,Route-specific instantiation of preprocessing plus checked parallel/vector annotation/codegen,low in this declaration; composition may be hidden in its shared macro/helper,"Keep route-specific public theorem/type, but instantiate a Local generic composition lemma instead of a lazymatch macro.",retain,low,Exported and transitively used by a config entry; preserve name and type.
Lemma,Public,parallel_current_affine_prepared_from_poly_with_iss_correct,ParallelPolOptCorrect.parallel_current_affine_prepared_from_poly_with_iss_correct,ParallelPolOptCorrect,,,1319,1333,16,1326,1333,Qed,8,6,4,checked_parallel_current_annotated_codegen_at_correct;finish_checked_iss_annotation;iss_affine_prepared_from_poly_correct;iss_affine_prepared_from_poly_wf_affine,1,Opt_parallel_current_affine_with_iss_result_correct,0,,no,yes,no,yes,Prepared route wrapper,Route-specific instantiation of preprocessing plus checked parallel/vector annotation/codegen,low in this declaration; composition may be hidden in its shared macro/helper,"Keep route-specific public theorem/type, but instantiate a Local generic composition lemma instead of a lazymatch macro.",retain,low,Exported and transitively used by a config entry; preserve name and type.
Lemma,Public,parallel_current_prepared_from_poly_with_iss_correct,ParallelPolOptCorrect.parallel_current_prepared_from_poly_with_iss_correct,ParallelPolOptCorrect,,,1335,1349,16,1342,1349,Qed,8,6,4,checked_parallel_current_annotated_codegen_at_correct;finish_checked_annotation_after_preparation;phase_pipeline_opt_prepared_from_poly_with_iss_poly_correct;phase_pipeline_opt_prepared_from_poly_with_iss_poly_wf,1,Opt_parallel_current_with_iss_result_correct,0,,no,yes,no,yes,Prepared route wrapper,Route-specific instantiation of preprocessing plus checked parallel/vector annotation/codegen,low in this declaration; composition may be hidden in its shared macro/helper,"Keep route-specific public theorem/type, but instantiate a Local generic composition lemma instead of a lazymatch macro.",retain,low,Exported and transitively used by a config entry; preserve name and type.
Lemma,Public,parallel_current_many_identity_prepared_from_poly_correct,ParallelPolOptCorrect.parallel_current_many_identity_prepared_from_poly_correct,ParallelPolOptCorrect,,,1351,1363,14,1358,1363,Qed,6,4,1,checked_parallel_current_many_annotated_codegen_at_correct,1,Opt_parallel_current_many_identity_result_correct,0,,no,yes,no,yes,Prepared route wrapper,Route-specific instantiation of preprocessing plus checked parallel/vector annotation/codegen,low in this declaration; composition may be hidden in its shared macro/helper,"Keep route-specific public theorem/type, but instantiate a Local generic composition lemma instead of a lazymatch macro.",retain,low,Exported and transitively used by a config entry; preserve name and type.
Lemma,Public,parallel_current_many_affine_prepared_from_poly_correct,ParallelPolOptCorrect.parallel_current_many_affine_prepared_from_poly_correct,ParallelPolOptCorrect,,,1365,1377,14,1372,1377,Qed,6,4,2,checked_parallel_current_many_annotated_codegen_at_correct;finish_checked_affine_annotation,1,Opt_parallel_current_many_affine_result_correct,0,,no,yes,no,yes,Prepared route wrapper,Route-specific instantiation of preprocessing plus checked parallel/vector annotation/codegen,low in this declaration; composition may be hidden in its shared macro/helper,"Keep route-specific public theorem/type, but instantiate a Local generic composition lemma instead of a lazymatch macro.",retain,low,Exported and transitively used by a config entry; preserve name and type.
Lemma,Public,parallel_current_many_prepared_from_poly_correct,ParallelPolOptCorrect.parallel_current_many_prepared_from_poly_correct,ParallelPolOptCorrect,,,1379,1393,16,1386,1393,Qed,8,6,4,checked_parallel_current_many_annotated_codegen_at_correct;finish_checked_annotation_after_preparation;phase_pipeline_opt_prepared_from_poly_no_iss_poly_correct;phase_pipeline_opt_prepared_from_poly_no_iss_poly_wf,1,Opt_parallel_current_many_result_correct,0,,no,yes,no,yes,Prepared route wrapper,Route-specific instantiation of preprocessing plus checked parallel/vector annotation/codegen,low in this declaration; composition may be hidden in its shared macro/helper,"Keep route-specific public theorem/type, but instantiate a Local generic composition lemma instead of a lazymatch macro.",retain,low,Exported and transitively used by a config entry; preserve name and type.
Lemma,Public,parallel_current_many_identity_tiled_prepared_from_poly_correct,ParallelPolOptCorrect.parallel_current_many_identity_tiled_prepared_from_poly_correct,ParallelPolOptCorrect,,,1395,1409,16,1402,1409,Qed,8,6,4,checked_parallel_current_many_annotated_codegen_at_correct;finish_checked_annotation_after_preparation;identity_tiling_opt_prepared_from_poly_no_iss_poly_correct;identity_tiling_opt_prepared_from_poly_no_iss_poly_wf,1,Opt_parallel_current_many_identity_tiled_result_correct,0,,no,yes,no,yes,Prepared route wrapper,Route-specific instantiation of preprocessing plus checked parallel/vector annotation/codegen,low in this declaration; composition may be hidden in its shared macro/helper,"Keep route-specific public theorem/type, but instantiate a Local generic composition lemma instead of a lazymatch macro.",retain,low,Exported and transitively used by a config entry; preserve name and type.
Lemma,Public,parallel_current_many_identity_tiled_prepared_from_poly_with_iss_correct,ParallelPolOptCorrect.parallel_current_many_identity_tiled_prepared_from_poly_with_iss_correct,ParallelPolOptCorrect,,,1411,1429,20,1421,1429,Qed,9,7,4,checked_parallel_current_many_annotated_codegen_at_correct;finish_checked_annotation_after_preparation;identity_tiling_opt_prepared_from_poly_with_iss_poly_correct;identity_tiling_opt_prepared_from_poly_with_iss_poly_wf,1,Opt_parallel_current_many_identity_tiled_with_iss_result_correct,0,,no,yes,no,yes,Prepared route wrapper,Route-specific instantiation of preprocessing plus checked parallel/vector annotation/codegen,low in this declaration; composition may be hidden in its shared macro/helper,"Keep route-specific public theorem/type, but instantiate a Local generic composition lemma instead of a lazymatch macro.",retain,low,Exported and transitively used by a config entry; preserve name and type.
Lemma,Public,parallel_current_many_diamond_prepared_from_poly_correct,ParallelPolOptCorrect.parallel_current_many_diamond_prepared_from_poly_correct,ParallelPolOptCorrect,,,1431,1445,16,1438,1445,Qed,8,6,4,checked_parallel_current_many_annotated_codegen_at_correct;diamond_phase_pipeline_opt_prepared_from_poly_no_iss_poly_correct;diamond_phase_pipeline_opt_prepared_from_poly_no_iss_poly_wf;finish_checked_annotation_after_preparation,1,Opt_parallel_current_many_diamond_result_correct,0,,no,yes,no,yes,Prepared route wrapper,Route-specific instantiation of preprocessing plus checked parallel/vector annotation/codegen,low in this declaration; composition may be hidden in its shared macro/helper,"Keep route-specific public theorem/type, but instantiate a Local generic composition lemma instead of a lazymatch macro.",retain,low,Exported and transitively used by a config entry; preserve name and type.
Lemma,Public,parallel_current_many_diamond_prepared_from_poly_with_iss_correct,ParallelPolOptCorrect.parallel_current_many_diamond_prepared_from_poly_with_iss_correct,ParallelPolOptCorrect,,,1447,1463,18,1456,1463,Qed,8,6,4,checked_parallel_current_many_annotated_codegen_at_correct;diamond_phase_pipeline_opt_prepared_from_poly_with_iss_poly_correct;diamond_phase_pipeline_opt_prepared_from_poly_with_iss_poly_wf;finish_checked_annotation_after_preparation,1,Opt_parallel_current_many_diamond_with_iss_result_correct,0,,no,yes,no,yes,Prepared route wrapper,Route-specific instantiation of preprocessing plus checked parallel/vector annotation/codegen,low in this declaration; composition may be hidden in its shared macro/helper,"Keep route-specific public theorem/type, but instantiate a Local generic composition lemma instead of a lazymatch macro.",retain,low,Exported and transitively used by a config entry; preserve name and type.
Lemma,Public,parallel_current_many_identity_prepared_from_poly_with_iss_correct,ParallelPolOptCorrect.parallel_current_many_identity_prepared_from_poly_with_iss_correct,ParallelPolOptCorrect,,,1465,1479,16,1472,1479,Qed,8,6,4,checked_parallel_current_many_annotated_codegen_at_correct;finish_checked_iss_annotation;iss_only_prepared_from_poly_correct;iss_only_prepared_from_poly_wf_affine,1,Opt_parallel_current_many_identity_with_iss_result_correct,0,,no,yes,no,yes,Prepared route wrapper,Route-specific instantiation of preprocessing plus checked parallel/vector annotation/codegen,low in this declaration; composition may be hidden in its shared macro/helper,"Keep route-specific public theorem/type, but instantiate a Local generic composition lemma instead of a lazymatch macro.",retain,low,Exported and transitively used by a config entry; preserve name and type.
Lemma,Public,parallel_current_many_affine_prepared_from_poly_with_iss_correct,ParallelPolOptCorrect.parallel_current_many_affine_prepared_from_poly_with_iss_correct,ParallelPolOptCorrect,,,1481,1495,16,1488,1495,Qed,8,6,4,checked_parallel_current_many_annotated_codegen_at_correct;finish_checked_iss_annotation;iss_affine_prepared_from_poly_correct;iss_affine_prepared_from_poly_wf_affine,1,Opt_parallel_current_many_affine_with_iss_result_correct,0,,no,yes,no,yes,Prepared route wrapper,Route-specific instantiation of preprocessing plus checked parallel/vector annotation/codegen,low in this declaration; composition may be hidden in its shared macro/helper,"Keep route-specific public theorem/type, but instantiate a Local generic composition lemma instead of a lazymatch macro.",retain,low,Exported and transitively used by a config entry; preserve name and type.
Lemma,Public,parallel_current_many_prepared_from_poly_with_iss_correct,ParallelPolOptCorrect.parallel_current_many_prepared_from_poly_with_iss_correct,ParallelPolOptCorrect,,,1497,1511,21,1504,1511,Qed,8,6,4,checked_parallel_current_many_annotated_codegen_at_correct;finish_checked_annotation_after_preparation;phase_pipeline_opt_prepared_from_poly_with_iss_poly_correct;phase_pipeline_opt_prepared_from_poly_with_iss_poly_wf,1,Opt_parallel_current_many_with_iss_result_correct,0,,no,yes,no,yes,Prepared route wrapper,Route-specific instantiation of preprocessing plus checked parallel/vector annotation/codegen,low in this declaration; composition may be hidden in its shared macro/helper,"Keep route-specific public theorem/type, but instantiate a Local generic composition lemma instead of a lazymatch macro.",retain,low,Exported and transitively used by a config entry; preserve name and type.
Ltac,Local,finish_extracted_result,ParallelPolOptCorrect.finish_extracted_result,ParallelPolOptCorrect,,,1518,1563,46,,,,0,0,0,,20,Opt_parallel_current_affine_result_correct;Opt_parallel_current_affine_with_iss_result_correct;Opt_parallel_current_diamond_result_correct;Opt_parallel_current_diamond_with_iss_result_correct;Opt_parallel_current_identity_result_correct;Opt_parallel_current_identity_tiled_result_correct;Opt_parallel_current_identity_tiled_with_iss_result_correct;Opt_parallel_current_identity_with_iss_result_correct;Opt_parallel_current_many_affine_result_correct;Opt_parallel_current_many_affine_with_iss_result_correct;Opt_parallel_current_many_diamond_result_correct;Opt_parallel_current_many_diamond_with_iss_result_correct;Opt_parallel_current_many_identity_result_correct;Opt_parallel_current_many_identity_tiled_result_correct;Opt_parallel_current_many_identity_tiled_with_iss_result_correct;Opt_parallel_current_many_identity_with_iss_result_correct;Opt_parallel_current_many_result_correct;Opt_parallel_current_many_with_iss_result_correct;Opt_parallel_current_result_correct;Opt_parallel_current_with_iss_result_correct,0,,no,yes,no,yes,Extraction proof macro,"Goal-shape procedural composition of extraction, strengthening, prepared route correctness, and State.eq",high: lazymatch goal hides proof structure at all callers,Replace with a polymorphic Local Lemma shared by parallel and vector result routes; keep the later public vector helper as a wrapper.,P0,low,Local proof implementation; may be replaced without changing the exported module signature.
Theorem,Public,Opt_parallel_current_identity_result_correct,ParallelPolOptCorrect.Opt_parallel_current_identity_result_correct,ParallelPolOptCorrect,,,1564,1574,12,1570,1574,Qed,5,3,2,finish_extracted_result;parallel_current_identity_prepared_from_poly_correct,1,Opt_parallel_current_identity_correct,0,,no,yes,no,yes,Result route wrapper,Route-specific extraction/strengthening plus prepared-route correctness,low in this declaration; composition may be hidden in its shared macro/helper,Keep public theorem/type; use a shared polymorphic extraction lemma. Parallel and vector should use the same proof path.,P0,low,Exported and transitively used by a config entry; preserve name and type.
Theorem,Public,Opt_parallel_current_identity_tiled_result_correct,ParallelPolOptCorrect.Opt_parallel_current_identity_tiled_result_correct,ParallelPolOptCorrect,,,1576,1586,12,1582,1586,Qed,5,3,2,finish_extracted_result;parallel_current_identity_tiled_prepared_from_poly_correct,1,Opt_parallel_current_identity_tiled_correct,0,,no,yes,no,yes,Result route wrapper,Route-specific extraction/strengthening plus prepared-route correctness,low in this declaration; composition may be hidden in its shared macro/helper,Keep public theorem/type; use a shared polymorphic extraction lemma. Parallel and vector should use the same proof path.,P0,low,Exported and transitively used by a config entry; preserve name and type.
Theorem,Public,Opt_parallel_current_identity_tiled_with_iss_result_correct,ParallelPolOptCorrect.Opt_parallel_current_identity_tiled_with_iss_result_correct,ParallelPolOptCorrect,,,1588,1600,14,1596,1600,Qed,5,3,2,finish_extracted_result;parallel_current_identity_tiled_prepared_from_poly_with_iss_correct,1,Opt_parallel_current_identity_tiled_with_iss_correct,0,,no,yes,no,yes,Result route wrapper,Route-specific extraction/strengthening plus prepared-route correctness,low in this declaration; composition may be hidden in its shared macro/helper,Keep public theorem/type; use a shared polymorphic extraction lemma. Parallel and vector should use the same proof path.,P0,low,Exported and transitively used by a config entry; preserve name and type.
Theorem,Public,Opt_parallel_current_affine_result_correct,ParallelPolOptCorrect.Opt_parallel_current_affine_result_correct,ParallelPolOptCorrect,,,1602,1612,12,1608,1612,Qed,5,3,2,finish_extracted_result;parallel_current_affine_prepared_from_poly_correct,1,Opt_parallel_current_affine_correct,0,,no,yes,no,yes,Result route wrapper,Route-specific extraction/strengthening plus prepared-route correctness,low in this declaration; composition may be hidden in its shared macro/helper,Keep public theorem/type; use a shared polymorphic extraction lemma. Parallel and vector should use the same proof path.,P0,low,Exported and transitively used by a config entry; preserve name and type.
Theorem,Public,Opt_parallel_current_result_correct,ParallelPolOptCorrect.Opt_parallel_current_result_correct,ParallelPolOptCorrect,,,1614,1624,12,1620,1624,Qed,5,3,2,finish_extracted_result;parallel_current_prepared_from_poly_correct,1,Opt_parallel_current_correct,0,,no,yes,no,yes,Result route wrapper,Route-specific extraction/strengthening plus prepared-route correctness,low in this declaration; composition may be hidden in its shared macro/helper,Keep public theorem/type; use a shared polymorphic extraction lemma. Parallel and vector should use the same proof path.,P0,low,Exported and transitively used by a config entry; preserve name and type.
Theorem,Public,Opt_parallel_current_diamond_result_correct,ParallelPolOptCorrect.Opt_parallel_current_diamond_result_correct,ParallelPolOptCorrect,,,1626,1636,12,1632,1636,Qed,5,3,2,finish_extracted_result;parallel_current_diamond_prepared_from_poly_correct,1,Opt_parallel_current_diamond_correct,0,,no,yes,no,yes,Result route wrapper,Route-specific extraction/strengthening plus prepared-route correctness,low in this declaration; composition may be hidden in its shared macro/helper,Keep public theorem/type; use a shared polymorphic extraction lemma. Parallel and vector should use the same proof path.,P0,low,Exported and transitively used by a config entry; preserve name and type.
Theorem,Public,Opt_parallel_current_diamond_with_iss_result_correct,ParallelPolOptCorrect.Opt_parallel_current_diamond_with_iss_result_correct,ParallelPolOptCorrect,,,1638,1650,14,1646,1650,Qed,5,3,2,finish_extracted_result;parallel_current_diamond_prepared_from_poly_with_iss_correct,1,Opt_parallel_current_diamond_with_iss_correct,0,,no,yes,no,yes,Result route wrapper,Route-specific extraction/strengthening plus prepared-route correctness,low in this declaration; composition may be hidden in its shared macro/helper,Keep public theorem/type; use a shared polymorphic extraction lemma. Parallel and vector should use the same proof path.,P0,low,Exported and transitively used by a config entry; preserve name and type.
Theorem,Public,Opt_parallel_current_identity_with_iss_result_correct,ParallelPolOptCorrect.Opt_parallel_current_identity_with_iss_result_correct,ParallelPolOptCorrect,,,1652,1662,12,1658,1662,Qed,5,3,2,finish_extracted_result;parallel_current_identity_prepared_from_poly_with_iss_correct,1,Opt_parallel_current_identity_with_iss_correct,0,,no,yes,no,yes,Result route wrapper,Route-specific extraction/strengthening plus prepared-route correctness,low in this declaration; composition may be hidden in its shared macro/helper,Keep public theorem/type; use a shared polymorphic extraction lemma. Parallel and vector should use the same proof path.,P0,low,Exported and transitively used by a config entry; preserve name and type.
Theorem,Public,Opt_parallel_current_affine_with_iss_result_correct,ParallelPolOptCorrect.Opt_parallel_current_affine_with_iss_result_correct,ParallelPolOptCorrect,,,1664,1674,12,1670,1674,Qed,5,3,2,finish_extracted_result;parallel_current_affine_prepared_from_poly_with_iss_correct,1,Opt_parallel_current_affine_with_iss_correct,0,,no,yes,no,yes,Result route wrapper,Route-specific extraction/strengthening plus prepared-route correctness,low in this declaration; composition may be hidden in its shared macro/helper,Keep public theorem/type; use a shared polymorphic extraction lemma. Parallel and vector should use the same proof path.,P0,low,Exported and transitively used by a config entry; preserve name and type.
Theorem,Public,Opt_parallel_current_with_iss_result_correct,ParallelPolOptCorrect.Opt_parallel_current_with_iss_result_correct,ParallelPolOptCorrect,,,1676,1686,12,1682,1686,Qed,5,3,2,finish_extracted_result;parallel_current_prepared_from_poly_with_iss_correct,1,Opt_parallel_current_with_iss_correct,0,,no,yes,no,yes,Result route wrapper,Route-specific extraction/strengthening plus prepared-route correctness,low in this declaration; composition may be hidden in its shared macro/helper,Keep public theorem/type; use a shared polymorphic extraction lemma. Parallel and vector should use the same proof path.,P0,low,Exported and transitively used by a config entry; preserve name and type.
Theorem,Public,Opt_parallel_current_many_identity_result_correct,ParallelPolOptCorrect.Opt_parallel_current_many_identity_result_correct,ParallelPolOptCorrect,,,1688,1698,12,1694,1698,Qed,5,3,2,finish_extracted_result;parallel_current_many_identity_prepared_from_poly_correct,1,Opt_parallel_current_many_identity_correct,0,,no,yes,no,yes,Result route wrapper,Route-specific extraction/strengthening plus prepared-route correctness,low in this declaration; composition may be hidden in its shared macro/helper,Keep public theorem/type; use a shared polymorphic extraction lemma. Parallel and vector should use the same proof path.,P0,low,Exported and transitively used by a config entry; preserve name and type.
Theorem,Public,Opt_parallel_current_many_identity_tiled_result_correct,ParallelPolOptCorrect.Opt_parallel_current_many_identity_tiled_result_correct,ParallelPolOptCorrect,,,1700,1710,12,1706,1710,Qed,5,3,2,finish_extracted_result;parallel_current_many_identity_tiled_prepared_from_poly_correct,1,Opt_parallel_current_many_identity_tiled_correct,0,,no,yes,no,yes,Result route wrapper,Route-specific extraction/strengthening plus prepared-route correctness,low in this declaration; composition may be hidden in its shared macro/helper,Keep public theorem/type; use a shared polymorphic extraction lemma. Parallel and vector should use the same proof path.,P0,low,Exported and transitively used by a config entry; preserve name and type.
Theorem,Public,Opt_parallel_current_many_identity_tiled_with_iss_result_correct,ParallelPolOptCorrect.Opt_parallel_current_many_identity_tiled_with_iss_result_correct,ParallelPolOptCorrect,,,1712,1724,14,1720,1724,Qed,5,3,2,finish_extracted_result;parallel_current_many_identity_tiled_prepared_from_poly_with_iss_correct,1,Opt_parallel_current_many_identity_tiled_with_iss_correct,0,,no,yes,no,yes,Result route wrapper,Route-specific extraction/strengthening plus prepared-route correctness,low in this declaration; composition may be hidden in its shared macro/helper,Keep public theorem/type; use a shared polymorphic extraction lemma. Parallel and vector should use the same proof path.,P0,low,Exported and transitively used by a config entry; preserve name and type.
Theorem,Public,Opt_parallel_current_many_affine_result_correct,ParallelPolOptCorrect.Opt_parallel_current_many_affine_result_correct,ParallelPolOptCorrect,,,1726,1736,12,1732,1736,Qed,5,3,2,finish_extracted_result;parallel_current_many_affine_prepared_from_poly_correct,1,Opt_parallel_current_many_affine_correct,0,,no,yes,no,yes,Result route wrapper,Route-specific extraction/strengthening plus prepared-route correctness,low in this declaration; composition may be hidden in its shared macro/helper,Keep public theorem/type; use a shared polymorphic extraction lemma. Parallel and vector should use the same proof path.,P0,low,Exported and transitively used by a config entry; preserve name and type.
Theorem,Public,Opt_parallel_current_many_result_correct,ParallelPolOptCorrect.Opt_parallel_current_many_result_correct,ParallelPolOptCorrect,,,1738,1748,12,1744,1748,Qed,5,3,2,finish_extracted_result;parallel_current_many_prepared_from_poly_correct,1,Opt_parallel_current_many_correct,0,,no,yes,no,yes,Result route wrapper,Route-specific extraction/strengthening plus prepared-route correctness,low in this declaration; composition may be hidden in its shared macro/helper,Keep public theorem/type; use a shared polymorphic extraction lemma. Parallel and vector should use the same proof path.,P0,low,Exported and transitively used by a config entry; preserve name and type.
Theorem,Public,Opt_parallel_current_many_diamond_result_correct,ParallelPolOptCorrect.Opt_parallel_current_many_diamond_result_correct,ParallelPolOptCorrect,,,1750,1760,12,1756,1760,Qed,5,3,2,finish_extracted_result;parallel_current_many_diamond_prepared_from_poly_correct,1,Opt_parallel_current_many_diamond_correct,0,,no,yes,no,yes,Result route wrapper,Route-specific extraction/strengthening plus prepared-route correctness,low in this declaration; composition may be hidden in its shared macro/helper,Keep public theorem/type; use a shared polymorphic extraction lemma. Parallel and vector should use the same proof path.,P0,low,Exported and transitively used by a config entry; preserve name and type.
Theorem,Public,Opt_parallel_current_many_diamond_with_iss_result_correct,ParallelPolOptCorrect.Opt_parallel_current_many_diamond_with_iss_result_correct,ParallelPolOptCorrect,,,1762,1772,12,1768,1772,Qed,5,3,2,finish_extracted_result;parallel_current_many_diamond_prepared_from_poly_with_iss_correct,1,Opt_parallel_current_many_diamond_with_iss_correct,0,,no,yes,no,yes,Result route wrapper,Route-specific extraction/strengthening plus prepared-route correctness,low in this declaration; composition may be hidden in its shared macro/helper,Keep public theorem/type; use a shared polymorphic extraction lemma. Parallel and vector should use the same proof path.,P0,low,Exported and transitively used by a config entry; preserve name and type.
Theorem,Public,Opt_parallel_current_many_identity_with_iss_result_correct,ParallelPolOptCorrect.Opt_parallel_current_many_identity_with_iss_result_correct,ParallelPolOptCorrect,,,1774,1784,12,1780,1784,Qed,5,3,2,finish_extracted_result;parallel_current_many_identity_prepared_from_poly_with_iss_correct,1,Opt_parallel_current_many_identity_with_iss_correct,0,,no,yes,no,yes,Result route wrapper,Route-specific extraction/strengthening plus prepared-route correctness,low in this declaration; composition may be hidden in its shared macro/helper,Keep public theorem/type; use a shared polymorphic extraction lemma. Parallel and vector should use the same proof path.,P0,low,Exported and transitively used by a config entry; preserve name and type.
Theorem,Public,Opt_parallel_current_many_affine_with_iss_result_correct,ParallelPolOptCorrect.Opt_parallel_current_many_affine_with_iss_result_correct,ParallelPolOptCorrect,,,1786,1796,12,1792,1796,Qed,5,3,2,finish_extracted_result;parallel_current_many_affine_prepared_from_poly_with_iss_correct,1,Opt_parallel_current_many_affine_with_iss_correct,0,,no,yes,no,yes,Result route wrapper,Route-specific extraction/strengthening plus prepared-route correctness,low in this declaration; composition may be hidden in its shared macro/helper,Keep public theorem/type; use a shared polymorphic extraction lemma. Parallel and vector should use the same proof path.,P0,low,Exported and transitively used by a config entry; preserve name and type.
Theorem,Public,Opt_parallel_current_many_with_iss_result_correct,ParallelPolOptCorrect.Opt_parallel_current_many_with_iss_result_correct,ParallelPolOptCorrect,,,1798,1808,14,1804,1808,Qed,5,3,2,finish_extracted_result;parallel_current_many_prepared_from_poly_with_iss_correct,1,Opt_parallel_current_many_with_iss_correct,0,,no,yes,no,yes,Result route wrapper,Route-specific extraction/strengthening plus prepared-route correctness,low in this declaration; composition may be hidden in its shared macro/helper,Keep public theorem/type; use a shared polymorphic extraction lemma. Parallel and vector should use the same proof path.,P0,low,Exported and transitively used by a config entry; preserve name and type.
Theorem,Public,Opt_parallel_current_identity_correct,ParallelPolOptCorrect.Opt_parallel_current_identity_correct,ParallelPolOptCorrect,,,1812,1826,16,1818,1826,Qed,9,7,1,Opt_parallel_current_identity_result_correct,0,,2,driver/ExtractedPipelineCorrect.v:156:ParallelCorrect.Opt_parallel_current_identity_correct;driver/VerifiedParallelCompilerConfig.v:382:ParallelCorrect.Opt_parallel_current_identity_correct,yes,yes,yes,yes,Alarm-free entry wrapper,"Unwraps a result-returning route through res_to_alarm, then invokes its result theorem",low in this declaration; composition may be hidden in its shared macro/helper,Keep all public entry theorem types; use one polymorphic result-unwrapping lemma for both parallel and vector families.,P0,low,Direct qualified external use; preserve name and type.
Theorem,Public,Opt_parallel_current_identity_tiled_correct,ParallelPolOptCorrect.Opt_parallel_current_identity_tiled_correct,ParallelPolOptCorrect,,,1828,1842,16,1834,1842,Qed,9,7,1,Opt_parallel_current_identity_tiled_result_correct,0,,2,driver/ExtractedPipelineCorrect.v:159:ParallelCorrect.Opt_parallel_current_identity_tiled_correct;driver/VerifiedParallelCompilerConfig.v:287:ParallelCorrect.Opt_parallel_current_identity_tiled_correct,yes,yes,yes,yes,Alarm-free entry wrapper,"Unwraps a result-returning route through res_to_alarm, then invokes its result theorem",low in this declaration; composition may be hidden in its shared macro/helper,Keep all public entry theorem types; use one polymorphic result-unwrapping lemma for both parallel and vector families.,P0,low,Direct qualified external use; preserve name and type.
Theorem,Public,Opt_parallel_current_identity_tiled_with_iss_correct,ParallelPolOptCorrect.Opt_parallel_current_identity_tiled_with_iss_correct,ParallelPolOptCorrect,,,1844,1858,16,1850,1858,Qed,9,7,1,Opt_parallel_current_identity_tiled_with_iss_result_correct,0,,2,driver/ExtractedPipelineCorrect.v:163:ParallelCorrect.Opt_parallel_current_identity_tiled_with_iss_correct;driver/VerifiedParallelCompilerConfig.v:384:ParallelCorrect.Opt_parallel_current_identity_tiled_with_iss_correct,yes,yes,yes,yes,Alarm-free entry wrapper,"Unwraps a result-returning route through res_to_alarm, then invokes its result theorem",low in this declaration; composition may be hidden in its shared macro/helper,Keep all public entry theorem types; use one polymorphic result-unwrapping lemma for both parallel and vector families.,P0,low,Direct qualified external use; preserve name and type.
Theorem,Public,Opt_parallel_current_affine_correct,ParallelPolOptCorrect.Opt_parallel_current_affine_correct,ParallelPolOptCorrect,,,1860,1874,16,1866,1874,Qed,9,7,1,Opt_parallel_current_affine_result_correct,0,,2,driver/ExtractedPipelineCorrect.v:166:ParallelCorrect.Opt_parallel_current_affine_correct;driver/VerifiedParallelCompilerConfig.v:386:ParallelCorrect.Opt_parallel_current_affine_correct,yes,yes,yes,yes,Alarm-free entry wrapper,"Unwraps a result-returning route through res_to_alarm, then invokes its result theorem",low in this declaration; composition may be hidden in its shared macro/helper,Keep all public entry theorem types; use one polymorphic result-unwrapping lemma for both parallel and vector families.,P0,low,Direct qualified external use; preserve name and type.
Theorem,Public,Opt_parallel_current_correct,ParallelPolOptCorrect.Opt_parallel_current_correct,ParallelPolOptCorrect,,,1876,1890,16,1882,1890,Qed,9,7,1,Opt_parallel_current_result_correct,0,,2,driver/ExtractedPipelineCorrect.v:168:ParallelCorrect.Opt_parallel_current_correct;driver/VerifiedParallelCompilerConfig.v:387:ParallelCorrect.Opt_parallel_current_correct,yes,yes,yes,yes,Alarm-free entry wrapper,"Unwraps a result-returning route through res_to_alarm, then invokes its result theorem",low in this declaration; composition may be hidden in its shared macro/helper,Keep all public entry theorem types; use one polymorphic result-unwrapping lemma for both parallel and vector families.,P0,low,Direct qualified external use; preserve name and type.
Theorem,Public,Opt_parallel_current_diamond_correct,ParallelPolOptCorrect.Opt_parallel_current_diamond_correct,ParallelPolOptCorrect,,,1892,1906,16,1898,1906,Qed,9,7,1,Opt_parallel_current_diamond_result_correct,0,,2,driver/ExtractedPipelineCorrect.v:170:ParallelCorrect.Opt_parallel_current_diamond_correct;driver/VerifiedParallelCompilerConfig.v:388:ParallelCorrect.Opt_parallel_current_diamond_correct,yes,yes,yes,yes,Alarm-free entry wrapper,"Unwraps a result-returning route through res_to_alarm, then invokes its result theorem",low in this declaration; composition may be hidden in its shared macro/helper,Keep all public entry theorem types; use one polymorphic result-unwrapping lemma for both parallel and vector families.,P0,low,Direct qualified external use; preserve name and type.
Theorem,Public,Opt_parallel_current_diamond_with_iss_correct,ParallelPolOptCorrect.Opt_parallel_current_diamond_with_iss_correct,ParallelPolOptCorrect,,,1908,1922,16,1914,1922,Qed,9,7,1,Opt_parallel_current_diamond_with_iss_result_correct,0,,2,driver/ExtractedPipelineCorrect.v:173:ParallelCorrect.Opt_parallel_current_diamond_with_iss_correct;driver/VerifiedParallelCompilerConfig.v:389:ParallelCorrect.Opt_parallel_current_diamond_with_iss_correct,yes,yes,yes,yes,Alarm-free entry wrapper,"Unwraps a result-returning route through res_to_alarm, then invokes its result theorem",low in this declaration; composition may be hidden in its shared macro/helper,Keep all public entry theorem types; use one polymorphic result-unwrapping lemma for both parallel and vector families.,P0,low,Direct qualified external use; preserve name and type.
Theorem,Public,Opt_parallel_current_identity_with_iss_correct,ParallelPolOptCorrect.Opt_parallel_current_identity_with_iss_correct,ParallelPolOptCorrect,,,1924,1938,16,1930,1938,Qed,9,7,1,Opt_parallel_current_identity_with_iss_result_correct,0,,2,driver/ExtractedPipelineCorrect.v:176:ParallelCorrect.Opt_parallel_current_identity_with_iss_correct;driver/VerifiedParallelCompilerConfig.v:390:ParallelCorrect.Opt_parallel_current_identity_with_iss_correct,yes,yes,yes,yes,Alarm-free entry wrapper,"Unwraps a result-returning route through res_to_alarm, then invokes its result theorem",low in this declaration; composition may be hidden in its shared macro/helper,Keep all public entry theorem types; use one polymorphic result-unwrapping lemma for both parallel and vector families.,P0,low,Direct qualified external use; preserve name and type.
Theorem,Public,Opt_parallel_current_affine_with_iss_correct,ParallelPolOptCorrect.Opt_parallel_current_affine_with_iss_correct,ParallelPolOptCorrect,,,1940,1954,16,1946,1954,Qed,9,7,1,Opt_parallel_current_affine_with_iss_result_correct,0,,2,driver/ExtractedPipelineCorrect.v:179:ParallelCorrect.Opt_parallel_current_affine_with_iss_correct;driver/VerifiedParallelCompilerConfig.v:391:ParallelCorrect.Opt_parallel_current_affine_with_iss_correct,yes,yes,yes,yes,Alarm-free entry wrapper,"Unwraps a result-returning route through res_to_alarm, then invokes its result theorem",low in this declaration; composition may be hidden in its shared macro/helper,Keep all public entry theorem types; use one polymorphic result-unwrapping lemma for both parallel and vector families.,P0,low,Direct qualified external use; preserve name and type.
Theorem,Public,Opt_parallel_current_with_iss_correct,ParallelPolOptCorrect.Opt_parallel_current_with_iss_correct,ParallelPolOptCorrect,,,1956,1970,16,1962,1970,Qed,9,7,1,Opt_parallel_current_with_iss_result_correct,0,,2,driver/ExtractedPipelineCorrect.v:181:ParallelCorrect.Opt_parallel_current_with_iss_correct;driver/VerifiedParallelCompilerConfig.v:392:ParallelCorrect.Opt_parallel_current_with_iss_correct,yes,yes,yes,yes,Alarm-free entry wrapper,"Unwraps a result-returning route through res_to_alarm, then invokes its result theorem",low in this declaration; composition may be hidden in its shared macro/helper,Keep all public entry theorem types; use one polymorphic result-unwrapping lemma for both parallel and vector families.,P0,low,Direct qualified external use; preserve name and type.
Theorem,Public,Opt_parallel_current_many_identity_correct,ParallelPolOptCorrect.Opt_parallel_current_many_identity_correct,ParallelPolOptCorrect,,,1972,1986,16,1978,1986,Qed,9,7,1,Opt_parallel_current_many_identity_result_correct,0,,2,driver/ExtractedPipelineCorrect.v:211:ParallelCorrect.Opt_parallel_current_many_identity_correct;driver/VerifiedParallelCompilerConfig.v:404:ParallelCorrect.Opt_parallel_current_many_identity_correct,yes,yes,yes,yes,Alarm-free entry wrapper,"Unwraps a result-returning route through res_to_alarm, then invokes its result theorem",low in this declaration; composition may be hidden in its shared macro/helper,Keep all public entry theorem types; use one polymorphic result-unwrapping lemma for both parallel and vector families.,P0,low,Direct qualified external use; preserve name and type.
Theorem,Public,Opt_parallel_current_many_identity_tiled_correct,ParallelPolOptCorrect.Opt_parallel_current_many_identity_tiled_correct,ParallelPolOptCorrect,,,1988,2002,16,1994,2002,Qed,9,7,1,Opt_parallel_current_many_identity_tiled_result_correct,0,,2,driver/ExtractedPipelineCorrect.v:214:ParallelCorrect.Opt_parallel_current_many_identity_tiled_correct;driver/VerifiedParallelCompilerConfig.v:405:ParallelCorrect.Opt_parallel_current_many_identity_tiled_correct,yes,yes,yes,yes,Alarm-free entry wrapper,"Unwraps a result-returning route through res_to_alarm, then invokes its result theorem",low in this declaration; composition may be hidden in its shared macro/helper,Keep all public entry theorem types; use one polymorphic result-unwrapping lemma for both parallel and vector families.,P0,low,Direct qualified external use; preserve name and type.
Theorem,Public,Opt_parallel_current_many_identity_tiled_with_iss_correct,ParallelPolOptCorrect.Opt_parallel_current_many_identity_tiled_with_iss_correct,ParallelPolOptCorrect,,,2004,2020,18,2012,2020,Qed,9,7,1,Opt_parallel_current_many_identity_tiled_with_iss_result_correct,0,,2,driver/ExtractedPipelineCorrect.v:220:ParallelCorrect.Opt_parallel_current_many_identity_tiled_with_iss_correct;driver/VerifiedParallelCompilerConfig.v:406:ParallelCorrect.Opt_parallel_current_many_identity_tiled_with_iss_correct,yes,yes,yes,yes,Alarm-free entry wrapper,"Unwraps a result-returning route through res_to_alarm, then invokes its result theorem",low in this declaration; composition may be hidden in its shared macro/helper,Keep all public entry theorem types; use one polymorphic result-unwrapping lemma for both parallel and vector families.,P0,low,Direct qualified external use; preserve name and type.
Theorem,Public,Opt_parallel_current_many_affine_correct,ParallelPolOptCorrect.Opt_parallel_current_many_affine_correct,ParallelPolOptCorrect,,,2022,2036,16,2028,2036,Qed,9,7,1,Opt_parallel_current_many_affine_result_correct,0,,2,driver/ExtractedPipelineCorrect.v:224:ParallelCorrect.Opt_parallel_current_many_affine_correct;driver/VerifiedParallelCompilerConfig.v:408:ParallelCorrect.Opt_parallel_current_many_affine_correct,yes,yes,yes,yes,Alarm-free entry wrapper,"Unwraps a result-returning route through res_to_alarm, then invokes its result theorem",low in this declaration; composition may be hidden in its shared macro/helper,Keep all public entry theorem types; use one polymorphic result-unwrapping lemma for both parallel and vector families.,P0,low,Direct qualified external use; preserve name and type.
Theorem,Public,Opt_parallel_current_many_correct,ParallelPolOptCorrect.Opt_parallel_current_many_correct,ParallelPolOptCorrect,,,2038,2052,16,2044,2052,Qed,9,7,1,Opt_parallel_current_many_result_correct,0,,2,driver/ExtractedPipelineCorrect.v:226:ParallelCorrect.Opt_parallel_current_many_correct;driver/VerifiedParallelCompilerConfig.v:409:ParallelCorrect.Opt_parallel_current_many_correct,yes,yes,yes,yes,Alarm-free entry wrapper,"Unwraps a result-returning route through res_to_alarm, then invokes its result theorem",low in this declaration; composition may be hidden in its shared macro/helper,Keep all public entry theorem types; use one polymorphic result-unwrapping lemma for both parallel and vector families.,P0,low,Direct qualified external use; preserve name and type.
Theorem,Public,Opt_parallel_current_many_diamond_correct,ParallelPolOptCorrect.Opt_parallel_current_many_diamond_correct,ParallelPolOptCorrect,,,2054,2068,16,2060,2068,Qed,9,7,1,Opt_parallel_current_many_diamond_result_correct,0,,2,driver/ExtractedPipelineCorrect.v:229:ParallelCorrect.Opt_parallel_current_many_diamond_correct;driver/VerifiedParallelCompilerConfig.v:410:ParallelCorrect.Opt_parallel_current_many_diamond_correct,yes,yes,yes,yes,Alarm-free entry wrapper,"Unwraps a result-returning route through res_to_alarm, then invokes its result theorem",low in this declaration; composition may be hidden in its shared macro/helper,Keep all public entry theorem types; use one polymorphic result-unwrapping lemma for both parallel and vector families.,P0,low,Direct qualified external use; preserve name and type.
Theorem,Public,Opt_parallel_current_many_diamond_with_iss_correct,ParallelPolOptCorrect.Opt_parallel_current_many_diamond_with_iss_correct,ParallelPolOptCorrect,,,2070,2084,16,2076,2084,Qed,9,7,1,Opt_parallel_current_many_diamond_with_iss_result_correct,0,,2,driver/ExtractedPipelineCorrect.v:233:ParallelCorrect.Opt_parallel_current_many_diamond_with_iss_correct;driver/VerifiedParallelCompilerConfig.v:411:ParallelCorrect.Opt_parallel_current_many_diamond_with_iss_correct,yes,yes,yes,yes,Alarm-free entry wrapper,"Unwraps a result-returning route through res_to_alarm, then invokes its result theorem",low in this declaration; composition may be hidden in its shared macro/helper,Keep all public entry theorem types; use one polymorphic result-unwrapping lemma for both parallel and vector families.,P0,low,Direct qualified external use; preserve name and type.
Theorem,Public,Opt_parallel_current_many_identity_with_iss_correct,ParallelPolOptCorrect.Opt_parallel_current_many_identity_with_iss_correct,ParallelPolOptCorrect,,,2086,2100,16,2092,2100,Qed,9,7,1,Opt_parallel_current_many_identity_with_iss_result_correct,0,,2,driver/ExtractedPipelineCorrect.v:238:ParallelCorrect.Opt_parallel_current_many_identity_with_iss_correct;driver/VerifiedParallelCompilerConfig.v:412:ParallelCorrect.Opt_parallel_current_many_identity_with_iss_correct,yes,yes,yes,yes,Alarm-free entry wrapper,"Unwraps a result-returning route through res_to_alarm, then invokes its result theorem",low in this declaration; composition may be hidden in its shared macro/helper,Keep all public entry theorem types; use one polymorphic result-unwrapping lemma for both parallel and vector families.,P0,low,Direct qualified external use; preserve name and type.
Theorem,Public,Opt_parallel_current_many_affine_with_iss_correct,ParallelPolOptCorrect.Opt_parallel_current_many_affine_with_iss_correct,ParallelPolOptCorrect,,,2102,2116,16,2108,2116,Qed,9,7,1,Opt_parallel_current_many_affine_with_iss_result_correct,0,,2,driver/ExtractedPipelineCorrect.v:243:ParallelCorrect.Opt_parallel_current_many_affine_with_iss_correct;driver/VerifiedParallelCompilerConfig.v:413:ParallelCorrect.Opt_parallel_current_many_affine_with_iss_correct,yes,yes,yes,yes,Alarm-free entry wrapper,"Unwraps a result-returning route through res_to_alarm, then invokes its result theorem",low in this declaration; composition may be hidden in its shared macro/helper,Keep all public entry theorem types; use one polymorphic result-unwrapping lemma for both parallel and vector families.,P0,low,Direct qualified external use; preserve name and type.
Theorem,Public,Opt_parallel_current_many_with_iss_correct,ParallelPolOptCorrect.Opt_parallel_current_many_with_iss_correct,ParallelPolOptCorrect,,,2118,2132,18,2124,2132,Qed,9,7,1,Opt_parallel_current_many_with_iss_result_correct,0,,2,driver/ExtractedPipelineCorrect.v:247:ParallelCorrect.Opt_parallel_current_many_with_iss_correct;driver/VerifiedParallelCompilerConfig.v:414:ParallelCorrect.Opt_parallel_current_many_with_iss_correct,yes,yes,yes,yes,Alarm-free entry wrapper,"Unwraps a result-returning route through res_to_alarm, then invokes its result theorem",low in this declaration; composition may be hidden in its shared macro/helper,Keep all public entry theorem types; use one polymorphic result-unwrapping lemma for both parallel and vector families.,P0,low,Direct qualified external use; preserve name and type.
Lemma,Public,vector_current_identity_prepared_from_poly_correct,ParallelPolOptCorrect.vector_current_identity_prepared_from_poly_correct,ParallelPolOptCorrect,,,2136,2148,14,2143,2148,Qed,6,4,1,checked_vector_current_annotated_codegen_at_correct,1,Opt_vector_current_identity_result_correct,0,,no,yes,no,yes,Prepared route wrapper,Route-specific instantiation of preprocessing plus checked parallel/vector annotation/codegen,low in this declaration; composition may be hidden in its shared macro/helper,"Keep route-specific public theorem/type, but instantiate a Local generic composition lemma instead of a lazymatch macro.",retain,low,Exported and transitively used by a config entry; preserve name and type.
Lemma,Public,vector_current_affine_prepared_from_poly_correct,ParallelPolOptCorrect.vector_current_affine_prepared_from_poly_correct,ParallelPolOptCorrect,,,2150,2162,14,2157,2162,Qed,6,4,2,checked_vector_current_annotated_codegen_at_correct;finish_checked_affine_annotation,1,Opt_vector_current_affine_result_correct,0,,no,yes,no,yes,Prepared route wrapper,Route-specific instantiation of preprocessing plus checked parallel/vector annotation/codegen,low in this declaration; composition may be hidden in its shared macro/helper,"Keep route-specific public theorem/type, but instantiate a Local generic composition lemma instead of a lazymatch macro.",retain,low,Exported and transitively used by a config entry; preserve name and type.
Lemma,Public,vector_current_prepared_from_poly_correct,ParallelPolOptCorrect.vector_current_prepared_from_poly_correct,ParallelPolOptCorrect,,,2164,2178,16,2171,2178,Qed,8,6,4,checked_vector_current_annotated_codegen_at_correct;finish_checked_annotation_after_preparation;phase_pipeline_opt_prepared_from_poly_no_iss_poly_correct;phase_pipeline_opt_prepared_from_poly_no_iss_poly_wf,1,Opt_vector_current_result_correct,0,,no,yes,no,yes,Prepared route wrapper,Route-specific instantiation of preprocessing plus checked parallel/vector annotation/codegen,low in this declaration; composition may be hidden in its shared macro/helper,"Keep route-specific public theorem/type, but instantiate a Local generic composition lemma instead of a lazymatch macro.",retain,low,Exported and transitively used by a config entry; preserve name and type.
Lemma,Public,vector_current_identity_tiled_prepared_from_poly_correct,ParallelPolOptCorrect.vector_current_identity_tiled_prepared_from_poly_correct,ParallelPolOptCorrect,,,2180,2196,18,2189,2196,Qed,8,6,4,checked_vector_current_annotated_codegen_at_correct;finish_checked_annotation_after_preparation;identity_tiling_opt_prepared_from_poly_no_iss_poly_correct;identity_tiling_opt_prepared_from_poly_no_iss_poly_wf,1,Opt_vector_current_identity_tiled_result_correct,0,,no,yes,no,yes,Prepared route wrapper,Route-specific instantiation of preprocessing plus checked parallel/vector annotation/codegen,low in this declaration; composition may be hidden in its shared macro/helper,"Keep route-specific public theorem/type, but instantiate a Local generic composition lemma instead of a lazymatch macro.",retain,low,Exported and transitively used by a config entry; preserve name and type.
Lemma,Public,vector_current_identity_tiled_prepared_from_poly_with_iss_correct,ParallelPolOptCorrect.vector_current_identity_tiled_prepared_from_poly_with_iss_correct,ParallelPolOptCorrect,,,2198,2214,18,2207,2214,Qed,8,6,4,checked_vector_current_annotated_codegen_at_correct;finish_checked_annotation_after_preparation;identity_tiling_opt_prepared_from_poly_with_iss_poly_correct;identity_tiling_opt_prepared_from_poly_with_iss_poly_wf,1,Opt_vector_current_identity_tiled_with_iss_result_correct,0,,no,yes,no,yes,Prepared route wrapper,Route-specific instantiation of preprocessing plus checked parallel/vector annotation/codegen,low in this declaration; composition may be hidden in its shared macro/helper,"Keep route-specific public theorem/type, but instantiate a Local generic composition lemma instead of a lazymatch macro.",retain,low,Exported and transitively used by a config entry; preserve name and type.
Lemma,Public,vector_current_diamond_prepared_from_poly_correct,ParallelPolOptCorrect.vector_current_diamond_prepared_from_poly_correct,ParallelPolOptCorrect,,,2216,2230,16,2223,2230,Qed,8,6,4,checked_vector_current_annotated_codegen_at_correct;diamond_phase_pipeline_opt_prepared_from_poly_no_iss_poly_correct;diamond_phase_pipeline_opt_prepared_from_poly_no_iss_poly_wf;finish_checked_annotation_after_preparation,1,Opt_vector_current_diamond_result_correct,0,,no,yes,no,yes,Prepared route wrapper,Route-specific instantiation of preprocessing plus checked parallel/vector annotation/codegen,low in this declaration; composition may be hidden in its shared macro/helper,"Keep route-specific public theorem/type, but instantiate a Local generic composition lemma instead of a lazymatch macro.",retain,low,Exported and transitively used by a config entry; preserve name and type.
Lemma,Public,vector_current_diamond_prepared_from_poly_with_iss_correct,ParallelPolOptCorrect.vector_current_diamond_prepared_from_poly_with_iss_correct,ParallelPolOptCorrect,,,2232,2248,18,2241,2248,Qed,8,6,4,checked_vector_current_annotated_codegen_at_correct;diamond_phase_pipeline_opt_prepared_from_poly_with_iss_poly_correct;diamond_phase_pipeline_opt_prepared_from_poly_with_iss_poly_wf;finish_checked_annotation_after_preparation,1,Opt_vector_current_diamond_with_iss_result_correct,0,,no,yes,no,yes,Prepared route wrapper,Route-specific instantiation of preprocessing plus checked parallel/vector annotation/codegen,low in this declaration; composition may be hidden in its shared macro/helper,"Keep route-specific public theorem/type, but instantiate a Local generic composition lemma instead of a lazymatch macro.",retain,low,Exported and transitively used by a config entry; preserve name and type.
Lemma,Public,vector_current_identity_prepared_from_poly_with_iss_correct,ParallelPolOptCorrect.vector_current_identity_prepared_from_poly_with_iss_correct,ParallelPolOptCorrect,,,2250,2266,18,2259,2266,Qed,8,6,4,checked_vector_current_annotated_codegen_at_correct;finish_checked_iss_annotation;iss_only_prepared_from_poly_correct;iss_only_prepared_from_poly_wf_affine,1,Opt_vector_current_identity_with_iss_result_correct,0,,no,yes,no,yes,Prepared route wrapper,Route-specific instantiation of preprocessing plus checked parallel/vector annotation/codegen,low in this declaration; composition may be hidden in its shared macro/helper,"Keep route-specific public theorem/type, but instantiate a Local generic composition lemma instead of a lazymatch macro.",retain,low,Exported and transitively used by a config entry; preserve name and type.
Lemma,Public,vector_current_affine_prepared_from_poly_with_iss_correct,ParallelPolOptCorrect.vector_current_affine_prepared_from_poly_with_iss_correct,ParallelPolOptCorrect,,,2268,2284,18,2277,2284,Qed,8,6,4,checked_vector_current_annotated_codegen_at_correct;finish_checked_iss_annotation;iss_affine_prepared_from_poly_correct;iss_affine_prepared_from_poly_wf_affine,1,Opt_vector_current_affine_with_iss_result_correct,0,,no,yes,no,yes,Prepared route wrapper,Route-specific instantiation of preprocessing plus checked parallel/vector annotation/codegen,low in this declaration; composition may be hidden in its shared macro/helper,"Keep route-specific public theorem/type, but instantiate a Local generic composition lemma instead of a lazymatch macro.",retain,low,Exported and transitively used by a config entry; preserve name and type.
Lemma,Public,vector_current_prepared_from_poly_with_iss_correct,ParallelPolOptCorrect.vector_current_prepared_from_poly_with_iss_correct,ParallelPolOptCorrect,,,2286,2300,16,2293,2300,Qed,8,6,4,checked_vector_current_annotated_codegen_at_correct;finish_checked_annotation_after_preparation;phase_pipeline_opt_prepared_from_poly_with_iss_poly_correct;phase_pipeline_opt_prepared_from_poly_with_iss_poly_wf,1,Opt_vector_current_with_iss_result_correct,0,,no,yes,no,yes,Prepared route wrapper,Route-specific instantiation of preprocessing plus checked parallel/vector annotation/codegen,low in this declaration; composition may be hidden in its shared macro/helper,"Keep route-specific public theorem/type, but instantiate a Local generic composition lemma instead of a lazymatch macro.",retain,low,Exported and transitively used by a config entry; preserve name and type.
Lemma,Public,opt_vector_current_result_from_prepared_correct,ParallelPolOptCorrect.opt_vector_current_result_from_prepared_correct,ParallelPolOptCorrect,,,2302,2342,42,2321,2342,Qed,22,20,0,,10,Opt_vector_current_affine_result_correct;Opt_vector_current_affine_with_iss_result_correct;Opt_vector_current_diamond_result_correct;Opt_vector_current_diamond_with_iss_result_correct;Opt_vector_current_identity_result_correct;Opt_vector_current_identity_tiled_result_correct;Opt_vector_current_identity_tiled_with_iss_result_correct;Opt_vector_current_identity_with_iss_result_correct;Opt_vector_current_result_correct;Opt_vector_current_with_iss_result_correct,0,,no,yes,no,yes,Explicit extraction composition,Generic nat-parameter vector version of the extraction/strengthening composition,low,Retain public name/type as a wrapper around a new polymorphic Local Lemma that also serves parallel and many-dimension routes.,retain,low,Exported and transitively used by a config entry; preserve name and type.
Theorem,Public,Opt_vector_current_identity_result_correct,ParallelPolOptCorrect.Opt_vector_current_identity_result_correct,ParallelPolOptCorrect,,,2344,2354,12,2349,2354,Qed,6,4,2,opt_vector_current_result_from_prepared_correct;vector_current_identity_prepared_from_poly_correct,1,Opt_vector_current_identity_correct,0,,no,yes,no,yes,Result route wrapper,Route-specific extraction/strengthening plus prepared-route correctness,low in this declaration; composition may be hidden in its shared macro/helper,Keep public theorem/type; use a shared polymorphic extraction lemma. Parallel and vector should use the same proof path.,P0,low,Exported and transitively used by a config entry; preserve name and type.
Theorem,Public,Opt_vector_current_identity_tiled_result_correct,ParallelPolOptCorrect.Opt_vector_current_identity_tiled_result_correct,ParallelPolOptCorrect,,,2356,2366,12,2361,2366,Qed,6,4,2,opt_vector_current_result_from_prepared_correct;vector_current_identity_tiled_prepared_from_poly_correct,1,Opt_vector_current_identity_tiled_correct,0,,no,yes,no,yes,Result route wrapper,Route-specific extraction/strengthening plus prepared-route correctness,low in this declaration; composition may be hidden in its shared macro/helper,Keep public theorem/type; use a shared polymorphic extraction lemma. Parallel and vector should use the same proof path.,P0,low,Exported and transitively used by a config entry; preserve name and type.
Theorem,Public,Opt_vector_current_identity_tiled_with_iss_result_correct,ParallelPolOptCorrect.Opt_vector_current_identity_tiled_with_iss_result_correct,ParallelPolOptCorrect,,,2368,2380,14,2375,2380,Qed,6,4,2,opt_vector_current_result_from_prepared_correct;vector_current_identity_tiled_prepared_from_poly_with_iss_correct,1,Opt_vector_current_identity_tiled_with_iss_correct,0,,no,yes,no,yes,Result route wrapper,Route-specific extraction/strengthening plus prepared-route correctness,low in this declaration; composition may be hidden in its shared macro/helper,Keep public theorem/type; use a shared polymorphic extraction lemma. Parallel and vector should use the same proof path.,P0,low,Exported and transitively used by a config entry; preserve name and type.
Theorem,Public,Opt_vector_current_affine_result_correct,ParallelPolOptCorrect.Opt_vector_current_affine_result_correct,ParallelPolOptCorrect,,,2382,2392,12,2387,2392,Qed,6,4,2,opt_vector_current_result_from_prepared_correct;vector_current_affine_prepared_from_poly_correct,1,Opt_vector_current_affine_correct,0,,no,yes,no,yes,Result route wrapper,Route-specific extraction/strengthening plus prepared-route correctness,low in this declaration; composition may be hidden in its shared macro/helper,Keep public theorem/type; use a shared polymorphic extraction lemma. Parallel and vector should use the same proof path.,P0,low,Exported and transitively used by a config entry; preserve name and type.
Theorem,Public,Opt_vector_current_result_correct,ParallelPolOptCorrect.Opt_vector_current_result_correct,ParallelPolOptCorrect,,,2394,2404,12,2399,2404,Qed,6,4,2,opt_vector_current_result_from_prepared_correct;vector_current_prepared_from_poly_correct,1,Opt_vector_current_correct,0,,no,yes,no,yes,Result route wrapper,Route-specific extraction/strengthening plus prepared-route correctness,low in this declaration; composition may be hidden in its shared macro/helper,Keep public theorem/type; use a shared polymorphic extraction lemma. Parallel and vector should use the same proof path.,P0,low,Exported and transitively used by a config entry; preserve name and type.
Theorem,Public,Opt_vector_current_diamond_result_correct,ParallelPolOptCorrect.Opt_vector_current_diamond_result_correct,ParallelPolOptCorrect,,,2406,2416,12,2411,2416,Qed,6,4,2,opt_vector_current_result_from_prepared_correct;vector_current_diamond_prepared_from_poly_correct,1,Opt_vector_current_diamond_correct,0,,no,yes,no,yes,Result route wrapper,Route-specific extraction/strengthening plus prepared-route correctness,low in this declaration; composition may be hidden in its shared macro/helper,Keep public theorem/type; use a shared polymorphic extraction lemma. Parallel and vector should use the same proof path.,P0,low,Exported and transitively used by a config entry; preserve name and type.
Theorem,Public,Opt_vector_current_diamond_with_iss_result_correct,ParallelPolOptCorrect.Opt_vector_current_diamond_with_iss_result_correct,ParallelPolOptCorrect,,,2418,2430,14,2425,2430,Qed,6,4,2,opt_vector_current_result_from_prepared_correct;vector_current_diamond_prepared_from_poly_with_iss_correct,1,Opt_vector_current_diamond_with_iss_correct,0,,no,yes,no,yes,Result route wrapper,Route-specific extraction/strengthening plus prepared-route correctness,low in this declaration; composition may be hidden in its shared macro/helper,Keep public theorem/type; use a shared polymorphic extraction lemma. Parallel and vector should use the same proof path.,P0,low,Exported and transitively used by a config entry; preserve name and type.
Theorem,Public,Opt_vector_current_identity_with_iss_result_correct,ParallelPolOptCorrect.Opt_vector_current_identity_with_iss_result_correct,ParallelPolOptCorrect,,,2432,2442,12,2437,2442,Qed,6,4,2,opt_vector_current_result_from_prepared_correct;vector_current_identity_prepared_from_poly_with_iss_correct,1,Opt_vector_current_identity_with_iss_correct,0,,no,yes,no,yes,Result route wrapper,Route-specific extraction/strengthening plus prepared-route correctness,low in this declaration; composition may be hidden in its shared macro/helper,Keep public theorem/type; use a shared polymorphic extraction lemma. Parallel and vector should use the same proof path.,P0,low,Exported and transitively used by a config entry; preserve name and type.
Theorem,Public,Opt_vector_current_affine_with_iss_result_correct,ParallelPolOptCorrect.Opt_vector_current_affine_with_iss_result_correct,ParallelPolOptCorrect,,,2444,2454,12,2449,2454,Qed,6,4,2,opt_vector_current_result_from_prepared_correct;vector_current_affine_prepared_from_poly_with_iss_correct,1,Opt_vector_current_affine_with_iss_correct,0,,no,yes,no,yes,Result route wrapper,Route-specific extraction/strengthening plus prepared-route correctness,low in this declaration; composition may be hidden in its shared macro/helper,Keep public theorem/type; use a shared polymorphic extraction lemma. Parallel and vector should use the same proof path.,P0,low,Exported and transitively used by a config entry; preserve name and type.
Theorem,Public,Opt_vector_current_with_iss_result_correct,ParallelPolOptCorrect.Opt_vector_current_with_iss_result_correct,ParallelPolOptCorrect,,,2456,2466,12,2461,2466,Qed,6,4,2,opt_vector_current_result_from_prepared_correct;vector_current_prepared_from_poly_with_iss_correct,1,Opt_vector_current_with_iss_correct,0,,no,yes,no,yes,Result route wrapper,Route-specific extraction/strengthening plus prepared-route correctness,low in this declaration; composition may be hidden in its shared macro/helper,Keep public theorem/type; use a shared polymorphic extraction lemma. Parallel and vector should use the same proof path.,P0,low,Exported and transitively used by a config entry; preserve name and type.
Lemma,Public,opt_vector_current_from_result_correct,ParallelPolOptCorrect.opt_vector_current_from_result_correct,ParallelPolOptCorrect,,,2468,2490,24,2483,2490,Qed,8,6,0,,10,Opt_vector_current_affine_correct;Opt_vector_current_affine_with_iss_correct;Opt_vector_current_correct;Opt_vector_current_diamond_correct;Opt_vector_current_diamond_with_iss_correct;Opt_vector_current_identity_correct;Opt_vector_current_identity_tiled_correct;Opt_vector_current_identity_tiled_with_iss_correct;Opt_vector_current_identity_with_iss_correct;Opt_vector_current_with_iss_correct,0,,no,yes,no,yes,Explicit result unwrapping,Generic nat-parameter vector lemma for result-to-alarm correctness,low,Retain public name/type as a wrapper around a polymorphic Local Lemma shared with the 20 parallel entry theorems.,retain,low,Exported and transitively used by a config entry; preserve name and type.
Theorem,Public,Opt_vector_current_identity_correct,ParallelPolOptCorrect.Opt_vector_current_identity_correct,ParallelPolOptCorrect,,,2492,2502,12,2497,2502,Qed,6,4,2,Opt_vector_current_identity_result_correct;opt_vector_current_from_result_correct,0,,2,driver/ExtractedPipelineCorrect.v:183:ParallelCorrect.Opt_vector_current_identity_correct;driver/VerifiedParallelCompilerConfig.v:393:ParallelCorrect.Opt_vector_current_identity_correct,yes,yes,yes,yes,Alarm-free entry wrapper,"Unwraps a result-returning route through res_to_alarm, then invokes its result theorem",low in this declaration; composition may be hidden in its shared macro/helper,Keep all public entry theorem types; use one polymorphic result-unwrapping lemma for both parallel and vector families.,P0,low,Direct qualified external use; preserve name and type.
Theorem,Public,Opt_vector_current_identity_tiled_correct,ParallelPolOptCorrect.Opt_vector_current_identity_tiled_correct,ParallelPolOptCorrect,,,2504,2514,12,2509,2514,Qed,6,4,2,Opt_vector_current_identity_tiled_result_correct;opt_vector_current_from_result_correct,0,,2,driver/ExtractedPipelineCorrect.v:186:ParallelCorrect.Opt_vector_current_identity_tiled_correct;driver/VerifiedParallelCompilerConfig.v:394:ParallelCorrect.Opt_vector_current_identity_tiled_correct,yes,yes,yes,yes,Alarm-free entry wrapper,"Unwraps a result-returning route through res_to_alarm, then invokes its result theorem",low in this declaration; composition may be hidden in its shared macro/helper,Keep all public entry theorem types; use one polymorphic result-unwrapping lemma for both parallel and vector families.,P0,low,Direct qualified external use; preserve name and type.
Theorem,Public,Opt_vector_current_identity_tiled_with_iss_correct,ParallelPolOptCorrect.Opt_vector_current_identity_tiled_with_iss_correct,ParallelPolOptCorrect,,,2516,2526,12,2521,2526,Qed,6,4,2,Opt_vector_current_identity_tiled_with_iss_result_correct;opt_vector_current_from_result_correct,0,,2,driver/ExtractedPipelineCorrect.v:190:ParallelCorrect.Opt_vector_current_identity_tiled_with_iss_correct;driver/VerifiedParallelCompilerConfig.v:395:ParallelCorrect.Opt_vector_current_identity_tiled_with_iss_correct,yes,yes,yes,yes,Alarm-free entry wrapper,"Unwraps a result-returning route through res_to_alarm, then invokes its result theorem",low in this declaration; composition may be hidden in its shared macro/helper,Keep all public entry theorem types; use one polymorphic result-unwrapping lemma for both parallel and vector families.,P0,low,Direct qualified external use; preserve name and type.
Theorem,Public,Opt_vector_current_affine_correct,ParallelPolOptCorrect.Opt_vector_current_affine_correct,ParallelPolOptCorrect,,,2528,2538,12,2533,2538,Qed,6,4,2,Opt_vector_current_affine_result_correct;opt_vector_current_from_result_correct,0,,2,driver/ExtractedPipelineCorrect.v:193:ParallelCorrect.Opt_vector_current_affine_correct;driver/VerifiedParallelCompilerConfig.v:397:ParallelCorrect.Opt_vector_current_affine_correct,yes,yes,yes,yes,Alarm-free entry wrapper,"Unwraps a result-returning route through res_to_alarm, then invokes its result theorem",low in this declaration; composition may be hidden in its shared macro/helper,Keep all public entry theorem types; use one polymorphic result-unwrapping lemma for both parallel and vector families.,P0,low,Direct qualified external use; preserve name and type.
Theorem,Public,Opt_vector_current_correct,ParallelPolOptCorrect.Opt_vector_current_correct,ParallelPolOptCorrect,,,2540,2550,12,2545,2550,Qed,6,4,2,Opt_vector_current_result_correct;opt_vector_current_from_result_correct,0,,2,driver/ExtractedPipelineCorrect.v:195:ParallelCorrect.Opt_vector_current_correct;driver/VerifiedParallelCompilerConfig.v:398:ParallelCorrect.Opt_vector_current_correct,yes,yes,yes,yes,Alarm-free entry wrapper,"Unwraps a result-returning route through res_to_alarm, then invokes its result theorem",low in this declaration; composition may be hidden in its shared macro/helper,Keep all public entry theorem types; use one polymorphic result-unwrapping lemma for both parallel and vector families.,P0,low,Direct qualified external use; preserve name and type.
Theorem,Public,Opt_vector_current_diamond_correct,ParallelPolOptCorrect.Opt_vector_current_diamond_correct,ParallelPolOptCorrect,,,2552,2562,12,2557,2562,Qed,6,4,2,Opt_vector_current_diamond_result_correct;opt_vector_current_from_result_correct,0,,2,driver/ExtractedPipelineCorrect.v:197:ParallelCorrect.Opt_vector_current_diamond_correct;driver/VerifiedParallelCompilerConfig.v:399:ParallelCorrect.Opt_vector_current_diamond_correct,yes,yes,yes,yes,Alarm-free entry wrapper,"Unwraps a result-returning route through res_to_alarm, then invokes its result theorem",low in this declaration; composition may be hidden in its shared macro/helper,Keep all public entry theorem types; use one polymorphic result-unwrapping lemma for both parallel and vector families.,P0,low,Direct qualified external use; preserve name and type.
Theorem,Public,Opt_vector_current_diamond_with_iss_correct,ParallelPolOptCorrect.Opt_vector_current_diamond_with_iss_correct,ParallelPolOptCorrect,,,2564,2574,12,2569,2574,Qed,6,4,2,Opt_vector_current_diamond_with_iss_result_correct;opt_vector_current_from_result_correct,0,,2,driver/ExtractedPipelineCorrect.v:200:ParallelCorrect.Opt_vector_current_diamond_with_iss_correct;driver/VerifiedParallelCompilerConfig.v:400:ParallelCorrect.Opt_vector_current_diamond_with_iss_correct,yes,yes,yes,yes,Alarm-free entry wrapper,"Unwraps a result-returning route through res_to_alarm, then invokes its result theorem",low in this declaration; composition may be hidden in its shared macro/helper,Keep all public entry theorem types; use one polymorphic result-unwrapping lemma for both parallel and vector families.,P0,low,Direct qualified external use; preserve name and type.
Theorem,Public,Opt_vector_current_identity_with_iss_correct,ParallelPolOptCorrect.Opt_vector_current_identity_with_iss_correct,ParallelPolOptCorrect,,,2576,2586,12,2581,2586,Qed,6,4,2,Opt_vector_current_identity_with_iss_result_correct;opt_vector_current_from_result_correct,0,,2,driver/ExtractedPipelineCorrect.v:203:ParallelCorrect.Opt_vector_current_identity_with_iss_correct;driver/VerifiedParallelCompilerConfig.v:401:ParallelCorrect.Opt_vector_current_identity_with_iss_correct,yes,yes,yes,yes,Alarm-free entry wrapper,"Unwraps a result-returning route through res_to_alarm, then invokes its result theorem",low in this declaration; composition may be hidden in its shared macro/helper,Keep all public entry theorem types; use one polymorphic result-unwrapping lemma for both parallel and vector families.,P0,low,Direct qualified external use; preserve name and type.
Theorem,Public,Opt_vector_current_affine_with_iss_correct,ParallelPolOptCorrect.Opt_vector_current_affine_with_iss_correct,ParallelPolOptCorrect,,,2588,2598,12,2593,2598,Qed,6,4,2,Opt_vector_current_affine_with_iss_result_correct;opt_vector_current_from_result_correct,0,,2,driver/ExtractedPipelineCorrect.v:206:ParallelCorrect.Opt_vector_current_affine_with_iss_correct;driver/VerifiedParallelCompilerConfig.v:402:ParallelCorrect.Opt_vector_current_affine_with_iss_correct,yes,yes,yes,yes,Alarm-free entry wrapper,"Unwraps a result-returning route through res_to_alarm, then invokes its result theorem",low in this declaration; composition may be hidden in its shared macro/helper,Keep all public entry theorem types; use one polymorphic result-unwrapping lemma for both parallel and vector families.,P0,low,Direct qualified external use; preserve name and type.
Theorem,Public,Opt_vector_current_with_iss_correct,ParallelPolOptCorrect.Opt_vector_current_with_iss_correct,ParallelPolOptCorrect,,,2600,2610,13,2605,2610,Qed,6,4,2,Opt_vector_current_with_iss_result_correct;opt_vector_current_from_result_correct,0,,2,driver/ExtractedPipelineCorrect.v:208:ParallelCorrect.Opt_vector_current_with_iss_correct;driver/VerifiedParallelCompilerConfig.v:403:ParallelCorrect.Opt_vector_current_with_iss_correct,yes,yes,yes,yes,Alarm-free entry wrapper,"Unwraps a result-returning route through res_to_alarm, then invokes its result theorem",low in this declaration; composition may be hidden in its shared macro/helper,Keep all public entry theorem types; use one polymorphic result-unwrapping lemma for both parallel and vector families.,P0,low,Direct qualified external use; preserve name and type.
