section,kind,local,name,line,end_line,span_lines,proof_group,proof_start,proof_end,proof_span_lines,proof_body_lines,proof_body_lines_unique,internal_caller_count,internal_callers,self_ref_count,internal_nonheader_count,interstitial_ref_count,external_confirmed_count,external_confirmed_files,external_bare_candidate_count,reachable_from_confirmed_public,reference_class
"Representation, OpenScop, and current view",Definition,False,ident,42,42,1,ident,,,0,0,0,18,current_access_transformation_at_preserve_length;current_transformation_at_preserve_length;exact_listzzs_cols_current_access_transformation_at;exact_listzzs_cols_current_transformation_at;exact_listzzs_cols_current_transformation_for_witness;from_openscop_ctxt;from_openscop_iterlist;from_openscop_vars;pi_to_openscop_statement;pi_to_openscop_statement_global;pinstr_current_dim;t;wf_pinstr;wf_pinstr_affine;wf_pinstr_ext;wf_pinstr_ext_affine;wf_pinstr_ext_tiling;wf_pinstr_general,1,25,0,4,src/PrepareCodegen.v;src/TilingBandScheduleValidator.v;src/TilingRelation.v,844,True,confirmed-external
"Representation, OpenScop, and current view",Definition,False,NonAlias,45,45,1,NonAlias,,,0,0,0,6,instance_list_semantics;lex_semantics;semantics;stable_permut'_ext_lists_are_equivalent;stable_permut_ext_lists_are_equivalent;stable_permut_step_ext_lists_are_equivalent,1,7,0,3,src/AffineValidator.v,75,True,confirmed-external
"Representation, OpenScop, and current view",Record,False,PolyInstr,48,58,11,PolyInstr,,,0,0,0,51,belongs_to;belongs_to_current_view_pi_iff;compose_pinstr_ext;compose_pinstrs_ext;current_access_transformation_at;current_access_transformation_at_preserve_length;current_access_transformation_of;current_src_args_at;current_src_args_in_dim;current_src_args_of;current_transformation_at;current_transformation_at_preserve_length;current_transformation_of;current_view_pi;elim_schedule;env_poly_lex_semantics;env_poly_semantics;env_scan;eqdom_pinstr;exact_listzzs_cols_current_access_transformation_at;exact_listzzs_cols_current_transformation_at;flatten_instr_nth;flatten_instr_nth_current_view_iff;flatten_instrs;flatten_instrs_current_view_iff;from_openscop;from_openscop_like_source;from_openscop_schedule_only;keep_schedule_row_at;max_schedule_len;pi_access_transformation;pi_depth;pi_elim_schedule;pi_instr;pi_point_witness;pi_poly;pi_raccess;pi_schedule;pi_to_openscop_statement;pi_to_openscop_statement_global;pi_transformation;pi_waccess;pinstr_current_dim;poly_lex_semantics;poly_semantics;poly_semantics_k;source_like_pi_schedule;t;wf_pinstr;wf_pinstr_affine;wf_pinstr_general,0,43,0,139,polygen/ASTGen.v;src/AffineValidator.v;src/Extractor.v;src/ISSBoolChecker.v;src/ISSCutSemantics.v;src/ISSRefinement.v;src/ISSSemantics.v;src/JamValidator.v;src/ParallelValidator.v;src/PrepareCodegen.v;src/StrengthenDomain.v;src/TilingBandScheduleValidator.v;src/TilingRelation.v;src/TilingValidator.v;syntax/SPolIRs.v,140,True,confirmed-external
"Representation, OpenScop, and current view",Projection,False,pi_depth,49,58,10,PolyInstr,,,0,0,0,43,PolyInstr;belongs_to;belongs_to_current_view_pi_iff;canonicalize_schedule_pprog;compose_pinstr_ext;current_src_args_of_current_view_pi_eq;current_view_pi;dummy_pi;eqdom_pinstr;eqdom_pinstr_implies_flatten_instr_nth_exists;eqdom_pinstr_implies_flatten_same_np_set;flatten_instr_nth;flatten_instr_nth_current_view_iff;flatten_instrs;flatten_instrs_current_view_iff;flatten_instrs_nil_implies_nil;from_openscop;from_openscop_complete;from_openscop_like_source;from_openscop_schedule_only;instance_list_semantics_current_view_iff;keep_schedule_row_at;pi_access_transformation;pi_elim_schedule;pi_instr;pi_point_witness;pi_poly;pi_raccess;pi_schedule;pi_to_openscop_statement;pi_to_openscop_statement_global;pi_transformation;pi_waccess;pinstr_current_dim;source_like_pi_schedule;source_like_schedule_pprog;wf_pil_affine_implies_wf_pil_ext_affine;wf_pil_implies_wf_pil_ext;wf_pinstr;wf_pinstr_affine;wf_pinstr_affine_implies_wf_pinstr_ext_affine;wf_pinstr_implies_wf_pinstr_ext;wf_pinstr_tiling_current_view_affine,0,57,0,328,driver/PolOpt.v;polygen/ASTGen.v;polygen/CodeGen.v;samples/CSample1.v;samples/CSample2.v;samples/CSample3.v;samples/ExtractorSmoke.v;src/AffineValidator.v;src/Extractor.v;src/ISSCutSemantics.v;src/ISSRefinement.v;src/ISSSemantics.v;src/JamValidator.v;src/ParallelValidator.v;src/PrepareCodegen.v;src/StrengthenDomain.v;src/TilingRelation.v;src/TilingValidator.v;syntax/SPolIRs.v,130,True,confirmed-external
"Representation, OpenScop, and current view",Projection,False,pi_instr,50,58,9,PolyInstr,,,0,0,0,28,PolyInstr;belongs_to;canonicalize_schedule_pprog;compose_pinstr_ext;current_view_pi;dummy_pi;eqdom_pinstr;from_openscop;from_openscop_complete;from_openscop_like_source;from_openscop_schedule_only;pi_access_transformation;pi_depth;pi_elim_schedule;pi_point_witness;pi_poly;pi_raccess;pi_schedule;pi_to_openscop_statement;pi_to_openscop_statement_global;pi_transformation;pi_waccess;poly_lex_semantics;poly_lex_semantics_pis_ext_iff;poly_lex_semantics_pis_ext_single;poly_semantics;poly_semantics_k;source_like_schedule_pprog,0,29,0,76,polygen/ASTGen.v;samples/CSample1.v;samples/CSample2.v;samples/CSample3.v;src/AffineValidator.v;src/Extractor.v;src/ISSRefinement.v;src/JamValidator.v;src/ParallelValidator.v;src/PrepareCodegen.v;src/StrengthenDomain.v;src/TilingRelation.v;src/TilingValidator.v;syntax/SPolIRs.v,17,True,confirmed-external
"Representation, OpenScop, and current view",Projection,False,pi_poly,51,58,8,PolyInstr,,,0,0,0,27,PolyInstr;belongs_to;canonicalize_schedule_pprog;compose_pinstr_ext;current_view_pi;dummy_pi;env_scan;eqdom_pinstr;from_openscop;from_openscop_complete;from_openscop_like_source;from_openscop_schedule_only;pi_access_transformation;pi_depth;pi_elim_schedule;pi_elim_schedule_nrl;pi_instr;pi_point_witness;pi_raccess;pi_schedule;pi_to_openscop_statement;pi_to_openscop_statement_global;pi_transformation;pi_waccess;pinstr_current_dim;source_like_schedule_pprog;wf_pinstr,0,30,0,126,polygen/ASTGen.v;polygen/CodeGen.v;samples/CSample1.v;samples/CSample2.v;samples/CSample3.v;samples/ExtractorSmoke.v;src/AffineValidator.v;src/Extractor.v;src/ISSBoolChecker.v;src/ISSRefinement.v;src/ISSSemantics.v;src/JamValidator.v;src/ParallelValidator.v;src/PrepareCodegen.v;src/StrengthenDomain.v;src/TilingRelation.v;src/TilingValidator.v;syntax/SPolIRs.v,18,True,confirmed-external
"Representation, OpenScop, and current view",Projection,False,pi_schedule,52,58,7,PolyInstr,,,0,0,0,39,PolyInstr;belongs_to;canonicalize_schedule_pprog;compose_pinstr_ext;current_view_pi;dummy_pi;eqdom_pinstr_implies_flatten_instr_nth_exists;eqdom_pinstr_implies_flatten_instr_nth_rel;eqdom_pinstr_implies_flatten_instr_nth_retime;eqdom_pinstr_implies_flatten_instr_same_len;eqdom_pinstr_implies_flatten_same_np_set;from_openscop;from_openscop_complete;from_openscop_like_source;from_openscop_schedule_only;keep_schedule_row_at;max_schedule_len;pi_access_transformation;pi_depth;pi_elim_schedule;pi_elim_schedule_nrl;pi_instr;pi_point_witness;pi_poly;pi_raccess;pi_to_openscop_statement;pi_to_openscop_statement_global;pi_transformation;pi_waccess;pinstr_current_dim;poly_elim_schedule_semantics_env_preserve;poly_elim_schedule_semantics_preserve;poly_semantics;poly_semantics_concat;poly_semantics_k;source_like_pi_schedule;source_like_schedule_pprog;to_openscop_global_padded;wf_pinstr,0,53,0,86,polygen/ASTGen.v;polygen/CodeGen.v;samples/CSample1.v;samples/CSample2.v;samples/CSample3.v;samples/ExtractorSmoke.v;src/AffineValidator.v;src/Extractor.v;src/ISSRefinement.v;src/JamValidator.v;src/ParallelValidator.v;src/PrepareCodegen.v;src/StrengthenDomain.v;src/TilingRelation.v;src/TilingValidator.v;syntax/SPolIRs.v,319,True,confirmed-external
"Representation, OpenScop, and current view",Projection,False,pi_point_witness,53,58,6,PolyInstr,,,0,0,0,47,PolyInstr;belongs_to_current_view_pi_iff;canonicalize_schedule_pprog;compose_pinstr_ext;current_access_transformation_at;current_access_transformation_of;current_env_dim_in_dim_pi_elim_schedule;current_src_args_in_dim;current_src_args_in_dim_pi_elim_schedule_resize;current_src_args_of;current_src_args_of_current_view_pi_eq;current_src_args_of_pi_elim_schedule;current_transformation_at;current_transformation_of;current_view_pi;dummy_pi;eqdom_pinstr;exact_listzzs_cols_current_access_transformation_at;exact_listzzs_cols_current_transformation_at;flatten_instr_nth_current_view_iff;flatten_instrs_current_view_iff;from_openscop;from_openscop_complete;from_openscop_like_source;from_openscop_schedule_only;instance_list_semantics_current_view_iff;pi_access_transformation;pi_depth;pi_elim_schedule;pi_instr;pi_poly;pi_raccess;pi_schedule;pi_transformation;pi_waccess;poly_elim_schedule_semantics_env_preserve;poly_elim_schedule_semantics_preserve;poly_lex_semantics_pis_ext_iff;poly_lex_semantics_pis_ext_single;source_like_schedule_pprog;wf_pil_affine_implies_wf_pil_ext_affine;wf_pil_implies_wf_pil_ext;wf_pinstr;wf_pinstr_affine;wf_pinstr_affine_implies_wf_pinstr_ext_affine;wf_pinstr_implies_wf_pinstr_ext;wf_pinstr_tiling_current_view_affine,0,63,0,97,polygen/ASTGen.v;polygen/CodeGen.v;samples/CSample1.v;samples/CSample2.v;samples/CSample3.v;src/AffineValidator.v;src/Extractor.v;src/ISSRefinement.v;src/JamValidator.v;src/ParallelValidator.v;src/PrepareCodegen.v;src/StrengthenDomain.v;src/TilingRelation.v;src/TilingValidator.v;syntax/SPolIRs.v,25,True,confirmed-external
"Representation, OpenScop, and current view",Projection,False,pi_transformation,54,58,5,PolyInstr,,,0,0,0,29,PolyInstr;canonicalize_schedule_pprog;compose_pinstr_ext;current_transformation_at;current_transformation_at_preserve_length;current_view_pi;dummy_pi;eqdom_pinstr;exact_listzzs_cols_current_transformation_at;from_openscop;from_openscop_complete;from_openscop_like_source;from_openscop_schedule_only;pi_access_transformation;pi_depth;pi_elim_schedule;pi_instr;pi_point_witness;pi_poly;pi_raccess;pi_schedule;pi_waccess;poly_lex_semantics_pis_ext_iff;poly_lex_semantics_pis_ext_single;source_like_schedule_pprog;wf_pinstr;wf_pinstr_affine;wf_pinstr_general;wf_pinstr_tiling_current_view_affine,0,31,0,79,polygen/ASTGen.v;samples/CSample1.v;samples/CSample2.v;samples/CSample3.v;samples/ExtractorSmoke.v;src/AffineValidator.v;src/Extractor.v;src/ISSRefinement.v;src/JamValidator.v;src/ParallelValidator.v;src/PrepareCodegen.v;src/StrengthenDomain.v;src/TilingRelation.v;src/TilingValidator.v;syntax/SPolIRs.v,19,True,confirmed-external
"Representation, OpenScop, and current view",Projection,False,pi_access_transformation,55,58,4,PolyInstr,,,0,0,0,26,PolyInstr;canonicalize_schedule_pprog;compose_pinstr_ext;current_access_transformation_at;current_access_transformation_at_preserve_length;current_view_pi;dummy_pi;eqdom_pinstr;exact_listzzs_cols_current_access_transformation_at;from_openscop;from_openscop_complete;from_openscop_like_source;from_openscop_schedule_only;pi_depth;pi_elim_schedule;pi_instr;pi_point_witness;pi_poly;pi_raccess;pi_schedule;pi_transformation;pi_waccess;source_like_schedule_pprog;wf_pinstr;wf_pinstr_affine;wf_pinstr_general,0,24,0,55,polygen/ASTGen.v;samples/CSample1.v;samples/CSample2.v;samples/CSample3.v;src/AffineValidator.v;src/Extractor.v;src/ISSRefinement.v;src/JamValidator.v;src/ParallelValidator.v;src/PrepareCodegen.v;src/StrengthenDomain.v;src/TilingRelation.v;src/TilingValidator.v;syntax/SPolIRs.v,16,True,confirmed-external
"Representation, OpenScop, and current view",Projection,False,pi_waccess,56,58,3,PolyInstr,,,0,0,0,23,PolyInstr;canonicalize_schedule_pprog;compose_pinstr_ext;current_view_pi;dummy_pi;eqdom_pinstr;from_openscop;from_openscop_complete;from_openscop_like_source;from_openscop_schedule_only;pi_access_transformation;pi_depth;pi_elim_schedule;pi_instr;pi_point_witness;pi_poly;pi_raccess;pi_schedule;pi_to_openscop_statement;pi_to_openscop_statement_global;pi_transformation;source_like_schedule_pprog;wf_pinstr,0,21,0,65,polygen/ASTGen.v;samples/CSample1.v;samples/CSample2.v;samples/CSample3.v;samples/ExtractorSmoke.v;src/AffineValidator.v;src/Extractor.v;src/ISSRefinement.v;src/JamValidator.v;src/ParallelValidator.v;src/PrepareCodegen.v;src/StrengthenDomain.v;src/TilingRelation.v;src/TilingValidator.v;syntax/SPolIRs.v,18,True,confirmed-external
"Representation, OpenScop, and current view",Projection,False,pi_raccess,57,58,2,PolyInstr,,,0,0,0,23,PolyInstr;canonicalize_schedule_pprog;compose_pinstr_ext;current_view_pi;dummy_pi;eqdom_pinstr;from_openscop;from_openscop_complete;from_openscop_like_source;from_openscop_schedule_only;pi_access_transformation;pi_depth;pi_elim_schedule;pi_instr;pi_point_witness;pi_poly;pi_schedule;pi_to_openscop_statement;pi_to_openscop_statement_global;pi_transformation;pi_waccess;source_like_schedule_pprog;wf_pinstr,0,21,0,65,polygen/ASTGen.v;samples/CSample1.v;samples/CSample2.v;samples/CSample3.v;samples/ExtractorSmoke.v;src/AffineValidator.v;src/Extractor.v;src/ISSRefinement.v;src/JamValidator.v;src/ParallelValidator.v;src/PrepareCodegen.v;src/StrengthenDomain.v;src/TilingRelation.v;src/TilingValidator.v;syntax/SPolIRs.v,18,True,confirmed-external
"Representation, OpenScop, and current view",Definition,False,dummy_pi,60,70,11,dummy_pi,,,0,0,0,2,eqdom_pinstrs_implies_flatten_instr_nth_rel;eqdom_pinstrs_implies_flatten_instrs_exists,0,2,0,1,polygen/ASTGen.v,7,True,confirmed-external
"Representation, OpenScop, and current view",Definition,False,t,79,79,1,t,,,0,0,0,35,InstrPoint_ext;PolyInstr;PolyInstr_ext;canonical_scattering_output_rowb;canonicalize_schedule_pprog;check_pol_openscop_consistency;current_view_pprog;dummy;elim_schedule_prog;env_poly_lex_semantics;env_poly_semantics;eqdom_pprog;from_openscop;from_openscop_complete;from_openscop_like_source;from_openscop_schedule_only;instance_list_semantics;instance_list_semantics_current_view_iff;lex_semantics;openscop_constraint_eqb;poly_instance_list_semantics;poly_lex_semantics;poly_semantics;poly_semantics_k;pprog_current_dim;semantics;source_like_schedule_pprog;to_openscop;to_openscop_global_padded;wf_pinstr;wf_pinstr_affine;wf_pinstr_general;wf_pprog;wf_pprog_affine;wf_pprog_general,1,55,0,303,driver/CPolOpt.v;driver/ParallelPolOpt.v;driver/ParallelPolOptCorrect.v;driver/PolOpt.v;driver/PolOptBandTiling.v;driver/PolOptCanonicalTiling.v;driver/VerifiedParallelCompilerConfig.v;polygen/CodeGen.v;polygen/PolIRs.v;src/AffineValidator.v;src/CPolIRs.v;src/Extractor.v;src/ISSBoolChecker.v;src/ISSRefinement.v;src/JamValidator.v;src/LoopJamValidator.v;src/ParallelCodegen.v;src/ParallelValidator.v;src/PrepareCodegen.v;src/StrengthenDomain.v;src/TPolIRs.v;src/TilingBandDirectRuntime.v;src/TilingBandScheduleValidator.v;src/TilingCanonicalScheduleValidator.v;src/TilingRelation.v;src/TilingValidator.v;syntax/SBandTilingOpt.v;syntax/SParallelPolOpt.v;syntax/SPolIRs.v;syntax/SPolOpt.v;syntax/SVerifiedParallelCompilerConfig.v,4021,True,confirmed-external
"Representation, OpenScop, and current view",Definition,False,pinstr_current_dim,81,85,5,pinstr_current_dim,,,0,0,0,3,pprog_current_dim;pprog_current_dim_ge_pinstr;wf_pinstr,0,5,0,22,polygen/CodeGen.v;src/AffineValidator.v;src/ParallelValidator.v;src/PrepareCodegen.v;src/StrengthenDomain.v,0,True,confirmed-external
"Representation, OpenScop, and current view",Definition,False,pprog_current_dim,87,91,5,pprog_current_dim,,,0,0,0,4,elim_schedule_prog;lex_semantics;pprog_current_dim_ge_pinstr;semantics,0,5,0,36,polygen/CodeGen.v;src/JamValidator.v;src/ParallelValidator.v;src/PrepareCodegen.v,0,True,confirmed-external
"Representation, OpenScop, and current view",Lemma,False,fold_left_max_ge_init,93,102,10,fold_left_max_ge_init,96,102,7,5,5,1,fold_left_max_ge_member,0,1,0,2,src/PrepareCodegen.v,0,True,confirmed-external
"Representation, OpenScop, and current view",Lemma,False,fold_left_max_mono_acc,104,114,11,fold_left_max_mono_acc,108,114,7,5,5,1,fold_left_max_ge_member,0,1,0,0,,0,True,internal-live
"Representation, OpenScop, and current view",Lemma,False,fold_left_max_ge_member,116,131,16,fold_left_max_ge_member,120,131,12,10,10,1,pprog_current_dim_ge_pinstr,0,1,0,0,,0,True,internal-live
"Representation, OpenScop, and current view",Lemma,False,pprog_current_dim_ge_pinstr,133,148,16,pprog_current_dim_ge_pinstr,137,148,12,10,10,0,,0,0,0,7,polygen/CodeGen.v;src/PrepareCodegen.v,0,True,confirmed-external
"Representation, OpenScop, and current view",Definition,False,dummy,150,150,1,dummy,,,0,0,0,1,from_openscop_complete,0,1,0,90,driver/ParallelPolOpt.v;driver/ParallelPolOptCorrect.v;driver/PolOpt.v;driver/PolOptBandTiling.v;driver/PolOptCanonicalTiling.v;syntax/SBandTilingOpt.v;syntax/SParallelPolOpt.v,24,True,confirmed-external
"Representation, OpenScop, and current view",Definition,False,listzzs_to_domain_constr,154,160,7,listzzs_to_domain_constr,,,0,0,0,2,pi_to_openscop_statement;pi_to_openscop_statement_global,0,2,0,0,,0,True,internal-live
"Representation, OpenScop, and current view",Fixpoint,False,list_Z_eqb,162,167,6,list_Z_eqb,,,0,0,0,1,affine_constraint_eqb,1,2,0,0,,10,True,internal-live
"Representation, OpenScop, and current view",Definition,False,affine_constraint_eqb,169,172,4,affine_constraint_eqb,,,0,0,0,1,dedup_domain_rows,0,1,0,0,,0,True,internal-live
"Representation, OpenScop, and current view",Fixpoint,False,dedup_domain_rows,174,182,9,dedup_domain_rows,,,0,0,0,2,pi_to_openscop_statement;pi_to_openscop_statement_global,1,3,0,0,,0,True,internal-live
"Representation, OpenScop, and current view",Definition,False,listzzs_to_sctt_constr,184,189,6,listzzs_to_sctt_constr,,,0,0,0,3,affine_rows_to_sctt_constrs;constant_sctt_constr;zero_sctt_constr,0,3,0,0,,0,True,internal-live
"Representation, OpenScop, and current view",Definition,False,zero_affine_function,191,192,2,zero_affine_function,,,0,0,0,10,compact_schedule_to_source_like;from_openscop_sctt_to_compact_schedule;interleave_zero_schedule_rows;keep_schedule_row_at;keep_schedule_rows;pad_schedule_to_len;refill_schedule_from_template;schedule_to_source_like_rows;source_like_sctt_rows;zero_sctt_constr,0,12,0,0,,3,True,internal-live
"Representation, OpenScop, and current view",Definition,False,constant_affine_function,194,195,2,constant_affine_function,,,0,0,0,5,compact_schedule_to_source_like;constant_sctt_constr;overwrite_last_schedule_const;pi_to_openscop_statement_global;source_like_sctt_rows,0,6,0,0,,0,True,internal-live
"Representation, OpenScop, and current view",Definition,False,affine_function_is_zero,197,199,3,affine_function_is_zero,,,0,0,0,8,drop_leading_zero_schedule_row;drop_trailing_zero_schedule_rev;even_slots_are_zero_sctt_rows;from_openscop_sctt_to_compact_schedule;keep_schedule_row_at;refill_schedule_from_template_keep_zero_consts;remove_zero_schedule_dims;tail_const_of_affine,0,8,0,0,,12,True,internal-live
"Representation, OpenScop, and current view",Definition,False,affine_function_is_const,201,203,3,affine_function_is_const,,,0,0,0,10,even_slots_are_zero_sctt_rows;from_openscop_sctt_to_compact_schedule;overwrite_last_schedule_const;refill_schedule_from_template;refill_schedule_from_template_keep_zero_consts;schedule_to_source_like_rows;source_like_sctt_rows;split_const_and_nonconst_schedule_rows;split_trailing_const_schedule;tail_const_of_affine,0,11,0,0,,0,True,internal-live
"Representation, OpenScop, and current view",Definition,False,remove_zero_schedule_dims,205,206,2,remove_zero_schedule_dims,,,0,0,0,5,pi_to_openscop_statement;pi_to_openscop_statement_global;source_like_rows_from_schedule;source_like_rows_to_compact_schedule;to_openscop_global_padded,0,5,0,0,,22,True,internal-live
"Representation, OpenScop, and current view",Definition,False,split_trailing_const_schedule,208,216,9,split_trailing_const_schedule,,,0,0,0,5,from_openscop_sctt_to_compact_schedule;pi_to_openscop_statement;pi_to_openscop_statement_global;source_like_rows_from_schedule;to_openscop_global_padded,0,5,0,0,,0,True,internal-live
"Representation, OpenScop, and current view",Definition,False,padded_sctt_out_dim,218,219,2,padded_sctt_out_dim,,,0,0,0,1,pi_to_openscop_statement,0,1,0,0,,0,True,internal-live
"Representation, OpenScop, and current view",Definition,False,zero_sctt_constr,221,225,5,zero_sctt_constr,,,0,0,0,0,,0,0,0,0,,0,False,zero-reference
"Representation, OpenScop, and current view",Definition,False,constant_sctt_constr,227,232,6,constant_sctt_constr,,,0,0,0,0,,0,0,0,0,,0,False,zero-reference
"Representation, OpenScop, and current view",Fixpoint,False,schedule_to_source_like_rows,234,247,14,schedule_to_source_like_rows,,,0,0,0,1,source_like_sctt_rows,2,4,0,0,,0,True,internal-live
"Representation, OpenScop, and current view",Definition,False,source_like_sctt_rows,249,267,19,source_like_sctt_rows,,,0,0,0,3,pi_to_openscop_statement;pi_to_openscop_statement_global;source_like_rows_from_schedule,0,6,0,0,,0,True,internal-live
"Representation, OpenScop, and current view",Definition,False,affine_rows_to_sctt_constrs,269,276,8,affine_rows_to_sctt_constrs,,,0,0,0,2,pi_to_openscop_statement;pi_to_openscop_statement_global,0,2,0,0,,0,True,internal-live
"Representation, OpenScop, and current view",Definition,False,tail_const_of_affine,278,281,4,tail_const_of_affine,,,0,0,0,1,source_like_rows_to_compact_schedule,0,1,0,0,,0,True,internal-live
"Representation, OpenScop, and current view",Definition,False,drop_leading_zero_schedule_row,283,288,6,drop_leading_zero_schedule_row,,,0,0,0,1,source_like_rows_to_compact_schedule,0,1,0,0,,0,True,internal-live
"Representation, OpenScop, and current view",Definition,False,source_like_rows_to_compact_schedule,290,303,14,source_like_rows_to_compact_schedule,,,0,0,0,2,from_openscop_sctt_to_source_like_compact_schedule;source_like_template_matches_scattering,0,2,0,0,,0,True,internal-live
"Representation, OpenScop, and current view",Definition,False,listzzs_to_access_constr,306,311,6,listzzs_to_access_constr,,,0,0,0,1,access_to_openscop,0,1,0,0,,0,True,internal-live
"Representation, OpenScop, and current view",Definition,False,access_to_openscop,314,331,18,access_to_openscop,,,0,0,0,2,pi_to_openscop_statement;pi_to_openscop_statement_global,0,4,0,0,,6,True,internal-live
"Representation, OpenScop, and current view",Definition,False,pi_to_openscop_statement,333,399,67,pi_to_openscop_statement,,,0,0,0,1,to_openscop,0,1,0,0,,0,True,internal-live
"Representation, OpenScop, and current view",Definition,False,pi_to_openscop_statement_global,401,460,60,pi_to_openscop_statement_global,,,0,0,0,1,to_openscop_global_padded,0,1,0,0,,0,False,internal-live
"Representation, OpenScop, and current view",Definition,False,to_openscop,463,494,32,to_openscop,,,0,0,0,2,pi_to_openscop_statement;pi_to_openscop_statement_global,0,2,0,6,src/CPolIRs.v;src/TPolIRs.v;syntax/SInstrSmoke.v;syntax/SPolIRs.v,4,True,confirmed-external
"Representation, OpenScop, and current view",Definition,False,to_openscop_global_padded,496,534,39,to_openscop_global_padded,,,0,0,0,0,,0,0,0,0,,0,False,zero-reference
"Representation, OpenScop, and current view",Definition,False,canonical_scattering_output_rowb,536,545,10,canonical_scattering_output_rowb,,,0,0,0,1,canonical_scattering_output_rowsb,0,1,0,0,,0,True,internal-live
"Representation, OpenScop, and current view",Fixpoint,False,canonical_scattering_output_rowsb,547,555,9,canonical_scattering_output_rowsb,,,0,0,0,1,canonical_function_scatteringb,1,2,0,0,,0,True,internal-live
"Representation, OpenScop, and current view",Definition,False,canonical_function_scatteringb,557,561,5,canonical_function_scatteringb,,,0,0,0,2,check_pol_openscop_consistency;from_openscop_complete,0,2,0,0,,0,True,internal-live
"Representation, OpenScop, and current view",Definition,False,check_pol_openscop_consistency,563,569,7,check_pol_openscop_consistency,,,0,0,0,3,from_openscop;from_openscop_like_source;from_openscop_schedule_only,0,3,0,0,,0,True,internal-live
"Representation, OpenScop, and current view",Fixpoint,False,odd_positions,571,575,5,odd_positions,,,0,0,0,2,from_openscop_sctt_to_compact_schedule;from_openscop_sctt_to_sched_rows,1,3,0,0,,0,False,internal-live
"Representation, OpenScop, and current view",Definition,False,openscop_constraint_eqb,577,581,5,openscop_constraint_eqb,,,0,0,0,0,,0,0,0,0,,0,False,zero-reference
"Representation, OpenScop, and current view",Definition,False,openscop_sctt_row_to_affine,583,590,8,openscop_sctt_row_to_affine,,,0,0,0,2,even_slots_are_zero_sctt_rows;raw_scattering_rows,0,2,0,0,,0,True,internal-live
"Representation, OpenScop, and current view",Fixpoint,False,even_slots_are_zero_sctt_rows,592,610,19,even_slots_are_zero_sctt_rows,,,0,0,0,1,uses_padded_sctt_shape,1,2,0,0,,0,False,internal-live
"Representation, OpenScop, and current view",Definition,False,uses_padded_sctt_shape,612,617,6,uses_padded_sctt_shape,,,0,0,0,2,from_openscop_sctt_to_compact_schedule;from_openscop_sctt_to_sched_rows,0,2,0,0,,0,False,internal-live
"Representation, OpenScop, and current view",Fixpoint,False,drop_trailing_zero_schedule_rev,619,626,8,drop_trailing_zero_schedule_rev,,,0,0,0,1,drop_trailing_zero_schedule,1,2,0,0,,0,True,internal-live
"Representation, OpenScop, and current view",Definition,False,drop_trailing_zero_schedule,628,629,2,drop_trailing_zero_schedule,,,0,0,0,1,source_like_template_matches_scattering,0,2,0,0,,2,True,internal-live
"Representation, OpenScop, and current view",Definition,False,from_openscop_sctt_to_pol_schedule,631,641,11,from_openscop_sctt_to_pol_schedule,,,0,0,0,4,from_openscop;from_openscop_complete;from_openscop_like_source;from_openscop_schedule_only,0,4,0,0,,0,True,internal-live
"Representation, OpenScop, and current view",Definition,False,from_openscop_sctt_to_sched_rows,643,657,15,from_openscop_sctt_to_sched_rows,,,0,0,0,0,,0,0,0,0,,0,False,zero-reference
"Representation, OpenScop, and current view",Definition,False,from_openscop_sctt_to_compact_schedule,659,678,20,from_openscop_sctt_to_compact_schedule,,,0,0,0,0,,0,0,0,0,,0,False,zero-reference
"Representation, OpenScop, and current view",Definition,False,from_openscop_sctt_to_source_like_compact_schedule,680,691,12,from_openscop_sctt_to_source_like_compact_schedule,,,0,0,0,1,from_openscop_like_source,0,1,0,0,,0,True,internal-live
"Representation, OpenScop, and current view",Definition,False,split_const_and_nonconst_schedule_rows,693,701,9,split_const_and_nonconst_schedule_rows,,,0,0,0,1,refill_source_like_schedule_from_template,0,1,0,0,,0,True,internal-live
"Representation, OpenScop, and current view",Fixpoint,False,refill_schedule_from_template,703,722,20,refill_schedule_from_template,,,0,0,0,0,,4,4,0,0,,0,False,self-only
"Representation, OpenScop, and current view",Fixpoint,False,refill_schedule_from_template_keep_zero_consts,724,744,21,refill_schedule_from_template_keep_zero_consts,,,0,0,0,1,refill_source_like_schedule_from_template,5,6,0,0,,0,True,internal-live
"Representation, OpenScop, and current view",Fixpoint,False,interleave_zero_schedule_rows,746,751,6,interleave_zero_schedule_rows,,,0,0,0,1,compact_schedule_to_source_like,1,2,0,0,,0,False,internal-live
"Representation, OpenScop, and current view",Definition,False,compact_schedule_to_source_like,753,759,7,compact_schedule_to_source_like,,,0,0,0,0,,0,0,0,0,,0,False,zero-reference
"Representation, OpenScop, and current view",Definition,False,source_like_rows_from_schedule,761,765,5,source_like_rows_from_schedule,,,0,0,0,2,source_like_pi_schedule;source_like_template_matches_scattering,0,2,0,0,,0,True,internal-live
"Representation, OpenScop, and current view",Definition,False,pad_schedule_to_len,767,770,4,pad_schedule_to_len,,,0,0,0,2,canonicalize_schedule_pprog;keep_schedule_row_at,0,2,0,0,,26,True,internal-live
"Representation, OpenScop, and current view",Definition,False,source_like_pi_schedule,772,774,3,source_like_pi_schedule,,,0,0,0,1,source_like_schedule_pprog,0,1,0,0,,0,False,internal-live
"Representation, OpenScop, and current view",Definition,False,source_like_schedule_pprog,776,791,16,source_like_schedule_pprog,,,0,0,0,0,,0,0,0,0,,0,False,zero-reference
"Representation, OpenScop, and current view",Definition,False,max_schedule_len,793,795,3,max_schedule_len,,,0,0,0,1,canonicalize_schedule_pprog,0,1,0,0,,0,True,internal-live
"Representation, OpenScop, and current view",Definition,False,keep_schedule_row_at,797,808,12,keep_schedule_row_at,,,0,0,0,1,canonicalize_schedule_pprog,0,1,0,0,,0,True,internal-live
"Representation, OpenScop, and current view",Fixpoint,False,keep_schedule_rows,810,819,10,keep_schedule_rows,,,0,0,0,1,canonicalize_schedule_pprog,1,2,0,0,,0,True,internal-live
"Representation, OpenScop, and current view",Definition,False,canonicalize_schedule_pprog,821,845,25,canonicalize_schedule_pprog,,,0,0,0,1,from_openscop_schedule_only,0,1,0,0,,0,True,internal-live
"Representation, OpenScop, and current view",Definition,False,raw_scattering_rows,847,852,6,raw_scattering_rows,,,0,0,0,1,source_like_template_matches_scattering,0,1,0,0,,0,True,internal-live
"Representation, OpenScop, and current view",Fixpoint,False,overwrite_last_schedule_const,854,866,13,overwrite_last_schedule_const,,,0,0,0,1,refill_source_like_schedule_from_template,1,2,0,0,,0,True,internal-live
"Representation, OpenScop, and current view",Definition,False,refill_source_like_schedule_from_template,868,873,6,refill_source_like_schedule_from_template,,,0,0,0,2,from_openscop_like_source;source_like_template_matches_scattering,0,2,0,0,,0,True,internal-live
"Representation, OpenScop, and current view",Definition,False,source_like_template_matches_scattering,875,884,10,source_like_template_matches_scattering,,,0,0,0,1,from_openscop_like_source,0,1,0,0,,0,True,internal-live
"Representation, OpenScop, and current view",Definition,False,from_openscop_schedule_only,886,916,31,from_openscop_schedule_only,,,0,0,0,0,,0,0,0,37,driver/ParallelPolOpt.v;driver/ParallelPolOptCorrect.v;driver/PolOptBandTiling.v;driver/SBandTilingOptBridge.v;driver/SParallelPolOptBridge.v;syntax/SBandTilingOpt.v;syntax/SParallelPolOpt.v;syntax/SPolIRs.v,1,True,confirmed-external
"Representation, OpenScop, and current view",Definition,False,from_openscop_like_source,919,956,38,from_openscop_like_source,,,0,0,0,0,,0,0,0,13,driver/ParallelPolOpt.v;driver/ParallelPolOptCorrect.v;driver/PolOpt.v;driver/PolOptBandTiling.v;driver/PolOptCanonicalTiling.v;driver/SBandTilingOptBridge.v;driver/SParallelPolOptBridge.v;syntax/SBandTilingOpt.v;syntax/SParallelPolOpt.v,0,True,confirmed-external
"Representation, OpenScop, and current view",Definition,False,from_openscop_ctxt,958,963,6,from_openscop_ctxt,,,0,0,0,1,from_openscop_complete,0,1,0,0,,0,True,internal-live
"Representation, OpenScop, and current view",Fixpoint,False,from_openscop_vars,965,973,9,from_openscop_vars,,,0,0,0,1,from_openscop_complete,1,2,0,0,,0,True,internal-live
"Representation, OpenScop, and current view",Definition,False,from_openscop_iterlist,975,987,13,from_openscop_iterlist,,,0,0,0,1,from_openscop_complete,0,1,0,0,,0,True,internal-live
"Representation, OpenScop, and current view",Definition,False,from_openscop_iterlist,983,987,5,from_openscop_iterlist,,,0,0,0,1,from_openscop_complete,0,1,0,0,,0,True,internal-live
"Representation, OpenScop, and current view",Fixpoint,False,from_openscop_domain,993,1017,25,from_openscop_domain,,,0,0,0,2,from_openscop;from_openscop_complete,0,2,0,0,,0,True,internal-live
"Representation, OpenScop, and current view",Definition,False,from_openscop_domain,1016,1017,2,from_openscop_domain,,,0,0,0,2,from_openscop;from_openscop_complete,0,2,0,0,,0,True,internal-live
"Representation, OpenScop, and current view",Definition,False,from_openscop_access,1019,1032,14,from_openscop_access,,,0,0,0,2,from_openscop_raccesslist;from_openscop_waccesslist,0,2,0,0,,0,True,internal-live
"Representation, OpenScop, and current view",Fixpoint,False,from_openscop_waccesslist,1034,1043,10,from_openscop_waccesslist,,,0,0,0,2,from_openscop;from_openscop_complete,2,4,0,0,,0,True,internal-live
"Representation, OpenScop, and current view",Fixpoint,False,from_openscop_raccesslist,1045,1054,10,from_openscop_raccesslist,,,0,0,0,2,from_openscop;from_openscop_complete,2,4,0,0,,0,True,internal-live
"Representation, OpenScop, and current view",Definition,False,from_openscop,1056,1084,29,from_openscop,,,0,0,0,0,,0,0,0,2,src/CPolIRs.v;src/TPolIRs.v,0,True,confirmed-external
"Representation, OpenScop, and current view",Definition,False,create_id_transformation,1087,1089,3,create_id_transformation,,,0,0,0,1,from_openscop_complete,0,2,0,0,,0,True,internal-live
"Representation, OpenScop, and current view",Definition,False,from_openscop_complete,1094,1123,30,from_openscop_complete,,,0,0,0,0,,0,0,0,5,driver/CPolOpt.v;syntax/SBandTilingOpt.v;syntax/SPolOpt.v,0,True,confirmed-external
"Representation, OpenScop, and current view",Definition,False,wf_pinstr,1125,1160,36,wf_pinstr,,,0,0,0,10,instance_list_semantics_current_view_iff;wf_pil_implies_wf_pil_ext;wf_pinstr_affine;wf_pinstr_affine_implies_wf_pinstr;wf_pinstr_general;wf_pinstr_general_implies_wf_pinstr;wf_pinstr_implies_wf_pinstr_ext;wf_pinstr_tiling_current_view_affine;wf_pinstr_tiling_implies_wf_pinstr;wf_pprog,0,14,0,23,polygen/CodeGen.v;src/AffineValidator.v;src/Extractor.v;src/ParallelValidator.v;src/PrepareCodegen.v;src/StrengthenDomain.v,4,True,confirmed-external
"Representation, OpenScop, and current view",Definition,False,wf_pinstr_affine,1162,1165,4,wf_pinstr_affine,,,0,0,0,8,wf_pil_affine_implies_wf_pil_ext_affine;wf_pinstr_affine_implies_wf_pinstr;wf_pinstr_affine_implies_wf_pinstr_ext_affine;wf_pinstr_affine_implies_wf_pinstr_general;wf_pinstr_affine_implies_wf_pinstr_tiling;wf_pinstr_general_current_view_affine;wf_pinstr_tiling_current_view_affine;wf_pprog_affine,0,14,0,22,src/AffineValidator.v;src/ParallelValidator.v;src/PrepareCodegen.v;src/StrengthenDomain.v;src/TilingValidator.v,6,True,confirmed-external
"Representation, OpenScop, and current view",Definition,False,wf_pinstr_general,1169,1171,3,wf_pinstr_general,,,0,0,0,8,instance_list_semantics_current_view_iff;wf_pinstr_affine_implies_wf_pinstr_general;wf_pinstr_affine_implies_wf_pinstr_tiling;wf_pinstr_general_current_view_affine;wf_pinstr_general_implies_wf_pinstr;wf_pinstr_tiling;wf_pinstr_tiling_implies_wf_pinstr;wf_pprog_general,0,9,0,2,src/TilingValidator.v,2,True,confirmed-external
"Representation, OpenScop, and current view",Definition,False,wf_pinstr_tiling,1173,1173,1,wf_pinstr_tiling,,,0,0,0,4,instance_list_semantics_current_view_iff;wf_pinstr_affine_implies_wf_pinstr_tiling;wf_pinstr_tiling_current_view_affine;wf_pinstr_tiling_implies_wf_pinstr,0,8,0,19,src/AffineValidator.v,98,True,confirmed-external
"Representation, OpenScop, and current view",Definition,False,wf_pprog,1175,1183,9,wf_pprog,,,0,0,0,3,wf_pprog_affine_implies_wf_pprog;wf_pprog_general_implies_wf_pprog;wf_pprog_tiling_implies_wf_pprog,0,5,0,14,driver/PolOpt.v;polygen/CodeGen.v;src/AffineValidator.v;src/StrengthenDomain.v,0,True,confirmed-external
"Representation, OpenScop, and current view",Definition,False,wf_pprog_affine,1185,1192,8,wf_pprog_affine,,,0,0,0,5,wf_pprog_affine_implies_wf_pprog;wf_pprog_affine_implies_wf_pprog_general;wf_pprog_affine_implies_wf_pprog_tiling;wf_pprog_general_current_view_affine;wf_pprog_tiling_current_view_affine,0,8,0,141,driver/ParallelPolOptCorrect.v;driver/PolOpt.v;driver/PolOptBandTiling.v;driver/PolOptCanonicalTiling.v;driver/PolOptCorrect.v;driver/PolOptIdentityGenericISS.v;src/AffineValidator.v;src/PrepareCodegen.v;src/StrengthenDomain.v;src/TilingBandDirectRuntime.v;src/TilingValidator.v,1,True,confirmed-external
"Representation, OpenScop, and current view",Definition,False,wf_pprog_general,1197,1204,8,wf_pprog_general,,,0,0,0,4,wf_pprog_affine_implies_wf_pprog_general;wf_pprog_general_current_view_affine;wf_pprog_general_implies_wf_pprog;wf_pprog_tiling,0,4,0,43,driver/ParallelPolOpt.v;driver/ParallelPolOptCorrect.v;driver/PolOpt.v;driver/VerifiedParallelCompilerConfig.v;src/AffineValidator.v;src/ParallelCodegen.v;src/PrepareCodegen.v;src/TilingBandDirectRuntime.v;src/TilingValidator.v,3,True,confirmed-external
"Representation, OpenScop, and current view",Definition,False,wf_pprog_tiling,1206,1206,1,wf_pprog_tiling,,,0,0,0,4,instance_list_semantics_current_view_iff;wf_pprog_affine_implies_wf_pprog_tiling;wf_pprog_tiling_current_view_affine;wf_pprog_tiling_implies_wf_pprog,0,8,0,5,src/AffineValidator.v,0,True,confirmed-external
"Representation, OpenScop, and current view",Definition,False,current_env_dim_of,1208,1210,3,current_env_dim_of,,,0,0,0,9,belongs_to_current_view_pi_iff;current_access_transformation_of;current_base_point_of;current_env_dim_of_pi_elim_schedule_drop;current_src_args_of;current_src_args_of_current_view_pi;current_src_args_of_current_view_pi_eq;current_src_args_of_pi_elim_schedule;current_transformation_of,0,16,0,14,src/AffineValidator.v;src/Extractor.v;src/ISSSemantics.v;src/PrepareCodegen.v;src/TilingRelation.v,0,True,confirmed-external
"Representation, OpenScop, and current view",Definition,False,current_base_point_of,1212,1216,5,current_base_point_of,,,0,0,0,0,,0,0,0,0,,0,False,zero-reference
"Representation, OpenScop, and current view",Definition,False,current_insert_zeros_constraint,1218,1220,3,current_insert_zeros_constraint,,,0,0,0,2,current_transformation_for_witness;exact_listzzs_cols_current_insert_zeros_constraint,0,5,0,3,src/AffineValidator.v,0,True,confirmed-external
"Representation, OpenScop, and current view",Fixpoint,False,current_transformation_for_witness,1222,1241,20,current_transformation_for_witness,,,0,0,0,4,current_access_transformation_at;current_transformation_at;current_transformation_for_witness_preserve_length;exact_listzzs_cols_current_transformation_for_witness,2,8,0,8,src/ISSSemantics.v;src/PrepareCodegen.v;src/TilingRelation.v,0,True,confirmed-external
"Representation, OpenScop, and current view",Definition,False,current_transformation_at,1243,1245,3,current_transformation_at,,,0,0,0,14,current_src_args_at;current_src_args_of_current_view_pi;current_src_args_of_current_view_pi_eq;current_transformation_at_pi_elim_schedule;current_transformation_at_preserve_length;current_transformation_of;current_transformation_of_current_view_pi;current_view_pi;eqdom_pinstr_implies_flatten_instr_nth_exists;eqdom_pinstr_implies_flatten_instr_nth_retime;eqdom_pinstr_implies_flatten_same_np_set;exact_listzzs_cols_current_transformation_at;poly_lex_semantics_pis_ext_single;wf_pinstr_tiling_current_view_affine,0,24,0,27,polygen/ASTGen.v;src/AffineValidator.v;src/Extractor.v;src/ISSSemantics.v;src/PrepareCodegen.v;src/TilingRelation.v,0,True,confirmed-external
"Representation, OpenScop, and current view",Definition,False,current_access_transformation_at,1247,1249,3,current_access_transformation_at,,,0,0,0,6,current_access_transformation_at_preserve_length;current_access_transformation_of;current_access_transformation_of_current_view_pi;current_view_pi;exact_listzzs_cols_current_access_transformation_at;wf_pinstr_tiling_current_view_affine,0,8,0,18,src/AffineValidator.v,0,True,confirmed-external
"Representation, OpenScop, and current view",Definition,False,current_transformation_of,1251,1254,4,current_transformation_of,,,0,0,0,6,belongs_to;belongs_to_current_view_pi_iff;current_transformation_of_current_view_pi;eqdom_pinstr_implies_flatten_instr_nth_exists;eqdom_pinstr_implies_flatten_instr_nth_retime;eqdom_pinstr_implies_flatten_same_np_set,0,11,0,31,src/AffineValidator.v;src/Extractor.v;src/ISSSemantics.v;src/PrepareCodegen.v;src/TilingRelation.v,0,True,confirmed-external
"Representation, OpenScop, and current view",Definition,False,current_access_transformation_of,1256,1259,4,current_access_transformation_of,,,0,0,0,1,current_access_transformation_of_current_view_pi,0,2,0,3,src/AffineValidator.v,0,True,confirmed-external
"Representation, OpenScop, and current view",Definition,False,current_src_args_at,1261,1263,3,current_src_args_at,,,0,0,0,7,current_src_args_at_pi_elim_schedule;current_src_args_at_pi_elim_schedule_resize;current_src_args_in_dim;current_src_args_of;current_src_args_of_current_view_pi;current_src_args_of_current_view_pi_eq;poly_lex_semantics_pis_ext_single,0,11,0,4,polygen/ASTGen.v;src/PrepareCodegen.v;src/TilingRelation.v,0,True,confirmed-external
"Representation, OpenScop, and current view",Definition,False,current_src_args_of,1265,1268,4,current_src_args_of,,,0,0,0,3,current_src_args_of_current_view_pi;current_src_args_of_current_view_pi_eq;current_src_args_of_pi_elim_schedule,0,9,0,3,src/TilingRelation.v,0,True,confirmed-external
"Representation, OpenScop, and current view",Definition,False,current_env_dim_in_dim,1270,1272,3,current_env_dim_in_dim,,,0,0,0,6,current_env_dim_in_dim_pi_elim_schedule;current_src_args_in_dim;current_src_args_in_dim_pi_elim_schedule_resize;poly_elim_schedule_semantics_env_preserve;poly_elim_schedule_semantics_preserve;poly_lex_semantics_pis_ext_single,0,9,0,6,polygen/CodeGen.v;src/PrepareCodegen.v,0,True,confirmed-external
"Representation, OpenScop, and current view",Definition,False,current_src_args_in_dim,1274,1277,4,current_src_args_in_dim,,,0,0,0,5,current_src_args_in_dim_pi_elim_schedule_resize;poly_lex_semantics;poly_lex_semantics_pis_ext_single;poly_semantics;poly_semantics_k,0,7,0,5,polygen/ASTGen.v;src/PrepareCodegen.v,0,True,confirmed-external
"Representation, OpenScop, and current view",Definition,False,current_view_pi,1279,1291,13,current_view_pi,,,0,0,0,10,belongs_to_current_view_pi_iff;current_access_transformation_of_current_view_pi;current_src_args_of_current_view_pi;current_src_args_of_current_view_pi_eq;current_transformation_of_current_view_pi;current_view_pprog;flatten_instr_nth_current_view_iff;flatten_instrs_current_view_iff;wf_pinstr_general_current_view_affine;wf_pinstr_tiling_current_view_affine,0,21,0,0,,0,True,internal-live
"Representation, OpenScop, and current view",Definition,False,current_view_pprog,1293,1295,3,current_view_pprog,,,0,0,0,3,instance_list_semantics_current_view_iff;wf_pprog_general_current_view_affine;wf_pprog_tiling_current_view_affine,0,4,0,41,driver/ParallelPolOpt.v;driver/PolOpt.v;driver/PolOptBandTiling.v;driver/PolOptCanonicalTiling.v;driver/VerifiedParallelCompilerConfig.v;src/ParallelCodegen.v;src/PrepareCodegen.v;syntax/SBandTilingOpt.v;syntax/SParallelPolOpt.v;syntax/SVerifiedParallelCompilerConfig.v,1,True,confirmed-external
"Representation, OpenScop, and current view",Lemma,False,exact_listzzs_cols_current_insert_zeros_constraint,1297,1316,20,exact_listzzs_cols_current_insert_zeros_constraint,1303,1316,14,12,12,1,exact_listzzs_cols_current_transformation_for_witness,0,2,0,0,,2,True,internal-live
"Representation, OpenScop, and current view",Lemma,False,exact_listzzs_cols_current_transformation_for_witness,1318,1376,59,exact_listzzs_cols_current_transformation_for_witness,1326,1376,51,49,49,2,exact_listzzs_cols_current_access_transformation_at;exact_listzzs_cols_current_transformation_at,0,2,0,0,,0,True,internal-live
"Representation, OpenScop, and current view",Lemma,False,exact_listzzs_cols_current_transformation_at,1378,1391,14,exact_listzzs_cols_current_transformation_at,1386,1391,6,4,4,1,wf_pinstr_tiling_current_view_affine,0,1,0,1,src/AffineValidator.v,4,True,confirmed-external
"Representation, OpenScop, and current view",Lemma,False,exact_listzzs_cols_current_access_transformation_at,1393,1406,14,exact_listzzs_cols_current_access_transformation_at,1401,1406,6,4,4,1,wf_pinstr_tiling_current_view_affine,0,1,0,1,src/AffineValidator.v,2,True,confirmed-external
"Representation, OpenScop, and current view",Lemma,False,current_transformation_for_witness_preserve_length,1408,1415,8,current_transformation_for_witness_preserve_length,1412,1415,4,2,2,2,current_access_transformation_at_preserve_length;current_transformation_at_preserve_length,0,2,0,0,,0,True,internal-live
"Representation, OpenScop, and current view",Lemma,False,current_transformation_at_preserve_length,1417,1425,9,current_transformation_at_preserve_length,1421,1425,5,3,3,1,wf_pinstr_tiling_current_view_affine,0,2,0,1,src/AffineValidator.v,5,True,confirmed-external
"Representation, OpenScop, and current view",Lemma,False,current_access_transformation_at_preserve_length,1427,1435,9,current_access_transformation_at_preserve_length,1431,1435,5,3,3,0,,0,0,0,1,src/AffineValidator.v,1,True,confirmed-external
"Representation, OpenScop, and current view",Lemma,False,current_transformation_of_current_view_pi,1437,1446,10,current_transformation_of_current_view_pi,1441,1446,6,4,4,1,belongs_to_current_view_pi_iff,0,2,0,0,,0,True,internal-live
"Representation, OpenScop, and current view",Lemma,False,current_access_transformation_of_current_view_pi,1448,1457,10,current_access_transformation_of_current_view_pi,1452,1457,6,4,4,0,,0,0,0,0,,0,False,zero-reference
"Representation, OpenScop, and current view",Lemma,False,current_src_args_of_current_view_pi,1459,1470,12,current_src_args_of_current_view_pi,1463,1470,8,6,6,1,current_src_args_of_current_view_pi_eq,0,1,0,0,,0,False,internal-live
"Representation, OpenScop, and current view",Lemma,False,current_src_args_of_current_view_pi_eq,1472,1486,15,current_src_args_of_current_view_pi_eq,1478,1486,9,7,7,0,,0,0,0,0,,0,False,zero-reference
"Representation, OpenScop, and current view",Definition,False,eqdom_pinstr,1488,1497,10,eqdom_pinstr,,,0,0,0,13,eqdom_pinstr_implies_flatten_instr_nth_exists;eqdom_pinstr_implies_flatten_instr_nth_rel;eqdom_pinstr_implies_flatten_instr_nth_retime;eqdom_pinstr_implies_flatten_instr_same_len;eqdom_pinstr_implies_flatten_same_np_set;eqdom_pinstr_symm;eqdom_pinstrs_implies_flatten_instr_nth_rel;eqdom_pinstrs_implies_flatten_instrs_exists;eqdom_pprog;wf_pil_affine_implies_wf_pil_ext_affine;wf_pil_implies_wf_pil_ext;wf_pinstr_affine_implies_wf_pinstr_ext_affine;wf_pinstr_implies_wf_pinstr_ext,0,15,0,29,src/AffineValidator.v;src/ParallelValidator.v;src/TilingRelation.v,6,True,confirmed-external
"Representation, OpenScop, and current view",Definition,False,eqdom_pprog,1499,1506,8,eqdom_pprog,,,0,0,0,1,eqdom_pprog_symm,0,3,0,15,src/AffineValidator.v;src/TilingRelation.v,4,True,confirmed-external
"Representation, OpenScop, and current view",Lemma,False,eqdom_pinstr_symm,1508,1515,8,eqdom_pinstr_symm,1512,1515,4,2,2,1,eqdom_pprog_symm,0,1,0,1,src/AffineValidator.v,0,True,confirmed-external
"Representation, OpenScop, and current view",Lemma,False,eqdom_pprog_symm,1517,1530,14,eqdom_pprog_symm,1521,1530,10,8,8,0,,0,0,0,1,src/AffineValidator.v,0,True,confirmed-external
"Representation, OpenScop, and current view",Definition,False,scanned,1532,1532,1,scanned,,,0,0,0,10,poly_elim_schedule_semantics_preserve;poly_lex_concat;poly_lex_semantics;poly_lex_semantics_extensionality;poly_semantics;poly_semantics_concat;poly_semantics_extensionality;poly_semantics_k;scanned_proper;scanned_wf_compat,0,22,1,14,polygen/ASTGen.v;src/PrepareCodegen.v,0,True,confirmed-external
"Representation, OpenScop, and current view",Instance,False,scanned_proper,1535,1542,8,scanned_proper,1536,1542,7,5,5,1,scanned_wf_compat,0,1,0,0,,0,True,internal-live
"Representation, OpenScop, and current view",Definition,False,env_scan,1545,1549,5,env_scan,,,0,0,0,4,env_poly_lex_semantics;env_poly_semantics;env_scan_proper;poly_elim_schedule_semantics_env_preserve,0,8,0,48,polygen/ASTGen.v;src/PrepareCodegen.v,0,True,confirmed-external
"Representation, OpenScop, and current view",Instance,False,env_scan_proper,1552,1557,6,env_scan_proper,1553,1557,5,3,3,1,poly_elim_schedule_semantics_env_preserve,0,2,0,2,polygen/ASTGen.v,0,True,confirmed-external
"Representation, OpenScop, and current view",Notation,False,wf_scan,1559,1559,1,wf_scan,,,0,0,0,5,poly_elim_schedule_semantics_preserve;poly_lex_concat;poly_lex_concat_seq;poly_semantics_concat;scanned_wf_compat,0,8,0,0,,0,True,internal-live
Implicit-point operational semantics,Inductive,False,poly_semantics,1564,1576,13,poly_semantics,,,0,0,0,7,PolyDone;PolyProgress;env_poly_semantics;poly_elim_schedule_semantics_preserve;poly_sema_k_eq;poly_semantics_concat;poly_semantics_extensionality,3,12,0,2,src/PrepareCodegen.v,0,True,confirmed-external
Implicit-point operational semantics,Constructor,False,PolyDone,1565,1576,12,poly_semantics,,,0,0,0,4,PolyProgress;poly_elim_schedule_semantics_preserve;poly_semantics;poly_semantics_extensionality,0,2,0,0,,0,True,internal-live
Implicit-point operational semantics,Constructor,False,PolyProgress,1568,1576,9,poly_semantics,,,0,0,0,5,PolyDone;poly_elim_schedule_semantics_preserve;poly_semantics;poly_semantics_concat;poly_semantics_extensionality,0,3,0,0,,0,True,internal-live
Implicit-point operational semantics,Inductive,False,poly_semantics_k,1578,1590,13,poly_semantics_k,,,0,0,0,3,PolyDoneK;PolyProgressK;poly_sema_k_eq,3,4,0,0,,0,False,internal-live
Implicit-point operational semantics,Constructor,False,PolyDoneK,1579,1590,12,poly_semantics_k,,,0,0,0,2,PolyProgressK;poly_semantics_k,0,0,0,0,,0,False,internal-live
Implicit-point operational semantics,Constructor,False,PolyProgressK,1582,1590,9,poly_semantics_k,,,0,0,0,2,PolyDoneK;poly_semantics_k,0,0,0,0,,0,False,internal-live
Implicit-point operational semantics,Lemma,False,poly_sema_k_eq,1592,1606,15,poly_sema_k_eq,1596,1606,11,9,9,0,,0,0,0,0,,0,False,zero-reference
Implicit-point operational semantics,Definition,False,env_poly_semantics,1609,1610,2,env_poly_semantics,,,0,0,0,2,poly_elim_schedule_semantics_env_preserve;semantics,0,3,0,4,polygen/CodeGen.v;src/PrepareCodegen.v,0,True,confirmed-external
Implicit-point operational semantics,Inductive,False,semantics,1613,1620,8,semantics,,,0,0,0,1,PSemaIntro,1,1,0,3,driver/PolOpt.v;polygen/CodeGen.v;src/PrepareCodegen.v,369,True,confirmed-external
Implicit-point operational semantics,Constructor,False,PSemaIntro,1614,1620,7,semantics,,,0,0,0,1,semantics,0,0,0,1,polygen/CodeGen.v,0,True,confirmed-external
Implicit-point operational semantics,Theorem,False,poly_semantics_extensionality,1622,1643,22,poly_semantics_extensionality,1628,1643,16,14,14,1,poly_semantics_concat,0,2,0,0,,0,False,internal-live
Implicit-point operational semantics,Lemma,False,scanned_wf_compat,1646,1650,5,scanned_wf_compat,1648,1650,3,1,1,3,poly_elim_schedule_semantics_preserve;poly_lex_concat;poly_semantics_concat,0,4,0,0,,0,True,internal-live
Implicit-point operational semantics,Theorem,False,poly_semantics_concat,1652,1736,85,poly_semantics_concat,1664,1736,73,71,71,0,,0,0,0,0,,0,False,zero-reference
Normal instruction points and flattening,Notation,False,InstrPoint,1748,1748,1,InstrPoint,,,0,0,0,16,belongs_to;belongs_to_current_view_pi_iff;belongs_to_implies_NoDupA_np;eqdom_pinstrs_implies_flatten_instrs_exists;flatten_instr_nth;flatten_instr_nth_current_view_iff;flatten_instrs;flatten_instrs_app_singleton_inv;flatten_instrs_current_view_iff;instr_point_sched_le;np_eq;np_lt;old_of_ext;permut_implies_ext_permut_new;retime_ip;same_np_set,1,19,0,174,src/AffineValidator.v;src/Extractor.v;src/ISSCutSemantics.v;src/ISSSemantics.v;src/ParallelValidator.v;src/PrepareCodegen.v;src/TilingRelation.v;src/TilingValidator.v,41,True,confirmed-external
Normal instruction points and flattening,Notation,False,ip_nth,1749,1749,1,ip_nth,,,0,0,0,21,NoDupA_iplies_map_np_implies_NoDupA_np;Sorted_ipl_map_np_sorted_np;belongs_to_implies_NoDupA_np;eqdom_pinstr_implies_flatten_instr_nth_exists;eqdom_pinstr_implies_flatten_instr_nth_retime;eqdom_pinstr_implies_flatten_same_np_set;eqdom_same_ipl_length;eqdom_same_ipl_length_lt_impossible;flatten_instr_nth;flatten_instrs;flatten_instrs_app_singleton;flatten_instrs_app_singleton_inv;flatten_instrs_ipl_n_lt_len;flatten_instrs_nil_implies_nil;flatten_instrs_nil_sub_nil;new_of_ext;np_eq;np_lt;np_lt_map_prsv_np_lt;old_of_ext;retime_ip,1,64,0,239,src/AffineValidator.v;src/Extractor.v;src/ISSCutSemantics.v;src/ISSSemantics.v;src/ParallelValidator.v;src/PrepareCodegen.v;src/TilingRelation.v;src/TilingValidator.v,17,True,confirmed-external
Normal instruction points and flattening,Notation,False,ip_index,1750,1750,1,ip_index,,,0,0,0,21,NoDupA_iplies_map_np_implies_NoDupA_np;Sorted_ipl_map_np_sorted_np;belongs_to;belongs_to_current_view_pi_iff;belongs_to_implies_NoDupA_np;eqdom_pinstr_implies_flatten_instr_nth_exists;eqdom_pinstr_implies_flatten_instr_nth_retime;eqdom_pinstr_implies_flatten_same_np_set;eqdom_same_ipl_length;eqdom_same_ipl_length_lt_impossible;flatten_instr_nth;flatten_instr_nth_current_view_iff;flatten_instrs;flatten_instrs_nil_implies_nil;new_of_ext;np_eq;np_lt;np_lt_map_prsv_np_lt;np_lt_proper;old_of_ext;retime_ip,1,87,0,342,src/AffineValidator.v;src/Extractor.v;src/ISSCutSemantics.v;src/ISSSemantics.v;src/ParallelValidator.v;src/PrepareCodegen.v;src/TilingRelation.v;src/TilingValidator.v,16,True,confirmed-external
Normal instruction points and flattening,Notation,False,ip_transformation,1751,1751,1,ip_transformation,,,0,0,0,9,belongs_to;eqdom_pinstr_implies_flatten_instr_nth_exists;eqdom_pinstr_implies_flatten_instr_nth_retime;eqdom_pinstr_implies_flatten_same_np_set;eqdom_same_ipl_length;eqdom_same_ipl_length_lt_impossible;new_of_ext;old_of_ext;retime_ip,1,25,0,58,src/AffineValidator.v;src/Extractor.v;src/ISSCutSemantics.v;src/ISSSemantics.v;src/PrepareCodegen.v;src/TilingRelation.v;src/TilingValidator.v,14,True,confirmed-external
Normal instruction points and flattening,Notation,False,ip_time_stamp,1752,1752,1,ip_time_stamp,,,0,0,0,15,belongs_to;eqdom_pinstr_implies_flatten_instr_nth_exists;eqdom_pinstr_implies_flatten_instr_nth_retime;eqdom_pinstr_implies_flatten_same_np_set;eqdom_same_ipl_length;eqdom_same_ipl_length_lt_impossible;instr_point_sched_cmp_irrefl;instr_point_sched_eqb_ltb_implies_ltb;instr_point_sched_eqb_symm;instr_point_sched_le;instr_point_sched_le_trans;instr_point_sched_ltb_eqb_implies_ltb;new_of_ext;old_of_ext;retime_ip,1,35,0,152,src/AffineValidator.v;src/Extractor.v;src/ISSCutSemantics.v;src/ISSSemantics.v;src/ParallelValidator.v;src/PrepareCodegen.v;src/TilingRelation.v;src/TilingValidator.v,21,True,confirmed-external
Normal instruction points and flattening,Notation,False,ip_instruction,1753,1753,1,ip_instruction,,,0,0,0,9,belongs_to;eqdom_pinstr_implies_flatten_instr_nth_exists;eqdom_pinstr_implies_flatten_instr_nth_retime;eqdom_pinstr_implies_flatten_same_np_set;eqdom_same_ipl_length;eqdom_same_ipl_length_lt_impossible;new_of_ext;old_of_ext;retime_ip,1,25,0,51,src/AffineValidator.v;src/Extractor.v;src/ISSCutSemantics.v;src/ISSSemantics.v;src/PrepareCodegen.v;src/TilingRelation.v;src/TilingValidator.v,14,True,confirmed-external
Normal instruction points and flattening,Notation,False,ip_depth,1754,1754,1,ip_depth,,,0,0,0,9,belongs_to;eqdom_pinstr_implies_flatten_instr_nth_exists;eqdom_pinstr_implies_flatten_instr_nth_retime;eqdom_pinstr_implies_flatten_same_np_set;eqdom_same_ipl_length;eqdom_same_ipl_length_lt_impossible;new_of_ext;old_of_ext;retime_ip,1,20,0,57,src/AffineValidator.v;src/Extractor.v;src/ISSCutSemantics.v;src/ISSSemantics.v;src/ParallelValidator.v;src/PrepareCodegen.v;src/TilingRelation.v;src/TilingValidator.v,13,True,confirmed-external
Normal instruction points and flattening,Record,False,InstrPoint_ext,1756,1765,10,InstrPoint_ext,,,0,0,0,32,Permutable_ext;belongs_to_ext;ext_permut_implies_permut_old;flatten_instr_nth_ext;flatten_instrs_ext;flatten_instrs_ext_app_singleton_inv;instr_point_ext_new_sched_ge;instr_point_ext_new_sched_geb;instr_point_ext_new_sched_le;instr_point_ext_new_sched_leb;instr_point_ext_old_sched_eqb;instr_point_ext_old_sched_le;instr_point_ext_old_sched_leb;instr_point_ext_old_sched_lt;instr_point_ext_old_sched_ltb;ip_access_transformation_ext;ip_depth_ext;ip_index_ext;ip_instruction_ext;ip_nth_ext;ip_time_stamp1_ext;ip_time_stamp2_ext;ip_transformation_ext;new_of_ext;new_of_ext_list;np_eq_ext;np_lt_ext;old_of_ext;old_of_ext_list;permut_implies_ext_permut_new;selsort_stable_permut;veq_instance_ext,0,25,0,17,src/AffineValidator.v;src/TilingRelation.v,26,True,confirmed-external
Normal instruction points and flattening,Projection,False,ip_nth_ext,1757,1765,9,InstrPoint_ext,,,0,0,0,19,InstrPoint_ext;flatten_instr_nth_ext;flatten_instrs_ext;flatten_instrs_ext_app_singleton;flatten_instrs_ext_app_singleton_inv;flatten_instrs_ext_ipl_n_lt_len;flatten_instrs_ext_nil_implies_nil;ip_access_transformation_ext;ip_depth_ext;ip_index_ext;ip_instruction_ext;ip_time_stamp1_ext;ip_time_stamp2_ext;ip_transformation_ext;new_of_ext;np_eq_ext;np_lt_ext;old_of_ext;veq_instance_ext,0,26,0,5,src/AffineValidator.v;src/TilingRelation.v,472,True,confirmed-external
Normal instruction points and flattening,Projection,False,ip_index_ext,1758,1765,8,InstrPoint_ext,,,0,0,0,27,InstrPoint_ext;belongs_to_ext;expand_same_env_implies_in_domain_product_pol;expand_same_env_implies_in_eq_env_pol_ext;expand_same_env_ip_index_env_eq;expand_ts1_eq_sched_index_product_ext;expand_ts2_eq_sched_index_product_ext;flatten_instr_nth_ext;flatten_instrs_ext;flatten_instrs_ext_nil_implies_nil;ip_access_transformation_ext;ip_depth_ext;ip_index_in_dom_ext;ip_index_size_eq_pi_dom_size_ext;ip_instruction_ext;ip_new_sched_ge_implies_in_pi_new_sched_ge_pol;ip_nth_ext;ip_old_sched_lt_implies_in_pi_old_sched_lt_pol;ip_time_stamp1_ext;ip_time_stamp2_ext;ip_transformation_ext;new_of_ext;np_eq_ext;np_lt_ext;np_lt_ext_proper;old_of_ext;veq_instance_ext,0,41,0,56,src/AffineValidator.v;src/TilingRelation.v,296,True,confirmed-external
Normal instruction points and flattening,Projection,False,ip_transformation_ext,1759,1765,7,InstrPoint_ext,,,0,0,0,13,InstrPoint_ext;belongs_to_ext;expand_ip_instr_eq_pi_tf_ext;ip_access_transformation_ext;ip_depth_ext;ip_index_ext;ip_instruction_ext;ip_nth_ext;ip_time_stamp1_ext;ip_time_stamp2_ext;new_of_ext;old_of_ext;veq_instance_ext,0,6,0,12,src/AffineValidator.v;src/TilingRelation.v,32,True,confirmed-external
Normal instruction points and flattening,Projection,False,ip_access_transformation_ext,1760,1765,6,InstrPoint_ext,,,0,0,0,11,InstrPoint_ext;belongs_to_ext;expand_ip_instr_eq_pi_access_tf_ext;ip_depth_ext;ip_index_ext;ip_instruction_ext;ip_nth_ext;ip_time_stamp1_ext;ip_time_stamp2_ext;ip_transformation_ext;veq_instance_ext,0,4,0,22,src/AffineValidator.v;src/TilingRelation.v,24,True,confirmed-external
Normal instruction points and flattening,Projection,False,ip_time_stamp1_ext,1761,1765,5,InstrPoint_ext,,,0,0,0,22,InstrPoint_ext;belongs_to_ext;expand_ts1_eq_sched_index_product_ext;instr_point_ext_old_sched_cmp_irrefl;instr_point_ext_old_sched_eqb;instr_point_ext_old_sched_eqb_ltb_implies_ltb;instr_point_ext_old_sched_eqb_symm;instr_point_ext_old_sched_le;instr_point_ext_old_sched_leb;instr_point_ext_old_sched_lt;instr_point_ext_old_sched_ltb;instr_point_ext_old_sched_ltb_eqb_implies_ltb;ip_access_transformation_ext;ip_depth_ext;ip_index_ext;ip_instruction_ext;ip_nth_ext;ip_old_sched_lt_implies_in_pi_old_sched_lt_pol;ip_time_stamp2_ext;ip_transformation_ext;old_of_ext;veq_instance_ext,0,33,0,4,src/AffineValidator.v;src/TilingRelation.v,173,True,confirmed-external
Normal instruction points and flattening,Projection,False,ip_time_stamp2_ext,1762,1765,4,InstrPoint_ext,,,0,0,0,19,InstrPoint_ext;belongs_to_ext;expand_ts2_eq_sched_index_product_ext;instr_point_ext_new_sched_ge;instr_point_ext_new_sched_geb;instr_point_ext_new_sched_geb_trans;instr_point_ext_new_sched_le;instr_point_ext_new_sched_leb;instr_point_ext_new_sched_leb_trans;ip_access_transformation_ext;ip_depth_ext;ip_index_ext;ip_instruction_ext;ip_new_sched_ge_implies_in_pi_new_sched_ge_pol;ip_nth_ext;ip_time_stamp1_ext;ip_transformation_ext;new_of_ext;veq_instance_ext,0,34,0,4,src/AffineValidator.v;src/TilingRelation.v,118,True,confirmed-external
Normal instruction points and flattening,Projection,False,ip_instruction_ext,1763,1765,3,InstrPoint_ext,,,0,0,0,13,InstrPoint_ext;belongs_to_ext;expand_ip_instr_eq_pi_instr_ext;ip_access_transformation_ext;ip_depth_ext;ip_index_ext;ip_nth_ext;ip_time_stamp1_ext;ip_time_stamp2_ext;ip_transformation_ext;new_of_ext;old_of_ext;veq_instance_ext,0,6,0,8,src/AffineValidator.v;src/TilingRelation.v,22,True,confirmed-external
Normal instruction points and flattening,Projection,False,ip_depth_ext,1764,1765,2,InstrPoint_ext,,,0,0,0,12,InstrPoint_ext;belongs_to_ext;ip_access_transformation_ext;ip_index_ext;ip_instruction_ext;ip_nth_ext;ip_time_stamp1_ext;ip_time_stamp2_ext;ip_transformation_ext;new_of_ext;old_of_ext;veq_instance_ext,0,5,0,4,src/AffineValidator.v;src/TilingRelation.v,12,True,confirmed-external
Normal instruction points and flattening,Definition,False,eq_except_sched,1768,1769,2,eq_except_sched,,,0,0,0,4,eqdom_pinstr_implies_flatten_instr_nth_rel;eqdom_pinstrs_implies_flatten_instr_nth_rel;retime_ip_eq_except_sched;retime_ip_list_eq_except_sched,1,6,0,36,src/AffineValidator.v;src/ParallelValidator.v,24,True,confirmed-external
Normal instruction points and flattening,Definition,False,old_of_ext,1778,1786,9,old_of_ext,,,0,0,0,7,Permutable_ext;ext_old_eqb_implies_eqb;ext_old_ltb_implies_ltb;old_of_ext_list;point_ext_old_new_equivalence;select_helper_list_ext_implies_old_normal;select_instance_list_ext_implies_old_normal,0,14,0,35,src/AffineValidator.v;src/ParallelValidator.v;src/TilingRelation.v,22,True,confirmed-external
Normal instruction points and flattening,Definition,False,new_of_ext,1788,1796,9,new_of_ext,,,0,0,0,2,new_of_ext_list;point_ext_old_new_equivalence,0,4,0,45,src/AffineValidator.v;src/ParallelValidator.v;src/TilingRelation.v,6,True,confirmed-external
Normal instruction points and flattening,Definition,False,old_of_ext_list,1798,1799,2,old_of_ext_list,,,0,0,0,9,ext_permut_implies_permut_old;list_ext_old_new_equivalence;select_helper_list_ext_implies_old_normal;select_instance_list_ext_implies_old_normal;selection_sort_instance_list_ext_implies_old_normal;selsort_instance_list_ext_implies_old_normal;stable_permut'_ext_lists_are_equivalent;stable_permut_ext_lists_are_equivalent;stable_permut_step_ext_lists_are_equivalent,0,36,0,32,src/AffineValidator.v;src/JamValidator.v;src/LoopJamValidator.v;src/ParallelValidator.v;src/TilingRelation.v,0,True,confirmed-external
Normal instruction points and flattening,Definition,False,new_of_ext_list,1801,1802,2,new_of_ext_list,,,0,0,0,3,list_ext_old_new_equivalence;permut_implies_ext_permut_new;sorted_ge_implies_ext_sorted_ge,0,9,0,29,src/AffineValidator.v;src/JamValidator.v;src/LoopJamValidator.v;src/ParallelValidator.v;src/TilingRelation.v,0,True,confirmed-external
Normal instruction points and flattening,Notation,False,instr_point_sema,1804,1804,1,instr_point_sema,,,0,0,0,1,point_ext_old_new_equivalence,1,3,0,18,src/Extractor.v;src/ISSCutSemantics.v;src/ISSSemantics.v;src/ParallelValidator.v;src/PrepareCodegen.v;src/TilingValidator.v,35,True,confirmed-external
Normal instruction points and flattening,Definition,False,instr_point_sched_le,1812,1814,3,instr_point_sched_le,,,0,0,0,4,instr_point_sched_le_trans;poly_instance_list_semantics;sorted_ge_implies_ext_sorted_ge;sortedb_lexorder_implies_sorted_lexorder,0,10,0,93,src/AffineValidator.v;src/Extractor.v;src/ISSCutSemantics.v;src/PrepareCodegen.v;src/TilingRelation.v;src/TilingValidator.v,22,True,confirmed-external
Normal instruction points and flattening,Lemma,False,instr_point_sched_le_trans,1816,1834,19,instr_point_sched_le_trans,1821,1834,14,12,12,0,,0,0,0,2,src/Extractor.v,2,True,confirmed-external
Normal instruction points and flattening,Definition,False,instr_point_ext_old_sched_lt,1836,1837,2,instr_point_ext_old_sched_lt,,,0,0,0,4,ip_old_sched_lt_implies_in_pi_old_sched_lt_pol;stable_permut'_ext_lists_are_equivalent;stable_permut_ext_lists_are_equivalent;stable_permut_step_ext_lists_are_equivalent,0,5,0,21,src/AffineValidator.v;src/JamValidator.v;src/LoopJamValidator.v;src/ParallelValidator.v;src/TilingRelation.v,69,True,confirmed-external
Normal instruction points and flattening,Definition,False,instr_point_ext_old_sched_le,1840,1842,3,instr_point_ext_old_sched_le,,,0,0,0,0,,0,0,0,0,,0,False,zero-reference
Normal instruction points and flattening,Notation,False,instr_point_sched_ltb,1857,1857,1,instr_point_sched_ltb,,,0,0,0,13,ext_old_ltb_implies_ltb;instr_point_sched_cmp_antisymm;instr_point_sched_cmp_irrefl;instr_point_sched_cmp_total;instr_point_sched_eqb_ltb_implies_ltb;instr_point_sched_ltb_eqb_implies_ltb;instr_point_sched_ltb_trans;select_helper_list_ext_implies_old_normal;select_instance_list_ext_implies_old_normal;selection_sort_instance_list_ext_implies_old_normal;selection_sort_instance_list_is_correct;selsort_instance_list_ext_implies_old_normal;sortedb_lexorder_implies_sorted_lexorder,1,23,0,2,src/PrepareCodegen.v,2,True,confirmed-external
Normal instruction points and flattening,Notation,False,instr_point_sched_eqb,1858,1858,1,instr_point_sched_eqb,,,0,0,0,15,ext_old_eqb_implies_eqb;instr_point_sched_cmp_antisymm;instr_point_sched_cmp_irrefl;instr_point_sched_cmp_total;instr_point_sched_eqb_ltb_implies_ltb;instr_point_sched_eqb_refl;instr_point_sched_eqb_symm;instr_point_sched_eqb_trans;instr_point_sched_ltb_eqb_implies_ltb;select_helper_list_ext_implies_old_normal;select_instance_list_ext_implies_old_normal;selection_sort_instance_list_ext_implies_old_normal;selection_sort_instance_list_is_correct;selsort_instance_list_ext_implies_old_normal;sortedb_lexorder_implies_sorted_lexorder,1,27,0,1,src/PrepareCodegen.v,6,True,confirmed-external
Normal instruction points and flattening,Definition,False,instr_point_ext_old_sched_ltb,1860,1861,2,instr_point_ext_old_sched_ltb,,,0,0,0,21,ext_old_ltb_implies_ltb;instr_point_ext_old_sched_cmp_antisymm;instr_point_ext_old_sched_cmp_irrefl;instr_point_ext_old_sched_cmp_total;instr_point_ext_old_sched_eqb_ltb_implies_ltb;instr_point_ext_old_sched_ltb_eqb_implies_ltb;instr_point_ext_old_sched_ltb_trans;select_helper_list_ext_implies_old_normal;select_helper_preserve_remain_sorted;select_helper_stable_permut;select_instance_list_ext_implies_old_normal;select_preserve_remain_sorted;select_stable_permut;selection_sort_instance_list_ext_implies_old_normal;selection_sort_instance_list_ext_is_stable_permut;selsort_instance_list_ext_implies_old_normal;selsort_stable_permut;stable_permut'_ext_lists_are_equivalent;stable_permut_ext_lists_are_equivalent;stable_permut_multi_skip;stable_permut_step_ext_lists_are_equivalent,0,62,0,2,src/AffineValidator.v;src/TilingRelation.v,0,True,confirmed-external
Normal instruction points and flattening,Definition,False,instr_point_ext_old_sched_eqb,1863,1864,2,instr_point_ext_old_sched_eqb,,,0,0,0,23,ext_old_eqb_implies_eqb;instr_point_ext_old_sched_cmp_antisymm;instr_point_ext_old_sched_cmp_irrefl;instr_point_ext_old_sched_cmp_total;instr_point_ext_old_sched_eqb_ltb_implies_ltb;instr_point_ext_old_sched_eqb_refl;instr_point_ext_old_sched_eqb_symm;instr_point_ext_old_sched_eqb_trans;instr_point_ext_old_sched_ltb_eqb_implies_ltb;select_helper_list_ext_implies_old_normal;select_helper_preserve_remain_sorted;select_helper_stable_permut;select_instance_list_ext_implies_old_normal;select_preserve_remain_sorted;select_stable_permut;selection_sort_instance_list_ext_implies_old_normal;selection_sort_instance_list_ext_is_stable_permut;selsort_instance_list_ext_implies_old_normal;selsort_stable_permut;stable_permut'_ext_lists_are_equivalent;stable_permut_ext_lists_are_equivalent;stable_permut_multi_skip;stable_permut_step_ext_lists_are_equivalent,0,56,0,2,src/AffineValidator.v;src/TilingRelation.v,0,True,confirmed-external
Normal instruction points and flattening,Definition,False,instr_point_ext_old_sched_leb,1866,1869,4,instr_point_ext_old_sched_leb,,,0,0,0,0,,0,0,0,0,,0,False,zero-reference
Normal instruction points and flattening,Definition,False,instr_point_ext_new_sched_le,1871,1873,3,instr_point_ext_new_sched_le,,,0,0,0,0,,0,0,0,0,,0,False,zero-reference
Normal instruction points and flattening,Definition,False,instr_point_ext_new_sched_ge,1875,1877,3,instr_point_ext_new_sched_ge,,,0,0,0,4,ip_new_sched_ge_implies_in_pi_new_sched_ge_pol;stable_permut'_ext_lists_are_equivalent;stable_permut_ext_lists_are_equivalent;stable_permut_step_ext_lists_are_equivalent,0,7,0,21,src/AffineValidator.v;src/JamValidator.v;src/LoopJamValidator.v;src/ParallelValidator.v;src/TilingRelation.v,46,True,confirmed-external
Normal instruction points and flattening,Definition,False,instr_point_ext_new_sched_leb,1879,1882,4,instr_point_ext_new_sched_leb,,,0,0,0,12,instr_point_ext_new_sched_leb_trans;select_helper_preserve_remain_sorted;select_helper_stable_permut;select_preserve_remain_sorted;select_stable_permut;selection_sort_instance_list_ext_is_stable_permut;selsort_stable_permut;sfunc;sorted_ge_implies_ext_sorted_ge;sorted_implies_ord_all;stable_permut_multi_skip;stable_permut_step_ext_lists_are_equivalent,0,21,0,2,src/AffineValidator.v;src/TilingRelation.v,0,True,confirmed-external
Normal instruction points and flattening,Definition,False,instr_point_ext_new_sched_geb,1884,1887,4,instr_point_ext_new_sched_geb,,,0,0,0,3,instr_point_ext_new_sched_geb_trans;sorted_implies_ord_all;stable_permut_multi_skip,0,13,0,0,,0,True,internal-live
Normal instruction points and flattening,Notation,False,Permutable,1889,1889,1,Permutable,,,0,0,0,2,Permutable_ext;stable_permut_step_ext_lists_are_equivalent,1,4,0,5,src/AffineValidator.v;src/ParallelValidator.v,25,True,confirmed-external
Normal instruction points and flattening,Notation,False,Permutable_symm,1890,1890,1,Permutable_symm,,,0,0,0,2,Permutable_ext_symm;stable_permut_step_ext_lists_are_equivalent,1,4,0,0,,3,True,internal-live
Normal instruction points and flattening,Definition,False,Permutable_ext,1893,1894,2,Permutable_ext,,,0,0,0,4,Permutable_ext_symm;stable_permut'_ext_lists_are_equivalent;stable_permut_ext_lists_are_equivalent;stable_permut_step_ext_lists_are_equivalent,0,12,0,21,src/AffineValidator.v;src/JamValidator.v;src/LoopJamValidator.v;src/ParallelValidator.v;src/TilingRelation.v,33,True,confirmed-external
Normal instruction points and flattening,Lemma,False,Permutable_ext_symm,1896,1903,8,Permutable_ext_symm,1899,1903,5,3,3,0,,0,0,0,3,src/AffineValidator.v;src/ParallelValidator.v,0,True,confirmed-external
Normal instruction points and flattening,Notation,False,instr_point_list_semantics,1905,1905,1,instr_point_list_semantics,,,0,0,0,5,list_ext_old_new_equivalence;poly_instance_list_semantics;stable_permut'_ext_lists_are_equivalent;stable_permut_ext_lists_are_equivalent;stable_permut_step_ext_lists_are_equivalent,1,16,0,70,src/AffineValidator.v;src/Extractor.v;src/ISSCutSemantics.v;src/PrepareCodegen.v;src/TilingRelation.v;src/TilingValidator.v,85,True,confirmed-external
Normal instruction points and flattening,Notation,False,veq_instance,1906,1906,1,veq_instance,,,0,0,0,0,,1,1,0,0,,3,False,bare-external-candidate
Normal instruction points and flattening,Notation,False,veq_instance_refl,1907,1907,1,veq_instance_refl,,,0,0,0,0,,1,1,0,0,,1,False,bare-external-candidate
Normal instruction points and flattening,Definition,False,belongs_to,1909,1915,7,belongs_to,,,0,0,0,7,belongs_to_current_view_pi_iff;belongs_to_implies_NoDupA_np;eqdom_pinstr_implies_flatten_instr_nth_exists;eqdom_pinstr_implies_flatten_instr_nth_retime;flatten_instr_nth;flatten_instrs;flatten_instrs_nil_implies_nil,0,12,0,117,src/Extractor.v;src/ISSCutSemantics.v;src/ISSSemantics.v;src/ParallelValidator.v;src/PrepareCodegen.v;src/StrengthenDomain.v;src/TilingRelation.v;src/TilingValidator.v,2,True,confirmed-external
Normal instruction points and flattening,Definition,False,np_lt,1918,1921,4,np_lt,,,0,0,0,16,Sorted_ipl_map_np_sorted_np;flatten_instr_nth;flatten_instrs;flatten_instrs_app_singleton;flatten_instrs_app_singleton_inv;flatten_instrs_ext_app_singleton;flatten_instrs_ext_app_singleton_inv;ip_ipl_same_np_same_pos;np_lt_irrefl;np_lt_map_prsv_np_lt;np_lt_proper;np_lt_strict;np_lt_trans;same_np_set_cons_inv;same_np_set_sorted_NoDupA_nth;sorted_same_ipl_lt_impossible,0,38,0,45,src/AffineValidator.v;src/Extractor.v;src/ISSCutSemantics.v;src/PrepareCodegen.v;src/TilingRelation.v;src/TilingValidator.v,6,True,confirmed-external
Normal instruction points and flattening,Lemma,False,np_lt_irrefl,1923,1931,9,np_lt_irrefl,1926,1931,6,4,4,2,flatten_instr_nth_det;flatten_instrs_det,0,2,0,0,,0,True,internal-live
Normal instruction points and flattening,Lemma,False,np_lt_trans,1933,1941,9,np_lt_trans,1935,1941,7,5,5,5,flatten_instr_nth_det;flatten_instrs_det;same_np_set_cons_inv;same_np_set_sorted_NoDupA_nth;sorted_same_ipl_lt_impossible,0,11,0,1,src/PrepareCodegen.v,0,True,confirmed-external
Normal instruction points and flattening,Lemma,False,np_lt_strict,1943,1956,14,np_lt_strict,1945,1956,12,10,10,4,flatten_instrs_app_singleton_inv;same_np_set_cons_inv;same_np_set_sorted_NoDupA_nth;sorted_same_ipl_lt_impossible,0,7,0,7,src/Extractor.v,0,True,confirmed-external
Normal instruction points and flattening,Definition,False,np_eq,1958,1959,2,np_eq,,,0,0,0,16,NoDupA_dup_implies_false;NoDupA_dup_lt_implies_false;NoDupA_iplies_map_np_implies_NoDupA_np;NoDup_implies_NoDupA_np;belongs_to_implies_NoDupA_np;eqdom_pinstr_implies_flatten_same_np_set;eqdom_same_ipl_length;eqdom_same_ipl_length_lt_impossible;flatten_instr_nth_NoDupA_np;ip_ipl_same_np_same_pos;np_eq_equivalence;np_lt_proper;same_np_set;same_np_set_cons_inv;same_np_set_sorted_NoDupA_nth;sorted_same_ipl_lt_impossible,0,48,0,32,src/ISSCutSemantics.v;src/ISSSemantics.v;src/PrepareCodegen.v;src/TilingRelation.v,0,True,confirmed-external
Normal instruction points and flattening,Lemma,False,np_eq_equivalence,1961,1974,14,np_eq_equivalence,1963,1974,12,10,10,9,NoDupA_dup_implies_false;NoDup_implies_NoDupA_np;eqdom_same_ipl_length;eqdom_same_ipl_length_lt_impossible;flatten_instrs_app_singleton_inv;ip_ipl_same_np_same_pos;same_np_set_cons_inv;same_np_set_sorted_NoDupA_nth;sorted_same_ipl_lt_impossible,0,26,0,11,src/Extractor.v;src/ISSSemantics.v;src/PrepareCodegen.v,0,True,confirmed-external
Normal instruction points and flattening,Instance,False,np_lt_proper,1976,2003,28,np_lt_proper,1978,2003,26,24,24,4,flatten_instrs_app_singleton_inv;same_np_set_cons_inv;same_np_set_sorted_NoDupA_nth;sorted_same_ipl_lt_impossible,0,9,0,7,src/Extractor.v,0,True,confirmed-external
Normal instruction points and flattening,Definition,False,flatten_instrs,2005,2038,34,flatten_instrs,,,0,0,0,11,eqdom_pinstrs_implies_flatten_instr_nth_rel;eqdom_pinstrs_implies_flatten_instrs_exists;flatten_instrs_app_singleton;flatten_instrs_app_singleton_inv;flatten_instrs_current_view_iff;flatten_instrs_det;flatten_instrs_ipl_n_lt_len;flatten_instrs_nil;flatten_instrs_nil_implies_nil;flatten_instrs_nil_sub_nil;poly_instance_list_semantics,0,18,0,125,src/AffineValidator.v;src/Extractor.v;src/ISSCutSemantics.v;src/ISSSemantics.v;src/JamValidator.v;src/LoopJamValidator.v;src/ParallelValidator.v;src/PrepareCodegen.v;src/StrengthenDomain.v;src/TilingRelation.v;src/TilingValidator.v,1,True,confirmed-external
Normal instruction points and flattening,Definition,False,flatten_instr_nth,2040,2071,32,flatten_instr_nth,,,0,0,0,11,eqdom_pinstr_implies_flatten_instr_nth_exists;eqdom_pinstr_implies_flatten_instr_nth_rel;eqdom_pinstr_implies_flatten_instr_nth_retime;eqdom_pinstr_implies_flatten_instr_same_len;eqdom_pinstr_implies_flatten_same_np_set;flatten_instr_nth_NoDupA_np;flatten_instr_nth_current_view_iff;flatten_instr_nth_det;flatten_instrs_app_singleton;flatten_instrs_app_singleton_inv;flatten_instrs_nil_sub_nil,0,19,0,36,src/AffineValidator.v;src/Extractor.v;src/TilingRelation.v;src/TilingValidator.v,1,True,confirmed-external
Normal instruction points and flattening,Lemma,False,belongs_to_current_view_pi_iff,2073,2097,25,belongs_to_current_view_pi_iff,2079,2097,19,17,17,1,flatten_instr_nth_current_view_iff,0,4,0,0,,0,True,internal-live
Normal instruction points and flattening,Lemma,False,flatten_instr_nth_current_view_iff,2099,2153,55,flatten_instr_nth_current_view_iff,2105,2153,49,47,47,1,flatten_instrs_current_view_iff,0,2,0,0,,0,True,internal-live
Normal instruction points and flattening,Lemma,False,NoDup_app,2155,2171,17,NoDup_app,2161,2171,11,9,9,2,flatten_instrs_app_singleton;flatten_instrs_ext_app_singleton,0,2,0,0,,0,True,internal-live
Normal instruction points and flattening,Lemma,False,nth_error_Some,2173,2180,8,nth_error_Some,2176,2180,5,3,3,5,eqdom_same_ipl_length_lt_impossible;flatten_instrs_app_singleton;flatten_instrs_app_singleton_inv;flatten_instrs_ext_app_singleton;flatten_instrs_ext_app_singleton_inv,0,7,0,0,,77,True,internal-live
Normal instruction points and flattening,Lemma,False,Sorted_app,2182,2206,25,Sorted_app,2188,2206,19,17,17,2,flatten_instrs_app_singleton;flatten_instrs_ext_app_singleton,0,2,0,0,,0,True,internal-live
Normal instruction points and flattening,Lemma,False,flatten_instrs_app_singleton,2208,2289,82,flatten_instrs_app_singleton,2213,2289,77,75,75,2,eqdom_pinstrs_implies_flatten_instrs_exists;flatten_instrs_current_view_iff,0,3,0,5,src/AffineValidator.v;src/TilingRelation.v,0,True,confirmed-external
Normal instruction points and flattening,Lemma,False,flatten_instrs_ipl_n_lt_len,2291,2303,13,flatten_instrs_ipl_n_lt_len,2297,2303,7,5,5,1,flatten_instrs_app_singleton_inv,0,1,0,5,src/ISSCutSemantics.v;src/ISSSemantics.v;src/TilingRelation.v,0,True,confirmed-external
Normal instruction points and flattening,Lemma,False,flatten_instrs_app_singleton_inv,2305,2423,119,flatten_instrs_app_singleton_inv,2310,2423,114,112,112,3,eqdom_pinstrs_implies_flatten_instr_nth_rel;eqdom_pinstrs_implies_flatten_instrs_exists;flatten_instrs_current_view_iff,0,5,0,12,src/AffineValidator.v;src/Extractor.v;src/TilingRelation.v,0,True,confirmed-external
Normal instruction points and flattening,Lemma,False,flatten_instrs_nil_implies_nil,2425,2443,19,flatten_instrs_nil_implies_nil,2428,2443,16,14,14,1,eqdom_pinstrs_implies_flatten_instr_nth_rel,0,2,0,14,src/AffineValidator.v;src/Extractor.v;src/TilingRelation.v,0,True,confirmed-external
Normal instruction points and flattening,Lemma,False,flatten_instrs_nil_sub_nil,2445,2499,55,flatten_instrs_nil_sub_nil,2449,2499,51,49,49,0,,0,0,0,2,src/AffineValidator.v,0,True,confirmed-external
Normal instruction points and flattening,Lemma,False,flatten_instrs_nil,2501,2510,10,flatten_instrs_nil,2504,2510,7,5,5,1,eqdom_pinstrs_implies_flatten_instrs_exists,0,1,0,3,src/TilingRelation.v,0,True,confirmed-external
Normal instruction points and flattening,Lemma,False,np_lt_map_prsv_np_lt,2513,2543,31,np_lt_map_prsv_np_lt,2522,2543,22,20,20,1,Sorted_ipl_map_np_sorted_np,0,1,0,0,,0,True,internal-live
Normal instruction points and flattening,Lemma,False,Sorted_ipl_map_np_sorted_np,2545,2561,17,Sorted_ipl_map_np_sorted_np,2553,2561,9,7,7,2,eqdom_pinstr_implies_flatten_instr_nth_exists;eqdom_pinstr_implies_flatten_instr_nth_retime,0,2,0,1,src/TilingRelation.v,0,True,confirmed-external
Normal instruction points and flattening,Lemma,False,NoDupA_iplies_map_np_implies_NoDupA_np,2563,2600,38,NoDupA_iplies_map_np_implies_NoDupA_np,2571,2600,30,28,28,2,eqdom_pinstr_implies_flatten_instr_nth_exists;eqdom_pinstr_implies_flatten_instr_nth_retime,0,2,0,0,,0,True,internal-live
Normal instruction points and flattening,Lemma,False,NoDup_implies_NoDupA_np,2602,2614,13,NoDup_implies_NoDupA_np,2606,2614,9,7,7,2,eqdom_pinstr_implies_flatten_instr_nth_exists;eqdom_pinstr_implies_flatten_instr_nth_retime,0,2,0,0,,0,True,internal-live
Normal instruction points and flattening,Lemma,False,belongs_to_implies_NoDupA_np,2616,2660,45,belongs_to_implies_NoDupA_np,2625,2660,36,34,34,1,flatten_instr_nth_NoDupA_np,0,1,0,4,src/TilingRelation.v,0,True,confirmed-external
Normal instruction points and flattening,Lemma,False,flatten_instr_nth_NoDupA_np,2662,2672,11,flatten_instr_nth_NoDupA_np,2666,2672,7,5,5,2,eqdom_pinstr_implies_flatten_instr_nth_exists;eqdom_pinstr_implies_flatten_instr_nth_retime,0,2,0,0,,0,True,internal-live
Normal instruction points and flattening,Lemma,False,eqdom_pinstr_implies_flatten_instr_nth_exists,2674,2778,105,eqdom_pinstr_implies_flatten_instr_nth_exists,2680,2778,99,97,97,1,eqdom_pinstrs_implies_flatten_instrs_exists,0,1,0,3,src/AffineValidator.v,0,True,confirmed-external
Normal instruction points and flattening,Definition,False,retime_ip,2780,2788,9,retime_ip,,,0,0,0,5,eqdom_pinstr_implies_flatten_instr_nth_rel;eqdom_pinstr_implies_flatten_instr_nth_retime;eqdom_pinstr_implies_flatten_instr_same_len;retime_ip_eq_except_sched;retime_ip_list_eq_except_sched,0,6,0,0,,0,True,internal-live
Normal instruction points and flattening,Lemma,False,same_elem_lt_sorted_implies_same_list_pre,2790,2901,112,same_elem_lt_sorted_implies_same_list_pre,2801,2901,101,99,99,2,flatten_instr_nth_det;same_elem_lt_sorted_implies_same_list,0,2,0,0,,0,True,internal-live
Normal instruction points and flattening,Lemma,False,eqdom_pinstr_implies_flatten_instr_nth_retime,2903,2995,93,eqdom_pinstr_implies_flatten_instr_nth_retime,2908,2995,88,86,86,2,eqdom_pinstr_implies_flatten_instr_nth_rel;eqdom_pinstr_implies_flatten_instr_same_len,0,2,0,0,,0,True,internal-live
Normal instruction points and flattening,Lemma,False,retime_ip_eq_except_sched,2997,3005,9,retime_ip_eq_except_sched,3000,3005,6,4,4,1,retime_ip_list_eq_except_sched,0,1,0,0,,0,False,internal-live
Normal instruction points and flattening,Lemma,False,retime_ip_list_eq_except_sched,3007,3017,11,retime_ip_list_eq_except_sched,3010,3017,8,6,6,1,eqdom_pinstr_implies_flatten_instr_nth_rel,0,1,0,0,,0,False,internal-live
Normal instruction points and flattening,Lemma,False,flatten_instr_nth_det,3019,3038,20,flatten_instr_nth_det,3024,3038,15,13,13,2,eqdom_pinstr_implies_flatten_instr_nth_rel;eqdom_pinstr_implies_flatten_instr_same_len,0,2,0,0,,0,True,internal-live
Normal instruction points and flattening,Lemma,False,eqdom_pinstrs_implies_flatten_instrs_exists,3040,3084,45,eqdom_pinstrs_implies_flatten_instrs_exists,3046,3084,39,37,37,0,,0,0,0,3,src/AffineValidator.v;src/ParallelValidator.v,0,True,confirmed-external
Normal instruction points and flattening,Definition,False,same_np_set,3086,3095,10,same_np_set,,,0,0,0,6,eqdom_pinstr_implies_flatten_same_np_set;ip_ipl_same_np_same_pos;same_np_set_cons_inv;same_np_set_sorted_NoDupA_nth;same_np_set_sym;sorted_same_ipl_lt_impossible,0,11,0,0,,0,False,internal-live
Normal instruction points and flattening,Lemma,False,same_np_set_sym,3097,3103,7,same_np_set_sym,3101,3103,3,1,1,1,ip_ipl_same_np_same_pos,0,1,0,0,,0,False,internal-live
Normal instruction points and flattening,Lemma,False,eqdom_pinstr_implies_flatten_same_np_set,3105,3171,67,eqdom_pinstr_implies_flatten_same_np_set,3112,3171,60,58,58,0,,0,0,0,0,,0,False,zero-reference
Normal instruction points and flattening,Lemma,False,same_np_set_cons_inv,3173,3312,140,same_np_set_cons_inv,3181,3312,132,130,130,2,same_np_set_sorted_NoDupA_nth;sorted_same_ipl_lt_impossible,0,2,0,0,,0,False,internal-live
Normal instruction points and flattening,Lemma,False,same_np_set_sorted_NoDupA_nth,3314,3389,76,same_np_set_sorted_NoDupA_nth,3324,3389,66,64,64,0,,0,0,0,0,,0,False,zero-reference
Normal instruction points and flattening,Lemma,False,sorted_same_ipl_lt_impossible,3391,3460,70,sorted_same_ipl_lt_impossible,3404,3460,57,55,55,1,ip_ipl_same_np_same_pos,0,2,0,0,,0,False,internal-live
Normal instruction points and flattening,Lemma,False,ip_ipl_same_np_same_pos,3462,3495,34,ip_ipl_same_np_same_pos,3476,3495,20,18,18,0,,0,0,0,0,,0,False,zero-reference
Normal instruction points and flattening,Lemma,False,forall_n_R_implies_rel_list,3497,3516,20,forall_n_R_implies_rel_list,3506,3516,11,9,9,0,,0,0,0,0,,0,False,zero-reference
Normal instruction points and flattening,Lemma,False,NoDupA_dup_lt_implies_false,3518,3545,28,NoDupA_dup_lt_implies_false,3526,3545,20,18,18,1,NoDupA_dup_implies_false,0,2,0,0,,0,False,internal-live
Normal instruction points and flattening,Lemma,False,NoDupA_dup_implies_false,3547,3562,16,NoDupA_dup_implies_false,3555,3562,8,6,6,1,eqdom_same_ipl_length_lt_impossible,0,1,0,0,,0,False,internal-live
Normal instruction points and flattening,Lemma,False,eqdom_same_ipl_length_lt_impossible,3564,3670,107,eqdom_same_ipl_length_lt_impossible,3601,3670,70,68,68,1,eqdom_same_ipl_length,0,2,0,0,,0,False,internal-live
Normal instruction points and flattening,Lemma,False,eqdom_same_ipl_length,3672,3726,55,eqdom_same_ipl_length,3706,3726,21,19,19,0,,0,0,0,0,,0,False,zero-reference
Normal instruction points and flattening,Lemma,False,eqdom_pinstr_implies_flatten_instr_same_len,3728,3741,14,eqdom_pinstr_implies_flatten_instr_same_len,3734,3741,8,6,6,0,,0,0,0,3,src/AffineValidator.v,0,True,confirmed-external
Normal instruction points and flattening,Lemma,False,eqdom_pinstr_implies_flatten_instr_nth_rel,3743,3755,13,eqdom_pinstr_implies_flatten_instr_nth_rel,3749,3755,7,5,5,0,,0,0,0,0,,0,False,zero-reference
Normal instruction points and flattening,Lemma,False,eqdom_pinstrs_implies_flatten_instr_nth_rel,3758,3799,42,eqdom_pinstrs_implies_flatten_instr_nth_rel,3764,3799,36,34,34,0,,0,0,0,0,,0,False,zero-reference
Normal instruction points and flattening,Lemma,False,same_elem_lt_sorted_implies_same_list,3801,3814,14,same_elem_lt_sorted_implies_same_list,3812,3814,3,1,1,2,flatten_instrs_det;flatten_instrs_ext_det,0,2,0,0,,0,False,internal-live
Normal instruction points and flattening,Lemma,False,flatten_instrs_det,3816,3835,20,flatten_instrs_det,3821,3835,15,13,13,0,,0,0,0,0,,0,False,zero-reference
Normal instruction points and flattening,Lemma,False,flatten_instrs_current_view_iff,3837,3881,45,flatten_instrs_current_view_iff,3846,3881,36,34,34,1,instance_list_semantics_current_view_iff,0,2,0,0,,0,True,internal-live
Normal instruction points and flattening,Inductive,False,poly_instance_list_semantics,3883,3890,8,poly_instance_list_semantics,,,0,0,0,2,PolyPointListSema;instance_list_semantics,1,2,0,23,src/AffineValidator.v;src/Extractor.v;src/ISSCutSemantics.v;src/StrengthenDomain.v;src/TilingRelation.v;src/TilingValidator.v,1,True,confirmed-external
Normal instruction points and flattening,Constructor,False,PolyPointListSema,3884,3890,7,poly_instance_list_semantics,,,0,0,0,2,instance_list_semantics_current_view_iff;poly_instance_list_semantics,0,2,0,5,src/AffineValidator.v;src/ISSCutSemantics.v;src/PrepareCodegen.v;src/TilingRelation.v,0,True,confirmed-external
Normal instruction points and flattening,Inductive,False,instance_list_semantics,3892,3899,8,instance_list_semantics,,,0,0,0,2,PIPSemaIntro;instance_list_semantics_current_view_iff,1,3,0,158,driver/ParallelPolOpt.v;driver/ParallelPolOptCorrect.v;driver/PolOpt.v;driver/PolOptBandTiling.v;driver/PolOptCanonicalTiling.v;driver/PolOptCorrect.v;driver/PolOptIdentityGenericISS.v;driver/VerifiedParallelCompilerConfig.v;src/AffineValidator.v;src/Extractor.v;src/ISSCutSemantics.v;src/ISSValidatorCorrect.v;src/ParallelCodegen.v;src/PrepareCodegen.v;src/StrengthenDomain.v;src/TilingBandDirectRuntime.v;src/TilingCanonicalScheduleValidator.v;src/TilingRelation.v;src/TilingValidator.v,58,True,confirmed-external
Normal instruction points and flattening,Constructor,False,PIPSemaIntro,3893,3899,7,instance_list_semantics,,,0,0,0,2,instance_list_semantics;instance_list_semantics_current_view_iff,0,2,0,3,src/AffineValidator.v;src/ISSCutSemantics.v;src/PrepareCodegen.v,5,True,confirmed-external
Normal instruction points and flattening,Lemma,False,instance_list_semantics_current_view_iff,3901,3986,86,instance_list_semantics_current_view_iff,3906,3986,81,79,79,0,,0,0,0,4,driver/ParallelPolOptCorrect.v;src/PrepareCodegen.v,0,True,confirmed-external
Extended old/new instruction points and flattening,Record,False,PolyInstr_ext,3989,4000,12,PolyInstr_ext,,,0,0,0,18,belongs_to_ext;compose_pinstr_ext;compose_pinstrs_ext;flatten_instr_nth_ext;flatten_instrs_ext;pi_access_transformation_ext;pi_depth_ext;pi_instr_ext;pi_point_witness_ext;pi_poly_ext;pi_raccess_ext;pi_schedule1_ext;pi_schedule2_ext;pi_transformation_ext;pi_waccess_ext;wf_pinstr_ext;wf_pinstr_ext_affine;wf_pinstr_ext_tiling,0,8,0,11,src/AffineValidator.v;src/TilingRelation.v,59,True,confirmed-external
Extended old/new instruction points and flattening,Projection,False,pi_depth_ext,3990,4000,11,PolyInstr_ext,,,0,0,0,23,PolyInstr_ext;belongs_to_ext;compose_pinstr_ext;dummy_pi_ext;expand_same_env_implies_in_domain_product_pol;expand_same_env_implies_in_eq_env_pol_ext;flatten_instr_nth_ext;flatten_instrs_ext;flatten_instrs_ext_nil_implies_nil;ip_index_size_eq_pi_dom_size_ext;ip_new_sched_ge_implies_in_pi_new_sched_ge_pol;ip_old_sched_lt_implies_in_pi_old_sched_lt_pol;pi_access_transformation_ext;pi_instr_ext;pi_point_witness_ext;pi_poly_ext;pi_raccess_ext;pi_schedule1_ext;pi_schedule2_ext;pi_transformation_ext;pi_waccess_ext;wf_pinstr_ext;wf_pinstr_ext_affine,0,17,0,53,src/AffineValidator.v;src/TilingRelation.v,101,True,confirmed-external
Extended old/new instruction points and flattening,Projection,False,pi_instr_ext,3991,4000,10,PolyInstr_ext,,,0,0,0,14,PolyInstr_ext;belongs_to_ext;compose_pinstr_ext;dummy_pi_ext;expand_ip_instr_eq_pi_instr_ext;pi_access_transformation_ext;pi_depth_ext;pi_point_witness_ext;pi_poly_ext;pi_raccess_ext;pi_schedule1_ext;pi_schedule2_ext;pi_transformation_ext;pi_waccess_ext,0,4,0,18,src/AffineValidator.v;src/TilingRelation.v,55,True,confirmed-external
Extended old/new instruction points and flattening,Projection,False,pi_poly_ext,3992,4000,9,PolyInstr_ext,,,0,0,0,16,PolyInstr_ext;belongs_to_ext;compose_pinstr_ext;dummy_pi_ext;expand_same_env_implies_in_domain_product_pol;ip_index_in_dom_ext;pi_access_transformation_ext;pi_depth_ext;pi_instr_ext;pi_point_witness_ext;pi_raccess_ext;pi_schedule1_ext;pi_schedule2_ext;pi_transformation_ext;pi_waccess_ext;wf_pinstr_ext,0,8,0,10,src/AffineValidator.v;src/TilingRelation.v,12,True,confirmed-external
Extended old/new instruction points and flattening,Projection,False,pi_point_witness_ext,3993,4000,8,PolyInstr_ext,,,0,0,0,14,PolyInstr_ext;compose_pinstr_ext;dummy_pi_ext;pi_access_transformation_ext;pi_depth_ext;pi_instr_ext;pi_poly_ext;pi_raccess_ext;pi_schedule1_ext;pi_schedule2_ext;pi_transformation_ext;pi_waccess_ext;wf_pinstr_ext;wf_pinstr_ext_affine,0,4,0,2,src/AffineValidator.v;src/TilingRelation.v,12,True,confirmed-external
Extended old/new instruction points and flattening,Projection,False,pi_transformation_ext,3994,4000,7,PolyInstr_ext,,,0,0,0,17,PolyInstr_ext;belongs_to_ext;compose_pinstr_ext;dummy_pi_ext;expand_ip_instr_eq_pi_tf_ext;pi_access_transformation_ext;pi_depth_ext;pi_instr_ext;pi_point_witness_ext;pi_poly_ext;pi_raccess_ext;pi_schedule1_ext;pi_schedule2_ext;pi_waccess_ext;wf_pinstr_ext;wf_pinstr_ext_affine;wf_pinstr_ext_tiling,0,8,0,4,src/AffineValidator.v;src/TilingRelation.v,20,True,confirmed-external
Extended old/new instruction points and flattening,Projection,False,pi_access_transformation_ext,3995,4000,6,PolyInstr_ext,,,0,0,0,17,PolyInstr_ext;belongs_to_ext;compose_pinstr_ext;dummy_pi_ext;expand_ip_instr_eq_pi_access_tf_ext;pi_depth_ext;pi_instr_ext;pi_point_witness_ext;pi_poly_ext;pi_raccess_ext;pi_schedule1_ext;pi_schedule2_ext;pi_transformation_ext;pi_waccess_ext;wf_pinstr_ext;wf_pinstr_ext_affine;wf_pinstr_ext_tiling,0,7,0,71,src/AffineValidator.v;src/TilingRelation.v,20,True,confirmed-external
Extended old/new instruction points and flattening,Projection,False,pi_schedule1_ext,3996,4000,5,PolyInstr_ext,,,0,0,0,16,PolyInstr_ext;belongs_to_ext;compose_pinstr_ext;dummy_pi_ext;expand_ts1_eq_sched_index_product_ext;ip_old_sched_lt_implies_in_pi_old_sched_lt_pol;pi_access_transformation_ext;pi_depth_ext;pi_instr_ext;pi_point_witness_ext;pi_poly_ext;pi_raccess_ext;pi_schedule2_ext;pi_transformation_ext;pi_waccess_ext;wf_pinstr_ext,0,9,0,9,src/AffineValidator.v;src/TilingRelation.v,84,True,confirmed-external
Extended old/new instruction points and flattening,Projection,False,pi_schedule2_ext,3997,4000,4,PolyInstr_ext,,,0,0,0,16,PolyInstr_ext;belongs_to_ext;compose_pinstr_ext;dummy_pi_ext;expand_ts2_eq_sched_index_product_ext;ip_new_sched_ge_implies_in_pi_new_sched_ge_pol;pi_access_transformation_ext;pi_depth_ext;pi_instr_ext;pi_point_witness_ext;pi_poly_ext;pi_raccess_ext;pi_schedule1_ext;pi_transformation_ext;pi_waccess_ext;wf_pinstr_ext,0,9,0,8,src/AffineValidator.v;src/TilingRelation.v,11,True,confirmed-external
Extended old/new instruction points and flattening,Projection,False,pi_waccess_ext,3998,4000,3,PolyInstr_ext,,,0,0,0,13,PolyInstr_ext;compose_pinstr_ext;dummy_pi_ext;pi_access_transformation_ext;pi_depth_ext;pi_instr_ext;pi_point_witness_ext;pi_poly_ext;pi_raccess_ext;pi_schedule1_ext;pi_schedule2_ext;pi_transformation_ext;wf_pinstr_ext,0,3,0,55,src/AffineValidator.v;src/TilingRelation.v,53,True,confirmed-external
Extended old/new instruction points and flattening,Projection,False,pi_raccess_ext,3999,4000,2,PolyInstr_ext,,,0,0,0,13,PolyInstr_ext;compose_pinstr_ext;dummy_pi_ext;pi_access_transformation_ext;pi_depth_ext;pi_instr_ext;pi_point_witness_ext;pi_poly_ext;pi_schedule1_ext;pi_schedule2_ext;pi_transformation_ext;pi_waccess_ext;wf_pinstr_ext,0,3,0,42,src/AffineValidator.v;src/TilingRelation.v,53,True,confirmed-external
Extended old/new instruction points and flattening,Definition,False,dummy_pi_ext,4002,4013,12,dummy_pi_ext,,,0,0,0,0,,0,0,0,0,,0,False,zero-reference
Extended old/new instruction points and flattening,Definition,False,wf_pinstr_ext,4015,4046,32,wf_pinstr_ext,,,0,0,0,9,expand_same_env_implies_in_domain_product_pol;ip_new_sched_ge_implies_in_pi_new_sched_ge_pol;ip_old_sched_lt_implies_in_pi_old_sched_lt_pol;wf_pil_implies_wf_pil_ext;wf_pinstr_ext_affine;wf_pinstr_ext_affine_implies_wf_pinstr_ext;wf_pinstr_ext_tiling;wf_pinstr_ext_tiling_implies_wf_pinstr_ext;wf_pinstr_implies_wf_pinstr_ext,0,12,0,4,src/AffineValidator.v,7,True,confirmed-external
Extended old/new instruction points and flattening,Definition,False,wf_pinstr_ext_affine,4048,4051,4,wf_pinstr_ext_affine,,,0,0,0,4,wf_pil_affine_implies_wf_pil_ext_affine;wf_pinstr_affine_implies_wf_pinstr_ext_affine;wf_pinstr_ext_affine_implies_wf_pinstr_ext;wf_pinstr_ext_affine_implies_wf_pinstr_ext_tiling,0,7,0,0,,0,False,internal-live
Extended old/new instruction points and flattening,Definition,False,wf_pinstr_ext_tiling,4053,4055,3,wf_pinstr_ext_tiling,,,0,0,0,2,wf_pinstr_ext_affine_implies_wf_pinstr_ext_tiling;wf_pinstr_ext_tiling_implies_wf_pinstr_ext,0,4,0,28,src/AffineValidator.v,73,True,confirmed-external
Extended old/new instruction points and flattening,Lemma,False,wf_pinstr_affine_implies_wf_pinstr,4057,4066,10,wf_pinstr_affine_implies_wf_pinstr,4061,4066,6,4,4,2,wf_pinstr_affine_implies_wf_pinstr_ext_affine;wf_pprog_affine_implies_wf_pprog,0,3,0,1,src/AffineValidator.v,1,True,confirmed-external
Extended old/new instruction points and flattening,Lemma,False,wf_pinstr_tiling_implies_wf_pinstr,4068,4077,10,wf_pinstr_tiling_implies_wf_pinstr,4072,4077,6,4,4,2,wf_pinstr_general_implies_wf_pinstr;wf_pprog_tiling_implies_wf_pprog,0,2,0,0,,0,False,internal-live
Extended old/new instruction points and flattening,Lemma,False,wf_pinstr_general_implies_wf_pinstr,4079,4085,7,wf_pinstr_general_implies_wf_pinstr,4083,4085,3,1,1,0,,0,0,0,0,,0,False,zero-reference
Extended old/new instruction points and flattening,Lemma,False,wf_pinstr_affine_implies_wf_pinstr_tiling,4087,4096,10,wf_pinstr_affine_implies_wf_pinstr_tiling,4091,4096,6,4,4,2,wf_pinstr_affine_implies_wf_pinstr_general;wf_pprog_affine_implies_wf_pprog_tiling,0,2,0,4,src/AffineValidator.v,2,True,confirmed-external
Extended old/new instruction points and flattening,Lemma,False,wf_pinstr_affine_implies_wf_pinstr_general,4098,4104,7,wf_pinstr_affine_implies_wf_pinstr_general,4102,4104,3,1,1,0,,0,0,0,0,,0,False,zero-reference
Extended old/new instruction points and flattening,Lemma,False,wf_pprog_affine_implies_wf_pprog,4106,4118,13,wf_pprog_affine_implies_wf_pprog,4110,4118,9,7,7,0,,0,0,0,2,driver/PolOpt.v;src/AffineValidator.v,0,True,confirmed-external
Extended old/new instruction points and flattening,Lemma,False,wf_pprog_tiling_implies_wf_pprog,4120,4132,13,wf_pprog_tiling_implies_wf_pprog,4124,4132,9,7,7,1,wf_pprog_general_implies_wf_pprog,0,1,0,0,,0,False,internal-live
Extended old/new instruction points and flattening,Lemma,False,wf_pprog_general_implies_wf_pprog,4134,4140,7,wf_pprog_general_implies_wf_pprog,4138,4140,3,1,1,0,,0,0,0,0,,0,False,zero-reference
Extended old/new instruction points and flattening,Lemma,False,wf_pprog_affine_implies_wf_pprog_tiling,4142,4154,13,wf_pprog_affine_implies_wf_pprog_tiling,4146,4154,9,7,7,1,wf_pprog_affine_implies_wf_pprog_general,0,1,0,0,,0,True,internal-live
Extended old/new instruction points and flattening,Lemma,False,wf_pprog_affine_implies_wf_pprog_general,4156,4162,7,wf_pprog_affine_implies_wf_pprog_general,4160,4162,3,1,1,0,,0,0,0,7,driver/ParallelPolOptCorrect.v,0,True,confirmed-external
Extended old/new instruction points and flattening,Lemma,False,wf_pinstr_tiling_current_view_affine,4164,4252,89,wf_pinstr_tiling_current_view_affine,4168,4252,85,83,83,2,wf_pinstr_general_current_view_affine;wf_pprog_tiling_current_view_affine,0,2,0,0,,0,True,internal-live
Extended old/new instruction points and flattening,Lemma,False,wf_pinstr_general_current_view_affine,4254,4260,7,wf_pinstr_general_current_view_affine,4258,4260,3,1,1,0,,0,0,0,0,,0,False,zero-reference
Extended old/new instruction points and flattening,Lemma,False,wf_pprog_tiling_current_view_affine,4262,4277,16,wf_pprog_tiling_current_view_affine,4266,4277,12,10,10,1,wf_pprog_general_current_view_affine,0,1,0,0,,0,True,internal-live
Extended old/new instruction points and flattening,Lemma,False,wf_pprog_general_current_view_affine,4279,4285,7,wf_pprog_general_current_view_affine,4283,4285,3,1,1,0,,0,0,0,4,driver/ParallelPolOptCorrect.v;src/PrepareCodegen.v,0,True,confirmed-external
Extended old/new instruction points and flattening,Lemma,False,wf_pinstr_ext_affine_implies_wf_pinstr_ext,4287,4296,10,wf_pinstr_ext_affine_implies_wf_pinstr_ext,4291,4296,6,4,4,0,,0,0,0,0,,0,False,zero-reference
Extended old/new instruction points and flattening,Lemma,False,wf_pinstr_ext_tiling_implies_wf_pinstr_ext,4298,4307,10,wf_pinstr_ext_tiling_implies_wf_pinstr_ext,4302,4307,6,4,4,0,,0,0,0,4,src/AffineValidator.v,0,True,confirmed-external
Extended old/new instruction points and flattening,Lemma,False,wf_pinstr_ext_affine_implies_wf_pinstr_ext_tiling,4309,4318,10,wf_pinstr_ext_affine_implies_wf_pinstr_ext_tiling,4313,4318,6,4,4,0,,0,0,0,0,,0,False,zero-reference
Extended old/new instruction points and flattening,Definition,False,compose_pinstr_ext,4320,4331,12,compose_pinstr_ext,,,0,0,0,3,compose_pinstrs_ext;wf_pinstr_affine_implies_wf_pinstr_ext_affine;wf_pinstr_implies_wf_pinstr_ext,0,4,0,1,src/AffineValidator.v,0,True,confirmed-external
Extended old/new instruction points and flattening,Lemma,False,wf_pinstr_implies_wf_pinstr_ext,4333,4361,29,wf_pinstr_implies_wf_pinstr_ext,4339,4361,23,21,21,2,wf_pil_implies_wf_pil_ext;wf_pinstr_affine_implies_wf_pinstr_ext_affine,0,2,0,0,,0,False,internal-live
Extended old/new instruction points and flattening,Lemma,False,wf_pinstr_affine_implies_wf_pinstr_ext_affine,4363,4379,17,wf_pinstr_affine_implies_wf_pinstr_ext_affine,4369,4379,11,9,9,1,wf_pil_affine_implies_wf_pil_ext_affine,0,1,0,0,,0,False,internal-live
Extended old/new instruction points and flattening,Definition,False,veq_instance_ext,4381,4390,10,veq_instance_ext,,,0,0,0,0,,0,0,0,0,,0,False,zero-reference
Extended old/new instruction points and flattening,Definition,False,belongs_to_ext,4392,4400,9,belongs_to_ext,,,0,0,0,3,flatten_instr_nth_ext;flatten_instrs_ext;flatten_instrs_ext_nil_implies_nil,0,3,0,9,src/AffineValidator.v;src/TilingRelation.v,54,True,confirmed-external
Extended old/new instruction points and flattening,Definition,False,np_lt_ext,4402,4404,3,np_lt_ext,,,0,0,0,6,flatten_instr_nth_ext;flatten_instrs_ext;np_lt_ext_irrefl;np_lt_ext_proper;np_lt_ext_strict;np_lt_ext_trans,0,12,0,8,src/AffineValidator.v;src/TilingRelation.v,43,True,confirmed-external
Extended old/new instruction points and flattening,Lemma,False,np_lt_ext_irrefl,4406,4414,9,np_lt_ext_irrefl,4409,4414,6,4,4,1,flatten_instrs_ext_det,0,1,0,0,,0,False,internal-live
Extended old/new instruction points and flattening,Lemma,False,np_lt_ext_trans,4416,4424,9,np_lt_ext_trans,4418,4424,7,5,5,1,flatten_instrs_ext_det,0,1,0,0,,1,False,internal-live
Extended old/new instruction points and flattening,Lemma,False,np_lt_ext_strict,4427,4440,14,np_lt_ext_strict,4429,4440,12,10,10,1,flatten_instrs_ext_app_singleton_inv,0,3,0,0,,0,True,internal-live
Extended old/new instruction points and flattening,Definition,False,np_eq_ext,4442,4443,2,np_eq_ext,,,0,0,0,2,np_eq_ext_equivalence;np_lt_ext_proper,0,6,0,0,,6,True,internal-live
Extended old/new instruction points and flattening,Lemma,False,np_eq_ext_equivalence,4445,4458,14,np_eq_ext_equivalence,4447,4458,12,10,10,1,flatten_instrs_ext_app_singleton_inv,0,3,0,0,,0,True,internal-live
Extended old/new instruction points and flattening,Instance,False,np_lt_ext_proper,4460,4487,28,np_lt_ext_proper,4462,4487,26,24,24,1,flatten_instrs_ext_app_singleton_inv,0,3,0,0,,0,True,internal-live
Extended old/new instruction points and flattening,Definition,False,flatten_instrs_ext,4490,4521,32,flatten_instrs_ext,,,0,0,0,6,flatten_instrs_ext_app_singleton;flatten_instrs_ext_app_singleton_inv;flatten_instrs_ext_det;flatten_instrs_ext_ipl_n_lt_len;flatten_instrs_ext_nil;flatten_instrs_ext_nil_implies_nil,0,9,0,10,src/AffineValidator.v;src/TilingRelation.v,47,True,confirmed-external
Extended old/new instruction points and flattening,Definition,False,flatten_instr_nth_ext,4523,4554,32,flatten_instr_nth_ext,,,0,0,0,14,expand_ip_instr_eq_pi_access_tf_ext;expand_ip_instr_eq_pi_instr_ext;expand_ip_instr_eq_pi_tf_ext;expand_same_env_implies_in_domain_product_pol;expand_same_env_implies_in_eq_env_pol_ext;expand_same_env_ip_index_env_eq;expand_ts1_eq_sched_index_product_ext;expand_ts2_eq_sched_index_product_ext;flatten_instrs_ext_app_singleton;flatten_instrs_ext_app_singleton_inv;ip_index_in_dom_ext;ip_index_size_eq_pi_dom_size_ext;ip_new_sched_ge_implies_in_pi_new_sched_ge_pol;ip_old_sched_lt_implies_in_pi_old_sched_lt_pol,0,19,0,17,src/AffineValidator.v;src/TilingRelation.v,14,True,confirmed-external
Extended old/new instruction points and flattening,Lemma,False,flatten_instrs_ext_nil,4556,4565,10,flatten_instrs_ext_nil,4559,4565,7,5,5,0,,0,0,0,2,src/AffineValidator.v;src/TilingRelation.v,0,True,confirmed-external
Extended old/new instruction points and flattening,Lemma,False,flatten_instrs_ext_nil_implies_nil,4567,4585,19,flatten_instrs_ext_nil_implies_nil,4570,4585,16,14,14,0,,0,0,0,2,src/AffineValidator.v,0,True,confirmed-external
Extended old/new instruction points and flattening,Lemma,False,flatten_instrs_ext_det,4587,4606,20,flatten_instrs_ext_det,4592,4606,15,13,13,0,,0,0,0,0,,0,False,zero-reference
Extended old/new instruction points and flattening,Lemma,False,flatten_instrs_ext_app_singleton,4608,4700,93,flatten_instrs_ext_app_singleton,4613,4700,88,86,86,0,,0,0,0,2,src/AffineValidator.v;src/TilingRelation.v,0,True,confirmed-external
Extended old/new instruction points and flattening,Lemma,False,flatten_instrs_ext_ipl_n_lt_len,4702,4714,13,flatten_instrs_ext_ipl_n_lt_len,4708,4714,7,5,5,1,flatten_instrs_ext_app_singleton_inv,0,1,0,0,,0,True,internal-live
Extended old/new instruction points and flattening,Lemma,False,flatten_instrs_ext_app_singleton_inv,4716,4844,129,flatten_instrs_ext_app_singleton_inv,4721,4844,124,122,122,0,,0,0,0,2,src/AffineValidator.v,0,True,confirmed-external
Extended old/new instruction points and flattening,Fixpoint,False,compose_pinstrs_ext,4846,4851,6,compose_pinstrs_ext,,,0,0,0,2,wf_pil_affine_implies_wf_pil_ext_affine;wf_pil_implies_wf_pil_ext,1,3,0,4,src/AffineValidator.v,0,True,confirmed-external
Extended old/new instruction points and flattening,Lemma,False,wf_pil_implies_wf_pil_ext,4853,4879,27,wf_pil_implies_wf_pil_ext,4859,4879,21,19,19,0,,0,0,0,0,,0,False,zero-reference
Extended old/new instruction points and flattening,Lemma,False,wf_pil_affine_implies_wf_pil_ext_affine,4881,4908,28,wf_pil_affine_implies_wf_pil_ext_affine,4888,4908,21,19,19,0,,0,0,0,0,,0,False,zero-reference
Extended old/new instruction points and flattening,Lemma,False,ip_index_in_dom_ext,4910,4922,13,ip_index_in_dom_ext,4915,4922,8,6,6,1,expand_same_env_implies_in_domain_product_pol,0,1,0,0,,0,True,internal-live
Extended old/new instruction points and flattening,Lemma,False,expand_ip_instr_eq_pi_instr_ext,4924,4936,13,expand_ip_instr_eq_pi_instr_ext,4929,4936,8,6,6,0,,0,0,0,2,src/AffineValidator.v,6,True,confirmed-external
Extended old/new instruction points and flattening,Lemma,False,expand_ip_instr_eq_pi_tf_ext,4939,4951,13,expand_ip_instr_eq_pi_tf_ext,4944,4951,8,6,6,0,,0,0,0,2,src/AffineValidator.v,6,True,confirmed-external
Extended old/new instruction points and flattening,Lemma,False,expand_ip_instr_eq_pi_access_tf_ext,4953,4965,13,expand_ip_instr_eq_pi_access_tf_ext,4958,4965,8,6,6,0,,0,0,0,6,src/AffineValidator.v,6,True,confirmed-external
Extended old/new instruction points and flattening,Lemma,False,ip_index_size_eq_pi_dom_size_ext,4967,4979,13,ip_index_size_eq_pi_dom_size_ext,4972,4979,8,6,6,4,expand_same_env_implies_in_domain_product_pol;expand_same_env_implies_in_eq_env_pol_ext;ip_new_sched_ge_implies_in_pi_new_sched_ge_pol;ip_old_sched_lt_implies_in_pi_old_sched_lt_pol,0,7,0,4,src/AffineValidator.v,6,True,confirmed-external
Extended old/new instruction points and flattening,Lemma,False,expand_same_env_ip_index_env_eq,4981,4993,13,expand_same_env_ip_index_env_eq,4988,4993,6,4,4,1,expand_same_env_implies_in_eq_env_pol_ext,0,1,0,0,,0,True,internal-live
Extended old/new instruction points and flattening,Lemma,False,expand_same_env_implies_in_eq_env_pol_ext,4995,5009,15,expand_same_env_implies_in_eq_env_pol_ext,5004,5009,6,4,4,0,,0,0,0,2,src/AffineValidator.v,0,True,confirmed-external
Extended old/new instruction points and flattening,Lemma,False,expand_same_env_implies_in_domain_product_pol,5011,5040,30,expand_same_env_implies_in_domain_product_pol,5025,5040,16,14,14,0,,0,0,0,2,src/AffineValidator.v,0,True,confirmed-external
Extended old/new instruction points and flattening,Lemma,False,expand_ts1_eq_sched_index_product_ext,5042,5054,13,expand_ts1_eq_sched_index_product_ext,5047,5054,8,6,6,1,ip_old_sched_lt_implies_in_pi_old_sched_lt_pol,0,2,0,0,,6,True,internal-live
Extended old/new instruction points and flattening,Lemma,False,expand_ts2_eq_sched_index_product_ext,5056,5069,14,expand_ts2_eq_sched_index_product_ext,5061,5069,9,7,7,1,ip_new_sched_ge_implies_in_pi_new_sched_ge_pol,0,2,0,0,,0,True,internal-live
Extended old/new instruction points and flattening,Lemma,False,ip_old_sched_lt_implies_in_pi_old_sched_lt_pol,5073,5103,31,ip_old_sched_lt_implies_in_pi_old_sched_lt_pol,5089,5103,15,13,13,0,,0,0,0,1,src/AffineValidator.v,0,True,confirmed-external
Extended old/new instruction points and flattening,Lemma,False,ip_new_sched_ge_implies_in_pi_new_sched_ge_pol,5105,5135,31,ip_new_sched_ge_implies_in_pi_new_sched_ge_pol,5121,5135,15,13,13,0,,0,0,0,1,src/AffineValidator.v,0,True,confirmed-external
Extended old/new instruction points and flattening,Lemma,False,ext_permut_implies_permut_old,5137,5145,9,ext_permut_implies_permut_old,5141,5145,5,3,3,0,,0,0,0,2,src/AffineValidator.v;src/TilingRelation.v,0,True,confirmed-external
Extended old/new instruction points and flattening,Lemma,False,permut_implies_ext_permut_new,5147,5162,16,permut_implies_ext_permut_new,5155,5162,8,6,6,0,,0,0,0,2,src/AffineValidator.v;src/TilingRelation.v,0,True,confirmed-external
Extended old/new instruction points and flattening,Lemma,False,point_ext_old_new_equivalence,5164,5185,22,point_ext_old_new_equivalence,5168,5185,18,16,16,1,list_ext_old_new_equivalence,0,2,0,0,,0,True,internal-live
Extended old/new instruction points and flattening,Lemma,False,sorted_ge_implies_ext_sorted_ge,5187,5227,41,sorted_ge_implies_ext_sorted_ge,5191,5227,37,35,35,0,,0,0,0,2,src/AffineValidator.v;src/TilingRelation.v,0,True,confirmed-external
Extended old/new instruction points and flattening,Lemma,False,list_ext_old_new_equivalence,5229,5263,35,list_ext_old_new_equivalence,5234,5263,30,28,28,0,,0,0,0,2,src/AffineValidator.v;src/TilingRelation.v,0,True,confirmed-external
Lexicographic sorting and stable permutation,Lemma,False,instr_point_sched_ltb_trans,5268,5278,11,instr_point_sched_ltb_trans,5270,5278,9,7,7,1,selection_sort_instance_list_is_correct,0,1,0,0,,0,True,internal-live
Lexicographic sorting and stable permutation,Lemma,False,instr_point_ext_old_sched_ltb_trans,5280,5289,10,instr_point_ext_old_sched_ltb_trans,5282,5289,8,6,6,1,select_helper_stable_permut,0,2,0,0,,0,True,internal-live
Lexicographic sorting and stable permutation,Lemma,False,instr_point_ext_new_sched_leb_trans,5291,5333,43,instr_point_ext_new_sched_leb_trans,5293,5333,41,39,39,1,select_helper_preserve_remain_sorted,0,1,0,0,,0,True,internal-live
Lexicographic sorting and stable permutation,Lemma,False,instr_point_ext_new_sched_geb_trans,5335,5377,43,instr_point_ext_new_sched_geb_trans,5337,5377,41,39,39,1,sorted_implies_ord_all,0,1,0,0,,0,True,internal-live
Lexicographic sorting and stable permutation,Lemma,False,instr_point_sched_cmp_total,5382,5391,10,instr_point_sched_cmp_total,5384,5391,8,6,6,1,selection_sort_instance_list_is_correct,0,1,0,1,src/PrepareCodegen.v,0,True,confirmed-external
Lexicographic sorting and stable permutation,Lemma,False,instr_point_ext_old_sched_cmp_total,5393,5402,10,instr_point_ext_old_sched_cmp_total,5395,5402,8,6,6,2,select_helper_stable_permut;stable_permut_step_ext_lists_are_equivalent,0,4,0,0,,0,True,internal-live
Lexicographic sorting and stable permutation,Lemma,False,instr_point_sched_cmp_irrefl,5404,5415,12,instr_point_sched_cmp_irrefl,5406,5415,10,8,8,0,,0,0,0,0,,0,False,zero-reference
Lexicographic sorting and stable permutation,Lemma,False,instr_point_ext_old_sched_cmp_irrefl,5417,5428,12,instr_point_ext_old_sched_cmp_irrefl,5419,5428,10,8,8,2,select_helper_stable_permut;stable_permut_multi_skip,0,4,0,0,,0,True,internal-live
Lexicographic sorting and stable permutation,Lemma,False,instr_point_sched_cmp_antisymm,5430,5444,15,instr_point_sched_cmp_antisymm,5432,5444,13,11,11,0,,0,0,0,0,,0,False,zero-reference
Lexicographic sorting and stable permutation,Lemma,False,instr_point_ext_old_sched_cmp_antisymm,5446,5460,15,instr_point_ext_old_sched_cmp_antisymm,5448,5460,13,11,11,2,select_helper_stable_permut;stable_permut_multi_skip,0,4,0,0,,0,True,internal-live
Lexicographic sorting and stable permutation,Lemma,False,instr_point_sched_eqb_refl,5463,5471,9,instr_point_sched_eqb_refl,5465,5471,7,5,5,1,selection_sort_instance_list_is_correct,0,1,0,0,,0,True,internal-live
Lexicographic sorting and stable permutation,Lemma,False,instr_point_ext_old_sched_eqb_refl,5473,5481,9,instr_point_ext_old_sched_eqb_refl,5475,5481,7,5,5,1,select_helper_stable_permut,0,2,0,0,,0,True,internal-live
Lexicographic sorting and stable permutation,Lemma,False,instr_point_sched_eqb_trans,5483,5493,11,instr_point_sched_eqb_trans,5485,5493,9,7,7,1,selection_sort_instance_list_is_correct,0,1,0,0,,0,True,internal-live
Lexicographic sorting and stable permutation,Lemma,False,instr_point_ext_old_sched_eqb_trans,5495,5505,11,instr_point_ext_old_sched_eqb_trans,5497,5505,9,7,7,1,select_helper_stable_permut,0,2,0,0,,0,True,internal-live
Lexicographic sorting and stable permutation,Lemma,False,instr_point_sched_eqb_symm,5508,5536,29,instr_point_sched_eqb_symm,5510,5536,27,25,25,1,selection_sort_instance_list_is_correct,0,1,0,0,,0,True,internal-live
Lexicographic sorting and stable permutation,Lemma,False,instr_point_ext_old_sched_eqb_symm,5538,5566,29,instr_point_ext_old_sched_eqb_symm,5540,5566,27,25,25,2,select_helper_stable_permut;stable_permut_multi_skip,0,4,0,0,,0,True,internal-live
Lexicographic sorting and stable permutation,Lemma,False,instr_point_sched_eqb_ltb_implies_ltb,5568,5584,17,instr_point_sched_eqb_ltb_implies_ltb,5570,5584,15,13,13,1,selection_sort_instance_list_is_correct,0,1,0,0,,0,True,internal-live
Lexicographic sorting and stable permutation,Lemma,False,instr_point_ext_old_sched_eqb_ltb_implies_ltb,5586,5602,17,instr_point_ext_old_sched_eqb_ltb_implies_ltb,5588,5602,15,13,13,1,select_helper_stable_permut,0,2,0,0,,0,True,internal-live
Lexicographic sorting and stable permutation,Lemma,False,instr_point_sched_ltb_eqb_implies_ltb,5604,5621,18,instr_point_sched_ltb_eqb_implies_ltb,5606,5621,16,14,14,1,selection_sort_instance_list_is_correct,0,1,0,0,,0,True,internal-live
Lexicographic sorting and stable permutation,Lemma,False,instr_point_ext_old_sched_ltb_eqb_implies_ltb,5623,5640,18,instr_point_ext_old_sched_ltb_eqb_implies_ltb,5625,5640,16,14,14,1,select_helper_stable_permut,0,2,0,0,,0,True,internal-live
Lexicographic sorting and stable permutation,Lemma,False,selection_sort_instance_list_is_correct,5642,5659,18,selection_sort_instance_list_is_correct,5649,5659,11,9,9,0,,0,0,0,2,src/AffineValidator.v;src/TilingRelation.v,0,True,confirmed-external
Lexicographic sorting and stable permutation,Lemma,False,sortedb_lexorder_implies_sorted_lexorder,5661,5684,24,sortedb_lexorder_implies_sorted_lexorder,5667,5684,18,16,16,0,,0,0,0,2,src/AffineValidator.v;src/TilingRelation.v,0,True,confirmed-external
Lexicographic sorting and stable permutation,Lemma,False,ext_old_ltb_implies_ltb,5686,5696,11,ext_old_ltb_implies_ltb,5691,5696,6,4,4,1,select_helper_list_ext_implies_old_normal,0,2,0,0,,0,True,internal-live
Lexicographic sorting and stable permutation,Lemma,False,ext_old_eqb_implies_eqb,5698,5708,11,ext_old_eqb_implies_eqb,5703,5708,6,4,4,1,select_helper_list_ext_implies_old_normal,0,2,0,0,,0,True,internal-live
Lexicographic sorting and stable permutation,Lemma,False,select_helper_list_ext_implies_old_normal,5710,5749,40,select_helper_list_ext_implies_old_normal,5716,5749,34,32,32,1,select_instance_list_ext_implies_old_normal,0,1,0,0,,0,True,internal-live
Lexicographic sorting and stable permutation,Lemma,False,select_instance_list_ext_implies_old_normal,5751,5760,10,select_instance_list_ext_implies_old_normal,5756,5760,5,3,3,1,selsort_instance_list_ext_implies_old_normal,0,1,0,0,,0,True,internal-live
Lexicographic sorting and stable permutation,Lemma,False,selsort_instance_list_ext_implies_old_normal,5762,5808,47,selsort_instance_list_ext_implies_old_normal,5768,5808,41,39,39,1,selection_sort_instance_list_ext_implies_old_normal,0,1,0,0,,0,True,internal-live
Lexicographic sorting and stable permutation,Lemma,False,selection_sort_instance_list_ext_implies_old_normal,5810,5820,11,selection_sort_instance_list_ext_implies_old_normal,5814,5820,7,5,5,0,,0,0,0,2,src/AffineValidator.v;src/TilingRelation.v,0,True,confirmed-external
Lexicographic sorting and stable permutation,Definition,False,sfunc,5822,5823,2,sfunc,,,0,0,0,8,select_helper_stable_permut;select_stable_permut;selection_sort_instance_list_ext_is_stable_permut;selsort_stable_permut;stable_permut'_ext_lists_are_equivalent;stable_permut_ext_lists_are_equivalent;stable_permut_multi_skip;stable_permut_step_ext_lists_are_equivalent,0,18,0,0,,35,True,internal-live
Lexicographic sorting and stable permutation,Lemma,False,stable_permut_multi_skip,5825,6031,207,stable_permut_multi_skip,5830,6031,202,200,200,1,select_helper_stable_permut,0,1,0,0,,0,True,internal-live
Lexicographic sorting and stable permutation,Lemma,False,sorted_implies_ord_all,6033,6121,89,sorted_implies_ord_all,6037,6121,85,83,83,1,select_helper_stable_permut,0,1,0,0,,0,True,internal-live
Lexicographic sorting and stable permutation,Lemma,False,select_helper_stable_permut,6123,6365,243,select_helper_stable_permut,6132,6365,234,232,232,1,select_stable_permut,0,1,0,0,,0,True,internal-live
Lexicographic sorting and stable permutation,Lemma,False,select_stable_permut,6367,6381,15,select_stable_permut,6372,6381,10,8,8,1,selsort_stable_permut,0,1,0,0,,0,True,internal-live
Lexicographic sorting and stable permutation,Lemma,False,select_helper_preserve_remain_sorted,6385,6417,33,select_helper_preserve_remain_sorted,6392,6417,26,24,24,1,select_preserve_remain_sorted,0,1,0,0,,0,True,internal-live
Lexicographic sorting and stable permutation,Lemma,False,select_preserve_remain_sorted,6419,6428,10,select_preserve_remain_sorted,6424,6428,5,3,3,1,selsort_stable_permut,0,1,0,0,,0,True,internal-live
Lexicographic sorting and stable permutation,Lemma,False,selsort_stable_permut,6430,6474,45,selsort_stable_permut,6435,6474,40,38,38,1,selection_sort_instance_list_ext_is_stable_permut,0,1,0,0,,0,True,internal-live
Lexicographic sorting and stable permutation,Lemma,False,selection_sort_instance_list_ext_is_stable_permut,6476,6487,12,selection_sort_instance_list_ext_is_stable_permut,6481,6487,7,5,5,0,,0,0,0,2,src/AffineValidator.v;src/TilingRelation.v,0,True,confirmed-external
Lexicographic sorting and stable permutation,Notation,False,instr_point_list_sema_stable_under_state_eq,6490,6490,1,instr_point_list_sema_stable_under_state_eq,,,0,0,0,1,stable_permut_step_ext_lists_are_equivalent,1,3,0,3,src/Extractor.v,11,True,confirmed-external
Lexicographic sorting and stable permutation,Lemma,False,stable_permut_step_ext_lists_are_equivalent,6493,6660,168,stable_permut_step_ext_lists_are_equivalent,6518,6660,143,141,141,1,stable_permut'_ext_lists_are_equivalent,0,2,0,0,,0,True,internal-live
Lexicographic sorting and stable permutation,Lemma,False,stable_permut'_ext_lists_are_equivalent,6662,6754,93,stable_permut'_ext_lists_are_equivalent,6687,6754,68,66,66,1,stable_permut_ext_lists_are_equivalent,0,1,0,0,,0,True,internal-live
Lexicographic sorting and stable permutation,Lemma,False,stable_permut_ext_lists_are_equivalent,6756,6785,30,stable_permut_ext_lists_are_equivalent,6781,6785,5,3,3,0,,0,0,0,2,src/AffineValidator.v;src/TilingRelation.v,0,True,confirmed-external
PolyLex semantics,Inductive,False,poly_lex_semantics,6789,6798,10,poly_lex_semantics,,,0,0,0,10,PolyLexDone;PolyLexProgress;env_poly_lex_semantics;poly_elim_schedule_semantics_preserve;poly_lex_concat;poly_lex_concat_seq;poly_lex_semantics_ext_iff;poly_lex_semantics_extensionality;poly_lex_semantics_pis_ext_iff;poly_lex_semantics_pis_ext_single,3,19,0,4,polygen/ASTGen.v,0,True,confirmed-external
PolyLex semantics,Constructor,False,PolyLexDone,6790,6798,9,poly_lex_semantics,,,0,0,0,5,PolyLexProgress;poly_lex_concat_seq;poly_lex_semantics;poly_lex_semantics_extensionality;poly_lex_semantics_pis_ext_single,0,3,0,6,polygen/ASTGen.v,0,True,confirmed-external
PolyLex semantics,Constructor,False,PolyLexProgress,6793,6798,6,poly_lex_semantics,,,0,0,0,5,PolyLexDone;poly_lex_concat;poly_lex_semantics;poly_lex_semantics_extensionality;poly_lex_semantics_pis_ext_single,0,3,0,4,polygen/ASTGen.v,0,True,confirmed-external
PolyLex semantics,Definition,False,env_poly_lex_semantics,6801,6802,2,env_poly_lex_semantics,,,0,0,0,2,lex_semantics;poly_elim_schedule_semantics_env_preserve,0,3,0,17,polygen/ASTGen.v;polygen/CodeGen.v,0,True,confirmed-external
PolyLex semantics,Inductive,False,lex_semantics,6804,6811,8,lex_semantics,,,0,0,0,1,PLexSemaIntro,1,1,0,0,,0,False,internal-live
PolyLex semantics,Constructor,False,PLexSemaIntro,6805,6811,7,lex_semantics,,,0,0,0,1,lex_semantics,0,0,0,0,,0,False,internal-live
PolyLex semantics,Theorem,False,poly_lex_semantics_extensionality,6813,6834,22,poly_lex_semantics_extensionality,6819,6834,16,14,14,3,poly_lex_concat;poly_lex_concat_seq;poly_lex_semantics_ext_iff,0,5,0,6,polygen/ASTGen.v,0,True,confirmed-external
PolyLex semantics,Lemma,False,poly_lex_semantics_pis_ext_single,6836,6859,24,poly_lex_semantics_pis_ext_single,6846,6859,14,12,12,1,poly_lex_semantics_pis_ext_iff,0,2,0,0,,0,True,internal-live
PolyLex semantics,Lemma,False,poly_lex_semantics_pis_ext_iff,6861,6882,22,poly_lex_semantics_pis_ext_iff,6871,6882,12,10,10,0,,0,0,0,2,polygen/ASTGen.v,0,True,confirmed-external
PolyLex semantics,Lemma,False,poly_lex_semantics_ext_iff,6884,6894,11,poly_lex_semantics_ext_iff,6889,6894,6,4,4,0,,0,0,0,2,polygen/ASTGen.v,0,True,confirmed-external
PolyLex semantics,Theorem,False,poly_lex_concat,6897,6964,68,poly_lex_concat,6906,6964,59,57,57,1,poly_lex_concat_seq,0,1,0,0,,0,True,internal-live
PolyLex semantics,Theorem,False,poly_lex_concat_seq,6966,7000,35,poly_lex_concat_seq,6973,7000,28,26,26,0,,0,0,0,4,polygen/ASTGen.v,0,True,confirmed-external
Schedule elimination for code generation,Definition,False,insert_zeros,7006,7006,1,insert_zeros,,,0,0,0,4,insert_zeros_commute_after_env;insert_zeros_constraint;insert_zeros_nrl;insert_zeros_product_skipn,0,11,0,2,src/AffineValidator.v,4,True,confirmed-external
Schedule elimination for code generation,Definition,False,insert_zeros_constraint,7007,7007,1,insert_zeros_constraint,,,0,0,0,5,affine_product_skipn;current_transformation_at_pi_elim_schedule;pi_elim_schedule;pi_elim_schedule_nrl;poly_elim_schedule_semantics_env_preserve,0,6,0,4,src/AffineValidator.v;src/TilingRelation.v,2,True,confirmed-external
Schedule elimination for code generation,Fixpoint,False,make_null_poly,7010,7014,5,make_null_poly,,,0,0,0,3,make_null_poly_correct;make_null_poly_nrl;make_sched_poly,1,4,0,4,src/PrepareCodegen.v,0,True,confirmed-external
Schedule elimination for code generation,Fixpoint,False,make_sched_poly,7018,7028,11,make_sched_poly,,,0,0,0,5,make_sched_poly_correct;make_sched_poly_correct_aux;make_sched_poly_nrl;make_sched_poly_nrl_aux;pi_elim_schedule,1,6,0,0,,0,True,internal-live
Schedule elimination for code generation,Theorem,False,make_null_poly_correct,7030,7045,16,make_null_poly_correct,7032,7045,14,12,12,1,make_sched_poly_correct_aux,0,1,0,2,src/PrepareCodegen.v,0,True,confirmed-external
Schedule elimination for code generation,Theorem,False,make_sched_poly_correct_aux,7047,7073,27,make_sched_poly_correct_aux,7051,7073,23,21,21,1,make_sched_poly_correct,0,1,0,0,,0,True,internal-live
Schedule elimination for code generation,Theorem,False,make_sched_poly_correct,7075,7081,7,make_sched_poly_correct,7079,7081,3,1,1,1,poly_elim_schedule_semantics_env_preserve,0,1,0,0,,0,True,internal-live
Schedule elimination for code generation,Theorem,False,make_null_poly_nrl,7083,7094,12,make_null_poly_nrl,7085,7094,10,8,8,1,make_sched_poly_nrl_aux,0,1,0,0,,0,True,internal-live
Schedule elimination for code generation,Theorem,False,make_sched_poly_nrl_aux,7096,7110,15,make_sched_poly_nrl_aux,7098,7110,13,11,11,1,make_sched_poly_nrl,0,1,0,0,,0,True,internal-live
Schedule elimination for code generation,Theorem,False,make_sched_poly_nrl,7112,7116,5,make_sched_poly_nrl,7114,7116,3,1,1,1,pi_elim_schedule_nrl,0,1,0,0,,0,True,internal-live
Schedule elimination for code generation,Lemma,False,insert_zeros_nrl,7118,7138,21,insert_zeros_nrl,7120,7138,19,17,17,1,pi_elim_schedule_nrl,0,1,0,0,,0,True,internal-live
Schedule elimination for code generation,Definition,False,pi_elim_schedule,7140,7152,13,pi_elim_schedule,,,0,0,0,9,current_env_dim_in_dim_pi_elim_schedule;current_src_args_at_pi_elim_schedule;current_src_args_at_pi_elim_schedule_resize;current_src_args_in_dim_pi_elim_schedule_resize;current_src_args_of_pi_elim_schedule;current_transformation_at_pi_elim_schedule;elim_schedule;pi_elim_schedule_nrl;poly_elim_schedule_semantics_env_preserve,0,13,0,0,,0,True,internal-live
Schedule elimination for code generation,Lemma,False,pi_elim_schedule_nrl,7154,7167,14,pi_elim_schedule_nrl,7158,7167,10,8,8,0,,0,0,0,1,polygen/CodeGen.v,0,True,confirmed-external
Schedule elimination for code generation,Definition,False,elim_schedule,7170,7170,1,elim_schedule,,,0,0,0,3,elim_schedule_prog;poly_elim_schedule_semantics_env_preserve;poly_elim_schedule_semantics_preserve,0,7,0,3,polygen/CodeGen.v,0,True,confirmed-external
Schedule elimination for code generation,Lemma,False,split3_eq,7173,7181,9,split3_eq,7175,7181,7,5,5,1,poly_elim_schedule_semantics_preserve,0,3,0,0,,0,True,internal-live
Schedule elimination for code generation,Lemma,False,insert_zeros_product_skipn,7183,7193,11,insert_zeros_product_skipn,7187,7193,7,5,5,2,affine_product_skipn;poly_elim_schedule_semantics_env_preserve,0,2,0,1,src/TilingRelation.v,0,True,confirmed-external
Schedule elimination for code generation,Lemma,False,affine_product_skipn,7195,7202,8,affine_product_skipn,7197,7202,6,4,4,2,current_src_args_at_pi_elim_schedule;current_src_args_at_pi_elim_schedule_resize,0,2,0,1,src/TilingRelation.v,12,True,confirmed-external
Schedule elimination for code generation,Lemma,False,insert_zeros_commute_after_env,7204,7262,59,insert_zeros_commute_after_env,7208,7262,55,53,53,0,,0,0,0,0,,0,False,zero-reference
Schedule elimination for code generation,Lemma,False,current_transformation_at_pi_elim_schedule,7264,7273,10,current_transformation_at_pi_elim_schedule,7268,7273,6,4,4,2,current_src_args_at_pi_elim_schedule;current_src_args_at_pi_elim_schedule_resize,0,2,0,0,,0,True,internal-live
Schedule elimination for code generation,Lemma,False,current_src_args_at_pi_elim_schedule,7275,7307,33,current_src_args_at_pi_elim_schedule,7281,7307,27,25,25,1,current_src_args_of_pi_elim_schedule,0,1,0,0,,0,False,internal-live
Schedule elimination for code generation,Lemma,False,current_env_dim_of_pi_elim_schedule_drop,7309,7343,35,current_env_dim_of_pi_elim_schedule_drop,7316,7343,28,26,26,1,current_src_args_of_pi_elim_schedule,0,1,0,0,,0,False,internal-live
Schedule elimination for code generation,Lemma,False,current_src_args_of_pi_elim_schedule,7345,7368,24,current_src_args_of_pi_elim_schedule,7354,7368,15,13,13,0,,0,0,0,0,,0,False,zero-reference
Schedule elimination for code generation,Lemma,False,current_src_args_at_pi_elim_schedule_resize,7370,7380,11,current_src_args_at_pi_elim_schedule_resize,7375,7380,6,4,4,1,current_src_args_in_dim_pi_elim_schedule_resize,0,1,0,0,,0,True,internal-live
Schedule elimination for code generation,Lemma,False,current_env_dim_in_dim_pi_elim_schedule,7382,7393,12,current_env_dim_in_dim_pi_elim_schedule,7386,7393,8,6,6,1,current_src_args_in_dim_pi_elim_schedule_resize,0,1,0,0,,0,True,internal-live
Schedule elimination for code generation,Lemma,False,current_src_args_in_dim_pi_elim_schedule_resize,7395,7406,12,current_src_args_in_dim_pi_elim_schedule_resize,7401,7406,6,4,4,1,poly_elim_schedule_semantics_preserve,0,1,0,0,,0,True,internal-live
Schedule elimination for code generation,Theorem,False,poly_elim_schedule_semantics_preserve,7408,7529,122,poly_elim_schedule_semantics_preserve,7423,7529,107,105,105,1,poly_elim_schedule_semantics_env_preserve,0,1,0,0,,0,True,internal-live
Schedule elimination for code generation,Theorem,False,poly_elim_schedule_semantics_env_preserve,7531,7617,87,poly_elim_schedule_semantics_env_preserve,7540,7617,78,76,76,0,,0,0,0,1,polygen/CodeGen.v,0,True,confirmed-external
Schedule elimination for code generation,Definition,False,elim_schedule_prog,7619,7622,4,elim_schedule_prog,,,0,0,0,0,,0,0,0,0,,0,False,zero-reference
