name,kind,local,start,end,total_lines,proof_start,proof_end,proof_lines,internal_callers_count,internal_callers,deps_count,deps,external_qualified_count,external_qualified_uses,public_root,public_closure,tactics
lift_constraint_after_env,Definition,False,35,37,3,,,0,6,lift_affine_function_after_env;lifted_base_domain_after_env;lift_constraint_after_env_satisfies;lifted_base_domain_after_env_in_poly;tiling_rel_pinstr_structure_source_domain_lifted;tiling_rel_pinstr_structure_source_domain_complete,0,,4,src/TilingBandMixedSecondValidator.v:228;src/TilingBandScheduleValidator.v:4023;src/TilingBandScheduleValidator.v:4027;src/TilingBandPhaseScalarValidator.v:554,True,True,"{""apply"": 0, ""assert"": 0, ""destruct"": 0, ""eapply"": 0, ""inversion"": 0, ""lia"": 0, ""nia"": 0, ""pose proof"": 0, ""repeat"": 0, ""rewrite"": 0, ""specialize"": 0, ""subst"": 0, ""unfold"": 0}"
lift_affine_function_after_env,Definition,False,39,41,3,,,0,4,pad_transformation_after_env;lift_access_after_env;lift_schedule_after_env;lift_affine_function_after_env_eval,1,lift_constraint_after_env,8,src/TilingBandMixedSecondValidator.v:226;src/TilingBandScheduleValidator.v:4019;src/TilingBandScheduleValidator.v:4164;src/TilingBandScheduleValidator.v:4422;src/TilingBandScheduleValidator.v:12754;src/TilingBandScheduleValidator.v:18503;src/TilingBandScheduleValidator.v:20589;src/TilingBandPhaseScalarValidator.v:552,True,True,"{""apply"": 0, ""assert"": 0, ""destruct"": 0, ""eapply"": 0, ""inversion"": 0, ""lia"": 0, ""nia"": 0, ""pose proof"": 0, ""repeat"": 0, ""rewrite"": 0, ""specialize"": 0, ""subst"": 0, ""unfold"": 0}"
identity_affine_row,Definition,False,43,45,3,,,0,1,identity_affine_rows_from,0,,7,src/TilingBandScheduleValidator.v:3410;src/TilingBandScheduleValidator.v:4759;src/TilingBandScheduleValidator.v:4763;src/TilingBandScheduleValidator.v:4807;src/TilingBandScheduleValidator.v:4810;src/TilingBandScheduleValidator.v:5024;src/TilingBandScheduleValidator.v:5027,True,True,"{""apply"": 0, ""assert"": 0, ""destruct"": 0, ""eapply"": 0, ""inversion"": 0, ""lia"": 0, ""nia"": 0, ""pose proof"": 0, ""repeat"": 2, ""rewrite"": 0, ""specialize"": 0, ""subst"": 0, ""unfold"": 0}"
identity_affine_rows_from,Fixpoint,False,47,54,8,,,0,2,identity_affine_rows_from;pad_transformation_after_env,2,identity_affine_row;identity_affine_rows_from,15,src/TilingBandScheduleValidator.v:243;src/TilingBandScheduleValidator.v:3453;src/TilingBandScheduleValidator.v:4397;src/TilingBandScheduleValidator.v:5015;src/TilingBandScheduleValidator.v:5022;src/TilingBandScheduleValidator.v:5025;src/TilingBandScheduleValidator.v:5028;src/TilingBandScheduleValidator.v:15249;src/TilingBandScheduleValidator.v:15277;src/TilingBandScheduleValidator.v:21204;src/TilingBandScheduleValidator.v:21549;src/TilingBandScheduleValidator.v:21574;src/TilingBandScheduleValidator.v:21638;src/TilingBandScheduleValidator.v:24277;src/TilingBandPhaseScalarValidator.v:626,True,True,"{""apply"": 0, ""assert"": 0, ""destruct"": 0, ""eapply"": 0, ""inversion"": 0, ""lia"": 0, ""nia"": 0, ""pose proof"": 0, ""repeat"": 0, ""rewrite"": 0, ""specialize"": 0, ""subst"": 0, ""unfold"": 0}"
pad_transformation_after_env,Definition,False,56,66,11,,,0,1,tiling_rel_pinstr_structure,2,lift_affine_function_after_env;identity_affine_rows_from,2,src/TilingBoolChecker.v:180;src/TilingBoolChecker.v:184,True,True,"{""apply"": 0, ""assert"": 0, ""destruct"": 0, ""eapply"": 0, ""inversion"": 0, ""lia"": 0, ""nia"": 0, ""pose proof"": 0, ""repeat"": 0, ""rewrite"": 0, ""specialize"": 0, ""subst"": 0, ""unfold"": 0}"
lift_access_after_env,Definition,False,68,71,4,,,0,2,lifted_accesses_after_env;lift_access_after_env_exact_cell,1,lift_affine_function_after_env,0,,False,True,"{""apply"": 0, ""assert"": 0, ""destruct"": 0, ""eapply"": 0, ""inversion"": 0, ""lia"": 0, ""nia"": 0, ""pose proof"": 0, ""repeat"": 0, ""rewrite"": 0, ""specialize"": 0, ""subst"": 0, ""unfold"": 0}"
lift_schedule_after_env,Definition,False,73,75,3,,,0,8,compose_tiling_pinstr_ext;retiled_old_pinstr;compose_tiling_instr_point_ext;tiling_rel_pinstr_structure_compiled_old_schedule_lifted;tiling_rel_pprog_structure_source_old_point_belongs_to_nth;tiling_rel_pprog_structure_source_before_point_has_retiled_old_preimage_nth;retiled_old_of_after_point;compose_tiling_instr_point_ext_from_after,1,lift_affine_function_after_env,77,src/TilingValidator.v:896;src/TilingBandMixedSecondValidator.v:217;src/TilingBandMixedSecondValidator.v:225;src/TilingBandMixedSecondValidator.v:247;src/TilingBandMixedSecondValidator.v:532;src/TilingBandMixedSecondValidator.v:537;src/TilingBandMixedSecondValidator.v:591;src/TilingBandMixedSecondValidator.v:784;src/TilingBandMixedSecondValidator.v:792;src/TilingBandMixedSecondValidator.v:1174;src/TilingBandMixedSecondValidator.v:1183;src/TilingBandMixedSecondValidator.v:1549;src/TilingBandMixedSecondValidator.v:1701;src/TilingBandMixedSecondValidator.v:1709;src/TilingBandMixedSecondValidator.v:1995;src/TilingBandMixedSecondValidator.v:2003;src/TilingBandMixedSecondValidator.v:2089;src/TilingBandMixedSecondValidator.v:2101;src/TilingBandMixedSecondValidator.v:2474;src/TilingBandMixedSecondValidator.v:2483;src/TilingBandScheduleValidator.v:233;src/TilingBandScheduleValidator.v:3420;src/TilingBandScheduleValidator.v:3443;src/TilingBandScheduleValidator.v:4016;src/TilingBandScheduleValidator.v:4019;src/TilingBandScheduleValidator.v:4161;src/TilingBandScheduleValidator.v:4164;src/TilingBandScheduleValidator.v:4415;src/TilingBandScheduleValidator.v:4422;src/TilingBandScheduleValidator.v:5086;src/TilingBandScheduleValidator.v:5112;src/TilingBandScheduleValidator.v:5177;src/TilingBandScheduleValidator.v:5202;src/TilingBandScheduleValidator.v:5258;src/TilingBandScheduleValidator.v:5283;src/TilingBandScheduleValidator.v:11488;src/TilingBandScheduleValidator.v:11500;src/TilingBandScheduleValidator.v:12309;src/TilingBandScheduleValidator.v:12318;src/TilingBandScheduleValidator.v:12750;src/TilingBandScheduleValidator.v:12753;src/TilingBandScheduleValidator.v:15236;src/TilingBandScheduleValidator.v:15251;src/TilingBandScheduleValidator.v:15267;src/TilingBandScheduleValidator.v:15280;src/TilingBandScheduleValidator.v:17453;src/TilingBandScheduleValidator.v:17975;src/TilingBandScheduleValidator.v:17989;src/TilingBandScheduleValidator.v:18502;src/TilingBandScheduleValidator.v:19800;src/TilingBandScheduleValidator.v:19814;src/TilingBandScheduleValidator.v:20588;src/TilingBandScheduleValidator.v:21189;src/TilingBandScheduleValidator.v:21528;src/TilingBandScheduleValidator.v:21589;src/TilingBandScheduleValidator.v:23401;src/TilingBandScheduleValidator.v:23415;src/TilingBandScheduleValidator.v:24270;src/TilingBandScheduleValidator.v:26924;src/TilingBandScheduleValidator.v:26938;src/TilingBandScheduleValidator.v:27873;src/TilingBandScheduleValidator.v:27887;src/TilingBandPhaseScalarValidator.v:117;src/TilingBandPhaseScalarValidator.v:161;src/TilingBandPhaseScalarValidator.v:359;src/TilingBandPhaseScalarValidator.v:543;src/TilingBandPhaseScalarValidator.v:551;src/TilingBandPhaseScalarValidator.v:573;src/TilingBandPhaseScalarValidator.v:592;src/TilingBandPhaseScalarValidator.v:602;src/TilingBandPhaseScalarValidator.v:672;src/TilingBandPhaseScalarValidator.v:703;src/TilingBandPhaseScalarValidator.v:722;src/TilingBandPhaseScalarValidator.v:1363;src/TilingBandPhaseScalarValidator.v:1372;src/TilingCanonicalScheduleValidator.v:32;src/TilingCanonicalScheduleValidator.v:62,True,True,"{""apply"": 0, ""assert"": 0, ""destruct"": 0, ""eapply"": 0, ""inversion"": 0, ""lia"": 0, ""nia"": 0, ""pose proof"": 0, ""repeat"": 0, ""rewrite"": 0, ""specialize"": 0, ""subst"": 0, ""unfold"": 0}"
pinstr_tiling_witness,Record,False,77,81,5,,,0,15,wf_pinstr_tiling_witness;eval_pinstr_tiling_index_with_env;lifted_base_domain_after_env;lifted_accesses_after_env;tiling_rel_pinstr_structure;tiling_rel_pinstr_structure_source;source_view_of_tiled_pinstr;source_view_of_tiled_pinstrs;tiling_rel_pinstr_list;tiling_rel_pinstr_list_source;tiling_rel_pprog_structure;tiling_rel_pprog_structure_source;witness_matches_compiled_link_domain;compiled_pinstr_tiling_witness;before_ipl_from_retiled_old_backward_source,0,,0,,False,True,"{""apply"": 0, ""assert"": 0, ""destruct"": 0, ""eapply"": 0, ""inversion"": 0, ""lia"": 0, ""nia"": 0, ""pose proof"": 0, ""repeat"": 0, ""rewrite"": 0, ""specialize"": 0, ""subst"": 0, ""unfold"": 0}"
wf_pinstr_tiling_witness,Definition,False,83,84,2,,,0,12,wf_compiled_pinstr_tiling_witness;tiling_rel_pinstr_structure_domain_lifted_compiled;tiling_rel_pinstr_structure_source_domain_complete;tiling_rel_pinstr_structure_source_transformation_lifted;tiling_rel_pinstr_structure_source_instr_semantics_lifted_iff;tiling_rel_pinstr_structure_waccess_lifted;tiling_rel_pinstr_structure_raccess_lifted;tiling_rel_pinstr_structure_source_before_of_retiled_old_point_injective;tiling_rel_pinstr_structure_source_before_of_retiled_old_sched_le_iff;HdRel_before_of_retiled_old_preserved_source;before_of_retiled_old_sorted_sched_preserved_source;tiling_rel_pinstr_structure_source_before_of_retiled_old_time_stamp,1,pinstr_tiling_witness,0,,False,True,"{""apply"": 0, ""assert"": 0, ""destruct"": 0, ""eapply"": 0, ""inversion"": 0, ""lia"": 0, ""nia"": 0, ""pose proof"": 0, ""repeat"": 0, ""rewrite"": 0, ""specialize"": 0, ""subst"": 0, ""unfold"": 0}"
wf_statement_tiling_witness_with_param_dim,Definition,False,86,92,7,,,0,39,compile_link_domain_after_env_sound;compile_link_domain_after_env_complete;tiling_rel_pinstr_structure_domain_lifted_compiled;tiling_rel_pinstr_structure_compiled_domain_lifted;tiling_rel_pinstr_structure_source_domain_lifted;tiling_rel_pinstr_structure_compiled_domain_complete;tiling_rel_pinstr_structure_source_domain_complete;tiling_rel_pinstr_structure_compiled_index_complete;tiling_rel_pinstr_structure_compiled_domain_iff;tiling_rel_pprog_structure_compiled_domain_iff_nth;tiling_rel_pprog_structure_compiled_belongs_to_ext_nth;tiling_rel_pprog_structure_compiled_before_of_retiled_old_point_belongs_to_nth;tiling_rel_pprog_structure_source_before_of_retiled_old_point_belongs_to_nth;tiling_rel_pinstr_structure_source_before_of_retiled_old_point_injective;before_ipl_from_retiled_old_forward_source;before_ipl_from_retiled_old_forward;tiling_rel_pinstr_structure_compiled_before_of_retiled_old_point_injective;before_ipl_from_retiled_old_nodup;tiling_rel_pprog_structure_source_before_of_retiled_old_instr_semantics_iff_nth;tiling_rel_pprog_structure_compiled_old_point_belongs_to_nth;tiling_rel_pprog_structure_compiled_before_point_has_retiled_old_preimage_nth;before_ipl_from_retiled_old_backward;tiling_rel_pprog_structure_source_old_point_belongs_to_nth;tiling_rel_pprog_structure_source_before_point_has_retiled_old_preimage_nth;before_ipl_from_retiled_old_backward_source;flatten_instr_nth_retiled_old_implies_before_flatten_instr_nth_exists;flatten_instr_nth_retiled_old_implies_before_flatten_instr_nth_exists_perm;tiling_rel_pprog_structure_compiled_new_point_belongs_to_nth;flatten_instrs_retiled_old_implies_before_exists_perm;flatten_instrs_retiled_old_member_nth_data;before_ipl_from_retiled_old_nodup_source;flatten_instr_nth_retiled_old_implies_before_flatten_instr_nth_exists_source;flatten_instr_nth_retiled_old_implies_before_flatten_instr_nth_exists_perm_source;flatten_instrs_retiled_old_member_nth_data_source;flatten_instrs_retiled_old_member_instr_semantics_iff_source;flatten_instrs_retiled_old_member_time_stamp_preserved_source;flatten_instrs_retiled_old_implies_before_exists_perm_source;tiling_retiled_old_to_before_poly_correct_with_env_len_source;tiling_retiled_old_to_before_instance_correct_source,0,,45,src/TilingValidator.v:955;src/TilingBoolChecker.v:143;src/TilingBoolChecker.v:147;src/TilingBoolChecker.v:233;src/TilingBoolChecker.v:277;src/TilingBoolChecker.v:346;src/TilingBoolChecker.v:380;src/TilingBoolChecker.v:436;src/TilingBoolChecker.v:481;src/TilingBandMixedSecondValidator.v:632;src/TilingBandMixedSecondValidator.v:664;src/TilingBandMixedSecondValidator.v:925;src/TilingBandMixedSecondValidator.v:967;src/TilingBandMixedSecondValidator.v:1577;src/TilingBandMixedSecondValidator.v:1609;src/TilingBandMixedSecondValidator.v:1850;src/TilingBandMixedSecondValidator.v:1885;src/TilingBandMixedSecondValidator.v:2165;src/TilingBandMixedSecondValidator.v:2238;src/TilingBandMixedSecondValidator.v:2280;src/TilingBandScheduleValidator.v:8695;src/TilingBandScheduleValidator.v:8712;src/TilingBandScheduleValidator.v:8878;src/TilingBandScheduleValidator.v:10739;src/TilingBandScheduleValidator.v:10808;src/TilingBandScheduleValidator.v:11071;src/TilingBandScheduleValidator.v:11143;src/TilingBandScheduleValidator.v:11187;src/TilingBandScheduleValidator.v:11928;src/TilingBandScheduleValidator.v:12019;src/TilingBandScheduleValidator.v:12054;src/TilingBandScheduleValidator.v:12657;src/TilingBandScheduleValidator.v:12709;src/TilingBandScheduleValidator.v:12808;src/TilingBandScheduleValidator.v:12972;src/TilingBandScheduleValidator.v:13337;src/TilingBandScheduleValidator.v:15695;src/TilingBandScheduleValidator.v:17551;src/TilingBandScheduleValidator.v:19115;src/TilingBandScheduleValidator.v:19180;src/TilingBandScheduleValidator.v:19327;src/TilingBandScheduleValidator.v:23153;src/TilingBandScheduleValidator.v:26464;src/TilingBandScheduleValidator.v:27391;src/TilingBandPhaseScalarValidator.v:1266,True,True,"{""apply"": 0, ""assert"": 0, ""destruct"": 0, ""eapply"": 0, ""inversion"": 0, ""lia"": 0, ""nia"": 0, ""pose proof"": 0, ""repeat"": 0, ""rewrite"": 0, ""specialize"": 0, ""subst"": 0, ""unfold"": 0}"
app_singleton_cons,Lemma,False,94,103,10,97,103,7,1,compile_link_domain_after_env_from_complete,0,,0,,False,True,"{""apply"": 0, ""assert"": 0, ""destruct"": 0, ""eapply"": 0, ""inversion"": 0, ""lia"": 0, ""nia"": 0, ""pose proof"": 0, ""repeat"": 0, ""rewrite"": 0, ""specialize"": 0, ""subst"": 0, ""unfold"": 0}"
NoDup_map_on,Lemma,False,105,137,33,114,137,24,2,before_ipl_from_retiled_old_nodup;before_ipl_from_retiled_old_nodup_source,0,,7,src/TilingBandScheduleValidator.v:2033;src/TilingBandScheduleValidator.v:2103;src/TilingBandScheduleValidator.v:2223;src/TilingBandScheduleValidator.v:2309;src/TilingBandScheduleValidator.v:2402;src/TilingBandScheduleValidator.v:2571;src/TilingBandScheduleValidator.v:2663,True,True,"{""apply"": 1, ""assert"": 1, ""destruct"": 1, ""eapply"": 3, ""inversion"": 0, ""lia"": 0, ""nia"": 0, ""pose proof"": 0, ""repeat"": 0, ""rewrite"": 0, ""specialize"": 0, ""subst"": 0, ""unfold"": 0}"
Forall_nth_error,Lemma,False,139,149,11,144,149,6,3,flatten_instrs_retiled_old_member_nth_data;flatten_instrs_retiled_old_member_nth_data_source;flatten_instrs_retiled_old_member_instr_semantics_iff_source,0,,56,src/TilingBandMixedSecondValidator.v:1048;src/TilingBandMixedSecondValidator.v:2355;src/TilingBandScheduleValidator.v:3387;src/TilingBandScheduleValidator.v:3390;src/TilingBandScheduleValidator.v:5749;src/TilingBandScheduleValidator.v:5753;src/TilingBandScheduleValidator.v:6360;src/TilingBandScheduleValidator.v:6366;src/TilingBandScheduleValidator.v:6372;src/TilingBandScheduleValidator.v:6377;src/TilingBandScheduleValidator.v:8793;src/TilingBandScheduleValidator.v:8796;src/TilingBandScheduleValidator.v:10624;src/TilingBandScheduleValidator.v:10638;src/TilingBandScheduleValidator.v:11299;src/TilingBandScheduleValidator.v:11305;src/TilingBandScheduleValidator.v:12189;src/TilingBandScheduleValidator.v:12193;src/TilingBandScheduleValidator.v:13804;src/TilingBandScheduleValidator.v:13809;src/TilingBandScheduleValidator.v:13819;src/TilingBandScheduleValidator.v:13835;src/TilingBandScheduleValidator.v:14339;src/TilingBandScheduleValidator.v:14341;src/TilingBandScheduleValidator.v:14349;src/TilingBandScheduleValidator.v:14365;src/TilingBandScheduleValidator.v:15032;src/TilingBandScheduleValidator.v:15034;src/TilingBandScheduleValidator.v:15070;src/TilingBandScheduleValidator.v:15086;src/TilingBandScheduleValidator.v:15983;src/TilingBandScheduleValidator.v:15987;src/TilingBandScheduleValidator.v:15991;src/TilingBandScheduleValidator.v:15995;src/TilingBandScheduleValidator.v:17716;src/TilingBandScheduleValidator.v:17722;src/TilingBandScheduleValidator.v:19533;src/TilingBandScheduleValidator.v:19541;src/TilingBandScheduleValidator.v:19549;src/TilingBandScheduleValidator.v:19557;src/TilingBandScheduleValidator.v:22444;src/TilingBandScheduleValidator.v:22448;src/TilingBandScheduleValidator.v:22457;src/TilingBandScheduleValidator.v:22473;src/TilingBandScheduleValidator.v:23497;src/TilingBandScheduleValidator.v:23500;src/TilingBandScheduleValidator.v:26637;src/TilingBandScheduleValidator.v:26642;src/TilingBandScheduleValidator.v:27602;src/TilingBandScheduleValidator.v:27608;src/TilingBandScheduleValidator.v:27614;src/TilingBandScheduleValidator.v:27620;src/TilingBandPhaseScalarValidator.v:1126;src/TilingBandPhaseScalarValidator.v:1135;src/TilingBandPhaseScalarValidator.v:1148;src/TilingBandPhaseScalarValidator.v:1165,True,True,"{""apply"": 0, ""assert"": 0, ""destruct"": 0, ""eapply"": 2, ""inversion"": 0, ""lia"": 0, ""nia"": 0, ""pose proof"": 0, ""repeat"": 0, ""rewrite"": 0, ""specialize"": 0, ""subst"": 0, ""unfold"": 0}"
Forall2_nth_error,Lemma,False,151,167,17,157,167,11,2,flatten_instrs_retiled_old_member_nth_data;flatten_instrs_retiled_old_member_nth_data_source,0,,7,src/TilingBandScheduleValidator.v:6382;src/TilingBandScheduleValidator.v:6394;src/TilingBandScheduleValidator.v:8799;src/TilingBandScheduleValidator.v:15040;src/TilingBandScheduleValidator.v:15054;src/TilingBandScheduleValidator.v:15999;src/TilingBandScheduleValidator.v:16008,True,True,"{""apply"": 0, ""assert"": 0, ""destruct"": 2, ""eapply"": 1, ""inversion"": 3, ""lia"": 0, ""nia"": 0, ""pose proof"": 0, ""repeat"": 0, ""rewrite"": 0, ""specialize"": 0, ""subst"": 1, ""unfold"": 0}"
nth_error_map_some,Lemma,False,169,180,12,173,180,8,7,tiling_rel_pprog_structure_source_before_of_retiled_old_point_belongs_to_nth;before_ipl_from_retiled_old_forward_source;tiling_rel_pprog_structure_source_before_of_retiled_old_instr_semantics_iff_nth;tiling_rel_pprog_structure_source_old_point_belongs_to_nth;before_ipl_from_retiled_old_backward_source;before_ipl_from_retiled_old_nodup_source;flatten_instrs_retiled_old_member_time_stamp_preserved_source,0,,46,src/TilingBandMixedSecondValidator.v:1040;src/TilingBandMixedSecondValidator.v:2347;src/TilingBandScheduleValidator.v:6352;src/TilingBandScheduleValidator.v:6356;src/TilingBandScheduleValidator.v:11282;src/TilingBandScheduleValidator.v:11294;src/TilingBandScheduleValidator.v:12166;src/TilingBandScheduleValidator.v:12177;src/TilingBandScheduleValidator.v:16907;src/TilingBandScheduleValidator.v:16957;src/TilingBandScheduleValidator.v:16968;src/TilingBandScheduleValidator.v:17665;src/TilingBandScheduleValidator.v:17679;src/TilingBandScheduleValidator.v:17693;src/TilingBandScheduleValidator.v:17707;src/TilingBandScheduleValidator.v:17824;src/TilingBandScheduleValidator.v:17837;src/TilingBandScheduleValidator.v:19479;src/TilingBandScheduleValidator.v:19489;src/TilingBandScheduleValidator.v:19499;src/TilingBandScheduleValidator.v:19509;src/TilingBandScheduleValidator.v:19519;src/TilingBandScheduleValidator.v:19529;src/TilingBandScheduleValidator.v:19653;src/TilingBandScheduleValidator.v:19666;src/TilingBandScheduleValidator.v:23266;src/TilingBandScheduleValidator.v:23279;src/TilingBandScheduleValidator.v:26047;src/TilingBandScheduleValidator.v:26052;src/TilingBandScheduleValidator.v:26105;src/TilingBandScheduleValidator.v:26586;src/TilingBandScheduleValidator.v:26600;src/TilingBandScheduleValidator.v:26614;src/TilingBandScheduleValidator.v:26628;src/TilingBandScheduleValidator.v:26773;src/TilingBandScheduleValidator.v:26786;src/TilingBandScheduleValidator.v:27548;src/TilingBandScheduleValidator.v:27558;src/TilingBandScheduleValidator.v:27568;src/TilingBandScheduleValidator.v:27578;src/TilingBandScheduleValidator.v:27588;src/TilingBandScheduleValidator.v:27598;src/TilingBandScheduleValidator.v:27734;src/TilingBandScheduleValidator.v:27747;src/ISSCutSemantics.v:345;src/ISSCutSemantics.v:350,True,True,"{""apply"": 0, ""assert"": 0, ""destruct"": 2, ""eapply"": 1, ""inversion"": 2, ""lia"": 0, ""nia"": 0, ""pose proof"": 0, ""repeat"": 0, ""rewrite"": 0, ""specialize"": 0, ""subst"": 0, ""unfold"": 0}"
eval_pinstr_tiling_index_with_env,Definition,False,182,184,3,,,0,23,compose_tiling_instr_point_ext;tiling_rel_pinstr_structure_domain_lifted_compiled;tiling_rel_pinstr_structure_compiled_domain_lifted;tiling_rel_pinstr_structure_source_domain_lifted;tiling_rel_pinstr_structure_compiled_index_complete;tiling_rel_pinstr_structure_compiled_domain_iff;tiling_rel_pinstr_structure_source_transformation_lifted;tiling_rel_pinstr_structure_source_instr_semantics_lifted_iff;tiling_rel_pinstr_structure_waccess_lifted;tiling_rel_pinstr_structure_raccess_lifted;tiling_rel_pinstr_structure_compiled_waccess_lifted;tiling_rel_pinstr_structure_compiled_raccess_lifted;tiling_rel_pprog_structure_compiled_waccess_lifted_nth;tiling_rel_pprog_structure_compiled_raccess_lifted_nth;tiling_rel_pinstr_structure_compiled_old_schedule_lifted;before_of_retiled_old_point_old_of_compose_tiling_instr_point_ext;tiling_rel_pprog_structure_source_before_of_retiled_old_instr_semantics_iff_nth;tiling_rel_pprog_structure_compiled_old_point_belongs_to_nth;before_ipl_from_retiled_old_backward;tiling_rel_pprog_structure_source_old_point_belongs_to_nth;tiling_rel_pprog_structure_source_before_point_has_retiled_old_preimage_nth;before_ipl_from_retiled_old_backward_source;tiling_rel_pprog_structure_compiled_new_point_belongs_to_nth,1,pinstr_tiling_witness,0,,False,True,"{""apply"": 0, ""assert"": 0, ""destruct"": 0, ""eapply"": 0, ""inversion"": 0, ""lia"": 0, ""nia"": 0, ""pose proof"": 0, ""repeat"": 0, ""rewrite"": 0, ""specialize"": 0, ""subst"": 0, ""unfold"": 0}"
compile_ge_affine_row_to_constraint,Definition,False,186,187,2,,,0,4,lower_link_constraint_after_env;upper_link_constraint_after_env;compile_ge_affine_row_to_constraint_sound;compile_ge_affine_row_to_constraint_complete,0,,0,,False,True,"{""apply"": 0, ""assert"": 0, ""destruct"": 0, ""eapply"": 0, ""inversion"": 0, ""lia"": 0, ""nia"": 0, ""pose proof"": 0, ""repeat"": 0, ""rewrite"": 0, ""specialize"": 0, ""subst"": 0, ""unfold"": 0}"
lower_link_affine_row_after_env,Definition,False,189,199,11,,,0,3,lower_link_constraint_after_env;eval_lower_link_affine_row_after_env;lower_link_affine_row_after_env_sound,0,,0,,False,True,"{""apply"": 0, ""assert"": 0, ""destruct"": 0, ""eapply"": 0, ""inversion"": 0, ""lia"": 0, ""nia"": 0, ""pose proof"": 0, ""repeat"": 1, ""rewrite"": 0, ""specialize"": 0, ""subst"": 0, ""unfold"": 0}"
upper_link_affine_row_after_env,Definition,False,201,211,11,,,0,3,upper_link_constraint_after_env;eval_upper_link_affine_row_after_env;upper_link_affine_row_after_env_sound,0,,0,,False,True,"{""apply"": 0, ""assert"": 0, ""destruct"": 0, ""eapply"": 0, ""inversion"": 0, ""lia"": 0, ""nia"": 0, ""pose proof"": 0, ""repeat"": 1, ""rewrite"": 0, ""specialize"": 0, ""subst"": 0, ""unfold"": 0}"
lower_link_constraint_after_env,Definition,False,213,216,4,,,0,4,compile_link_domain_after_env_from;lower_link_constraint_after_env_sound;lower_link_constraint_after_env_complete;compile_link_domain_after_env_from_sound,2,compile_ge_affine_row_to_constraint;lower_link_affine_row_after_env,0,,False,True,"{""apply"": 0, ""assert"": 0, ""destruct"": 0, ""eapply"": 0, ""inversion"": 0, ""lia"": 0, ""nia"": 0, ""pose proof"": 0, ""repeat"": 0, ""rewrite"": 0, ""specialize"": 0, ""subst"": 0, ""unfold"": 0}"
upper_link_constraint_after_env,Definition,False,218,221,4,,,0,4,compile_link_domain_after_env_from;upper_link_constraint_after_env_sound;upper_link_constraint_after_env_complete;compile_link_domain_after_env_from_sound,2,compile_ge_affine_row_to_constraint;upper_link_affine_row_after_env,0,,False,True,"{""apply"": 0, ""assert"": 0, ""destruct"": 0, ""eapply"": 0, ""inversion"": 0, ""lia"": 0, ""nia"": 0, ""pose proof"": 0, ""repeat"": 0, ""rewrite"": 0, ""specialize"": 0, ""subst"": 0, ""unfold"": 0}"
compile_link_domain_after_env_from,Fixpoint,False,223,231,9,,,0,4,compile_link_domain_after_env_from;compile_link_domain_after_env;compile_link_domain_after_env_from_sound;compile_link_domain_after_env_from_complete,3,lower_link_constraint_after_env;upper_link_constraint_after_env;compile_link_domain_after_env_from,0,,False,True,"{""apply"": 0, ""assert"": 0, ""destruct"": 0, ""eapply"": 0, ""inversion"": 0, ""lia"": 0, ""nia"": 0, ""pose proof"": 0, ""repeat"": 0, ""rewrite"": 0, ""specialize"": 0, ""subst"": 0, ""unfold"": 0}"
compile_link_domain_after_env,Definition,False,233,235,3,,,0,4,witness_matches_compiled_link_domain;compiled_pinstr_tiling_witness;compile_link_domain_after_env_sound;compile_link_domain_after_env_complete,1,compile_link_domain_after_env_from,0,,False,True,"{""apply"": 0, ""assert"": 0, ""destruct"": 0, ""eapply"": 0, ""inversion"": 0, ""lia"": 0, ""nia"": 0, ""pose proof"": 0, ""repeat"": 0, ""rewrite"": 0, ""specialize"": 0, ""subst"": 0, ""unfold"": 0}"
lifted_base_domain_after_env,Definition,False,237,241,5,,,0,7,tiling_rel_pinstr_structure;tiling_rel_pinstr_structure_source;tiling_rel_pinstr_structure_domain_decompose;tiling_rel_pinstr_structure_domain_lifted_compiled;tiling_rel_pinstr_structure_source_domain_lifted;tiling_rel_pinstr_structure_compiled_domain_complete;tiling_rel_pinstr_structure_source_domain_complete,2,lift_constraint_after_env;pinstr_tiling_witness,3,src/TilingValidator.v:893;src/TilingBoolChecker.v:189;src/TilingBoolChecker.v:221,True,True,"{""apply"": 0, ""assert"": 0, ""destruct"": 0, ""eapply"": 0, ""inversion"": 0, ""lia"": 0, ""nia"": 0, ""pose proof"": 0, ""repeat"": 0, ""rewrite"": 0, ""specialize"": 0, ""subst"": 0, ""unfold"": 0}"
lifted_accesses_after_env,Definition,False,243,248,6,,,0,3,tiling_rel_pinstr_structure;tiling_rel_pinstr_structure_waccess_exact_cells;tiling_rel_pinstr_structure_raccess_exact_cells,2,lift_access_after_env;pinstr_tiling_witness,2,src/TilingBoolChecker.v:192;src/TilingBoolChecker.v:195,True,True,"{""apply"": 0, ""assert"": 0, ""destruct"": 0, ""eapply"": 0, ""inversion"": 0, ""lia"": 0, ""nia"": 0, ""pose proof"": 0, ""repeat"": 0, ""rewrite"": 0, ""specialize"": 0, ""subst"": 0, ""unfold"": 0}"
tiling_rel_pinstr_structure,Definition,False,250,269,20,,,0,9,tiling_rel_pinstr_list;tiling_rel_pinstr_structure_compiled;tiling_rel_pinstr_structure_domain_decompose;tiling_rel_pinstr_structure_domain_lifted_compiled;tiling_rel_pinstr_structure_waccess_exact_cells;tiling_rel_pinstr_structure_raccess_exact_cells;tiling_rel_pinstr_structure_source_of_tiled;tiling_rel_pinstr_structure_waccess_lifted;tiling_rel_pinstr_structure_raccess_lifted,4,pad_transformation_after_env;pinstr_tiling_witness;lifted_base_domain_after_env;lifted_accesses_after_env,1,src/TilingBoolChecker.v:254,True,True,"{""apply"": 0, ""assert"": 0, ""destruct"": 0, ""eapply"": 0, ""inversion"": 0, ""lia"": 0, ""nia"": 0, ""pose proof"": 0, ""repeat"": 0, ""rewrite"": 0, ""specialize"": 0, ""subst"": 0, ""unfold"": 0}"
tiling_rel_pinstr_structure_source,Definition,False,271,288,18,,,0,19,tiling_rel_pinstr_list_source;tiling_rel_pinstr_structure_source_domain_lifted;tiling_rel_pinstr_structure_source_domain_complete;tiling_rel_pinstr_list_source_nth;tiling_rel_pprog_structure_source_nth;tiling_rel_pinstr_structure_source_of_tiled;tiling_rel_pinstr_structure_source_transformation_lifted;tiling_rel_pinstr_structure_source_instr_semantics_lifted_iff;tiling_rel_pprog_structure_source_before_of_retiled_old_point_belongs_to_nth;tiling_rel_pinstr_structure_source_before_of_retiled_old_point_injective;before_ipl_from_retiled_old_forward_source;tiling_rel_pinstr_structure_source_before_of_retiled_old_sched_le_iff;HdRel_before_of_retiled_old_preserved_source;before_of_retiled_old_sorted_sched_preserved_source;tiling_rel_pinstr_structure_source_before_of_retiled_old_time_stamp;tiling_rel_pprog_structure_source_before_of_retiled_old_instr_semantics_iff_nth;tiling_rel_pprog_structure_source_old_point_belongs_to_nth;before_ipl_from_retiled_old_nodup_source;flatten_instrs_retiled_old_member_time_stamp_preserved_source,2,pinstr_tiling_witness;lifted_base_domain_after_env,34,src/TilingBoolChecker.v:274;src/TilingBoolChecker.v:298;src/TilingBandMixedSecondValidator.v:1059;src/TilingBandMixedSecondValidator.v:2359;src/TilingBandScheduleValidator.v:8620;src/TilingBandScheduleValidator.v:8627;src/TilingBandScheduleValidator.v:11322;src/TilingBandScheduleValidator.v:11330;src/TilingBandScheduleValidator.v:11335;src/TilingBandScheduleValidator.v:11343;src/TilingBandScheduleValidator.v:12197;src/TilingBandScheduleValidator.v:12202;src/TilingBandScheduleValidator.v:17859;src/TilingBandScheduleValidator.v:17869;src/TilingBandScheduleValidator.v:18016;src/TilingBandScheduleValidator.v:18025;src/TilingBandScheduleValidator.v:19688;src/TilingBandScheduleValidator.v:19697;src/TilingBandScheduleValidator.v:19841;src/TilingBandScheduleValidator.v:19849;src/TilingBandScheduleValidator.v:23289;src/TilingBandScheduleValidator.v:23299;src/TilingBandScheduleValidator.v:23442;src/TilingBandScheduleValidator.v:23451;src/TilingBandScheduleValidator.v:26808;src/TilingBandScheduleValidator.v:26818;src/TilingBandScheduleValidator.v:26965;src/TilingBandScheduleValidator.v:26974;src/TilingBandScheduleValidator.v:27757;src/TilingBandScheduleValidator.v:27767;src/TilingBandScheduleValidator.v:27914;src/TilingBandScheduleValidator.v:27923;src/TilingCanonicalScheduleValidator.v:74;src/TilingCanonicalScheduleValidator.v:86,True,True,"{""apply"": 0, ""assert"": 0, ""destruct"": 0, ""eapply"": 0, ""inversion"": 0, ""lia"": 0, ""nia"": 0, ""pose proof"": 0, ""repeat"": 0, ""rewrite"": 0, ""specialize"": 0, ""subst"": 0, ""unfold"": 0}"
source_view_of_tiled_pinstr,Definition,False,290,303,14,,,0,2,source_view_of_tiled_pinstrs;tiling_rel_pinstr_structure_source_of_tiled,1,pinstr_tiling_witness,0,,False,False,"{""apply"": 0, ""assert"": 0, ""destruct"": 0, ""eapply"": 0, ""inversion"": 0, ""lia"": 0, ""nia"": 0, ""pose proof"": 0, ""repeat"": 0, ""rewrite"": 0, ""specialize"": 0, ""subst"": 0, ""unfold"": 0}"
source_view_of_tiled_pinstrs,Fixpoint,False,305,314,10,,,0,2,source_view_of_tiled_pinstrs;source_view_of_tiled_pprog,3,pinstr_tiling_witness;source_view_of_tiled_pinstr;source_view_of_tiled_pinstrs,0,,False,False,"{""apply"": 0, ""assert"": 0, ""destruct"": 0, ""eapply"": 0, ""inversion"": 0, ""lia"": 0, ""nia"": 0, ""pose proof"": 0, ""repeat"": 0, ""rewrite"": 0, ""specialize"": 0, ""subst"": 0, ""unfold"": 0}"
tiling_rel_pinstr_list,Fixpoint,False,316,326,11,,,0,6,tiling_rel_pinstr_list;tiling_rel_pprog_structure;tiling_rel_pinstr_list_lengths;tiling_rel_pinstr_list_app_singleton_inv;tiling_rel_pinstr_list_compiled_nth;tiling_rel_pinstr_list_compiled_witnesses,3,pinstr_tiling_witness;tiling_rel_pinstr_structure;tiling_rel_pinstr_list,1,src/TilingBoolChecker.v:344,True,True,"{""apply"": 0, ""assert"": 0, ""destruct"": 0, ""eapply"": 0, ""inversion"": 0, ""lia"": 0, ""nia"": 0, ""pose proof"": 0, ""repeat"": 0, ""rewrite"": 0, ""specialize"": 0, ""subst"": 0, ""unfold"": 0}"
tiling_rel_pinstr_list_source,Fixpoint,False,328,338,11,,,0,5,tiling_rel_pinstr_list_source;tiling_rel_pprog_structure_source;tiling_rel_pinstr_list_source_lengths;tiling_rel_pinstr_list_source_app_singleton_inv;tiling_rel_pinstr_list_source_nth,3,pinstr_tiling_witness;tiling_rel_pinstr_structure_source;tiling_rel_pinstr_list_source,3,src/TilingBoolChecker.v:374;src/TilingBandScheduleValidator.v:8648;src/TilingCanonicalScheduleValidator.v:100,True,True,"{""apply"": 0, ""assert"": 0, ""destruct"": 0, ""eapply"": 0, ""inversion"": 0, ""lia"": 0, ""nia"": 0, ""pose proof"": 0, ""repeat"": 0, ""rewrite"": 0, ""specialize"": 0, ""subst"": 0, ""unfold"": 0}"
tiling_rel_pprog_structure,Definition,False,340,347,8,,,0,5,tiling_rel_pprog_structure_compiled;tiling_rel_pprog_structure_compiled_lengths;tiling_rel_pprog_structure_compiled_app_singleton_inv;tiling_rel_pprog_structure_compiled_nth;tiling_rel_pprog_structure_compiled_retiled_old_eqdom,2,pinstr_tiling_witness;tiling_rel_pinstr_list,1,src/TilingBoolChecker.v:461,True,True,"{""apply"": 0, ""assert"": 0, ""destruct"": 0, ""eapply"": 0, ""inversion"": 0, ""lia"": 0, ""nia"": 0, ""pose proof"": 0, ""repeat"": 0, ""rewrite"": 0, ""specialize"": 0, ""subst"": 0, ""unfold"": 0}"
tiling_rel_pprog_structure_source,Definition,False,349,356,8,,,0,18,tiling_rel_pprog_structure_source_lengths;tiling_rel_pprog_structure_source_app_singleton_inv;tiling_rel_pprog_structure_source_nth;tiling_rel_pprog_structure_source_before_of_retiled_old_point_belongs_to_nth;before_ipl_from_retiled_old_forward_source;tiling_rel_pprog_structure_source_before_of_retiled_old_instr_semantics_iff_nth;tiling_rel_pprog_structure_source_old_point_belongs_to_nth;tiling_rel_pprog_structure_source_before_point_has_retiled_old_preimage_nth;before_ipl_from_retiled_old_backward_source;before_ipl_from_retiled_old_nodup_source;flatten_instr_nth_retiled_old_implies_before_flatten_instr_nth_exists_source;flatten_instr_nth_retiled_old_implies_before_flatten_instr_nth_exists_perm_source;flatten_instrs_retiled_old_member_nth_data_source;flatten_instrs_retiled_old_member_instr_semantics_iff_source;flatten_instrs_retiled_old_member_time_stamp_preserved_source;flatten_instrs_retiled_old_implies_before_exists_perm_source;tiling_retiled_old_to_before_poly_correct_with_env_len_source;tiling_retiled_old_to_before_instance_correct_source,2,pinstr_tiling_witness;tiling_rel_pinstr_list_source,42,src/TilingBandDirectRuntime.v:508;src/TilingValidator.v:945;src/TilingValidator.v:1029;src/TilingValidator.v:1044;src/TilingValidator.v:1049;src/TilingBoolChecker.v:473;src/TilingBoolChecker.v:505;src/TilingBandMixedSecondValidator.v:627;src/TilingBandMixedSecondValidator.v:920;src/TilingBandMixedSecondValidator.v:1572;src/TilingBandMixedSecondValidator.v:1845;src/TilingBandMixedSecondValidator.v:2160;src/TilingBandMixedSecondValidator.v:2233;src/TilingBandScheduleValidator.v:8670;src/TilingBandScheduleValidator.v:8680;src/TilingBandScheduleValidator.v:8690;src/TilingBandScheduleValidator.v:8845;src/TilingBandScheduleValidator.v:8850;src/TilingBandScheduleValidator.v:8855;src/TilingBandScheduleValidator.v:10734;src/TilingBandScheduleValidator.v:10769;src/TilingBandScheduleValidator.v:10773;src/TilingBandScheduleValidator.v:10778;src/TilingBandScheduleValidator.v:11033;src/TilingBandScheduleValidator.v:11037;src/TilingBandScheduleValidator.v:11042;src/TilingBandScheduleValidator.v:11138;src/TilingBandScheduleValidator.v:11923;src/TilingBandScheduleValidator.v:12014;src/TilingBandScheduleValidator.v:12652;src/TilingBandScheduleValidator.v:12704;src/TilingBandScheduleValidator.v:12803;src/TilingBandScheduleValidator.v:12943;src/TilingBandScheduleValidator.v:12948;src/TilingBandScheduleValidator.v:12953;src/TilingBandScheduleValidator.v:13300;src/TilingBandScheduleValidator.v:13304;src/TilingBandScheduleValidator.v:13309;src/TilingCanonicalScheduleValidator.v:164;src/TilingCanonicalScheduleValidator.v:220;src/TilingCanonicalScheduleValidator.v:225;src/TilingCanonicalScheduleValidator.v:230,True,True,"{""apply"": 0, ""assert"": 0, ""destruct"": 0, ""eapply"": 0, ""inversion"": 0, ""lia"": 0, ""nia"": 0, ""pose proof"": 0, ""repeat"": 0, ""rewrite"": 0, ""specialize"": 0, ""subst"": 0, ""unfold"": 0}"
witness_matches_compiled_link_domain,Definition,False,358,360,3,,,0,4,compiled_pinstr_tiling_witness_matches;tiling_rel_pinstr_structure_domain_lifted_compiled;tiling_rel_pinstr_structure_source_domain_complete;tiling_rel_pinstr_structure_source_before_of_retiled_old_point_injective,2,pinstr_tiling_witness;compile_link_domain_after_env,0,,False,True,"{""apply"": 0, ""assert"": 0, ""destruct"": 0, ""eapply"": 0, ""inversion"": 0, ""lia"": 0, ""nia"": 0, ""pose proof"": 0, ""repeat"": 0, ""rewrite"": 0, ""specialize"": 0, ""subst"": 0, ""unfold"": 0}"
compiled_pinstr_tiling_witness,Definition,False,362,368,7,,,0,42,source_view_of_tiled_pprog;tiling_rel_pinstr_structure_compiled;compose_tiling_instr_point_ext;tiling_rel_pprog_structure_compiled;tiling_rel_pprog_structure_compiled_app_singleton_inv;wf_compiled_pinstr_tiling_witness;compiled_pinstr_tiling_witness_matches;tiling_rel_pinstr_structure_compiled_domain_lifted;tiling_rel_pinstr_structure_source_domain_lifted;tiling_rel_pinstr_structure_compiled_domain_complete;tiling_rel_pinstr_structure_compiled_index_complete;tiling_rel_pinstr_structure_compiled_domain_iff;tiling_rel_pinstr_list_compiled_nth;tiling_rel_pinstr_structure_compiled_waccess_lifted;tiling_rel_pinstr_structure_compiled_raccess_lifted;tiling_rel_pprog_structure_compiled_waccess_lifted_nth;tiling_rel_pprog_structure_compiled_raccess_lifted_nth;tiling_rel_pinstr_structure_compiled_old_schedule_lifted;before_of_retiled_old_point_old_of_compose_tiling_instr_point_ext;tiling_rel_pprog_structure_compiled_before_of_retiled_old_point_belongs_to_nth;tiling_rel_pprog_structure_source_before_of_retiled_old_point_belongs_to_nth;before_ipl_from_retiled_old_forward_source;before_ipl_from_retiled_old_forward;tiling_rel_pinstr_structure_compiled_before_of_retiled_old_point_injective;tiling_rel_pinstr_structure_compiled_before_of_retiled_old_time_stamp;tiling_rel_pprog_structure_source_before_of_retiled_old_instr_semantics_iff_nth;before_ipl_from_retiled_old_backward;tiling_rel_pprog_structure_source_old_point_belongs_to_nth;tiling_rel_pprog_structure_source_before_point_has_retiled_old_preimage_nth;before_ipl_from_retiled_old_backward_source;tiling_rel_pprog_structure_compiled_new_point_belongs_to_nth;tiling_rel_pinstr_list_compiled_witnesses;tiling_rel_pprog_structure_compiled_retiled_old_eqdom;before_ipl_from_retiled_old_nodup_source;flatten_instr_nth_retiled_old_implies_before_flatten_instr_nth_exists_source;flatten_instr_nth_retiled_old_implies_before_flatten_instr_nth_exists_perm_source;flatten_instrs_retiled_old_member_nth_data_source;flatten_instrs_retiled_old_member_instr_semantics_iff_source;flatten_instrs_retiled_old_member_time_stamp_preserved_source;flatten_instrs_retiled_old_implies_before_exists_perm_source;tiling_retiled_old_to_before_poly_correct_with_env_len_source;tiling_retiled_old_to_before_instance_correct_source,2,pinstr_tiling_witness;compile_link_domain_after_env,128,src/TilingValidator.v:886;src/TilingValidator.v:948;src/TilingValidator.v:1036;src/TilingValidator.v:1047;src/TilingBoolChecker.v:170;src/TilingBoolChecker.v:201;src/TilingBoolChecker.v:239;src/TilingBoolChecker.v:275;src/TilingBoolChecker.v:283;src/TilingBoolChecker.v:345;src/TilingBoolChecker.v:375;src/TilingBoolChecker.v:474;src/TilingBandMixedSecondValidator.v:630;src/TilingBandMixedSecondValidator.v:923;src/TilingBandMixedSecondValidator.v:1035;src/TilingBandMixedSecondValidator.v:1038;src/TilingBandMixedSecondValidator.v:1041;src/TilingBandMixedSecondValidator.v:1061;src/TilingBandMixedSecondValidator.v:1202;src/TilingBandMixedSecondValidator.v:1217;src/TilingBandMixedSecondValidator.v:1575;src/TilingBandMixedSecondValidator.v:1848;src/TilingBandMixedSecondValidator.v:2163;src/TilingBandMixedSecondValidator.v:2236;src/TilingBandMixedSecondValidator.v:2342;src/TilingBandMixedSecondValidator.v:2345;src/TilingBandMixedSecondValidator.v:2348;src/TilingBandMixedSecondValidator.v:2361;src/TilingBandMixedSecondValidator.v:2502;src/TilingBandMixedSecondValidator.v:2517;src/TilingBandScheduleValidator.v:8621;src/TilingBandScheduleValidator.v:8633;src/TilingBandScheduleValidator.v:8649;src/TilingBandScheduleValidator.v:8673;src/TilingBandScheduleValidator.v:8693;src/TilingBandScheduleValidator.v:8732;src/TilingBandScheduleValidator.v:8853;src/TilingBandScheduleValidator.v:8862;src/TilingBandScheduleValidator.v:10737;src/TilingBandScheduleValidator.v:10776;src/TilingBandScheduleValidator.v:10785;src/TilingBandScheduleValidator.v:11040;src/TilingBandScheduleValidator.v:11049;src/TilingBandScheduleValidator.v:11141;src/TilingBandScheduleValidator.v:11278;src/TilingBandScheduleValidator.v:11280;src/TilingBandScheduleValidator.v:11283;src/TilingBandScheduleValidator.v:11290;src/TilingBandScheduleValidator.v:11292;src/TilingBandScheduleValidator.v:11295;src/TilingBandScheduleValidator.v:11337;src/TilingBandScheduleValidator.v:11345;src/TilingBandScheduleValidator.v:11526;src/TilingBandScheduleValidator.v:11542;src/TilingBandScheduleValidator.v:11926;src/TilingBandScheduleValidator.v:12017;src/TilingBandScheduleValidator.v:12162;src/TilingBandScheduleValidator.v:12164;src/TilingBandScheduleValidator.v:12167;src/TilingBandScheduleValidator.v:12173;src/TilingBandScheduleValidator.v:12175;src/TilingBandScheduleValidator.v:12178;src/TilingBandScheduleValidator.v:12199;src/TilingBandScheduleValidator.v:12204;src/TilingBandScheduleValidator.v:12336;src/TilingBandScheduleValidator.v:12350;src/TilingBandScheduleValidator.v:12655;src/TilingBandScheduleValidator.v:12707;src/TilingBandScheduleValidator.v:12806;src/TilingBandScheduleValidator.v:12870;src/TilingBandScheduleValidator.v:12951;src/TilingBandScheduleValidator.v:12959;src/TilingBandScheduleValidator.v:13112;src/TilingBandScheduleValidator.v:13307;src/TilingBandScheduleValidator.v:13316;src/TilingBandScheduleValidator.v:17819;src/TilingBandScheduleValidator.v:17822;src/TilingBandScheduleValidator.v:17825;src/TilingBandScheduleValidator.v:17832;src/TilingBandScheduleValidator.v:17835;src/TilingBandScheduleValidator.v:17838;src/TilingBandScheduleValidator.v:18018;src/TilingBandScheduleValidator.v:18027;src/TilingBandScheduleValidator.v:18041;src/TilingBandScheduleValidator.v:18059;src/TilingBandScheduleValidator.v:19648;src/TilingBandScheduleValidator.v:19651;src/TilingBandScheduleValidator.v:19654;src/TilingBandScheduleValidator.v:19661;src/TilingBandScheduleValidator.v:19664;src/TilingBandScheduleValidator.v:19667;src/TilingBandScheduleValidator.v:19843;src/TilingBandScheduleValidator.v:19851;src/TilingBandScheduleValidator.v:19864;src/TilingBandScheduleValidator.v:19882;src/TilingBandScheduleValidator.v:23261;src/TilingBandScheduleValidator.v:23264;src/TilingBandScheduleValidator.v:23267;src/TilingBandScheduleValidator.v:23274;src/TilingBandScheduleValidator.v:23277;src/TilingBandScheduleValidator.v:23280;src/TilingBandScheduleValidator.v:23444;src/TilingBandScheduleValidator.v:23453;src/TilingBandScheduleValidator.v:23467;src/TilingBandScheduleValidator.v:23485;src/TilingBandScheduleValidator.v:26768;src/TilingBandScheduleValidator.v:26771;src/TilingBandScheduleValidator.v:26774;src/TilingBandScheduleValidator.v:26781;src/TilingBandScheduleValidator.v:26784;src/TilingBandScheduleValidator.v:26787;src/TilingBandScheduleValidator.v:26967;src/TilingBandScheduleValidator.v:26976;src/TilingBandScheduleValidator.v:26990;src/TilingBandScheduleValidator.v:27008;src/TilingBandScheduleValidator.v:27729;src/TilingBandScheduleValidator.v:27732;src/TilingBandScheduleValidator.v:27735;src/TilingBandScheduleValidator.v:27742;src/TilingBandScheduleValidator.v:27745;src/TilingBandScheduleValidator.v:27748;src/TilingBandScheduleValidator.v:27916;src/TilingBandScheduleValidator.v:27925;src/TilingBandScheduleValidator.v:27939;src/TilingBandScheduleValidator.v:27957;src/TilingCanonicalScheduleValidator.v:131;src/TilingCanonicalScheduleValidator.v:170;src/TilingCanonicalScheduleValidator.v:228,True,True,"{""apply"": 0, ""assert"": 0, ""destruct"": 0, ""eapply"": 0, ""inversion"": 0, ""lia"": 0, ""nia"": 0, ""pose proof"": 0, ""repeat"": 0, ""rewrite"": 0, ""specialize"": 0, ""subst"": 0, ""unfold"": 0}"
source_view_of_tiled_pprog,Definition,False,370,380,11,,,0,0,,2,source_view_of_tiled_pinstrs;compiled_pinstr_tiling_witness,0,,False,False,"{""apply"": 0, ""assert"": 0, ""destruct"": 0, ""eapply"": 0, ""inversion"": 0, ""lia"": 0, ""nia"": 0, ""pose proof"": 0, ""repeat"": 0, ""rewrite"": 0, ""specialize"": 0, ""subst"": 0, ""unfold"": 0}"
tiling_rel_pinstr_structure_compiled,Definition,False,382,387,6,,,0,15,tiling_rel_pinstr_structure_compiled_domain_lifted;tiling_rel_pinstr_structure_compiled_domain_complete;tiling_rel_pinstr_structure_compiled_index_complete;tiling_rel_pinstr_structure_compiled_domain_iff;tiling_rel_pinstr_list_compiled_nth;tiling_rel_pprog_structure_compiled_nth;tiling_rel_pinstr_structure_compiled_waccess_lifted;tiling_rel_pinstr_structure_compiled_raccess_lifted;tiling_rel_pinstr_structure_compiled_old_schedule_lifted;tiling_rel_pinstr_structure_compiled_before_of_retiled_old_point_injective;tiling_rel_pinstr_structure_compiled_before_of_retiled_old_time_stamp;tiling_rel_pinstr_structure_compiled_before_of_retiled_old_sched_le_iff;HdRel_before_of_retiled_old_preserved;before_of_retiled_old_sorted_sched_preserved;tiling_rel_pprog_structure_compiled_old_point_belongs_to_nth,2,tiling_rel_pinstr_structure;compiled_pinstr_tiling_witness,2,src/TilingBoolChecker.v:232;src/TilingBoolChecker.v:253,True,True,"{""apply"": 0, ""assert"": 0, ""destruct"": 0, ""eapply"": 0, ""inversion"": 0, ""lia"": 0, ""nia"": 0, ""pose proof"": 0, ""repeat"": 0, ""rewrite"": 0, ""specialize"": 0, ""subst"": 0, ""unfold"": 0}"
current_src_transformation_of_pinstr,Definition,False,389,391,3,,,0,6,compose_tiling_pinstr_ext;compose_tiling_instr_point_ext;tiling_rel_pprog_structure_compiled_old_point_belongs_to_nth;tiling_rel_pprog_structure_compiled_new_point_belongs_to_nth;compose_tiling_instr_point_ext_from_after_belongs_to_ext;flatten_instr_nth_after_implies_flatten_instr_nth_tiling_ext,0,,1,src/TilingBandScheduleValidator.v:4180,True,True,"{""apply"": 0, ""assert"": 0, ""destruct"": 0, ""eapply"": 0, ""inversion"": 0, ""lia"": 0, ""nia"": 0, ""pose proof"": 0, ""repeat"": 0, ""rewrite"": 0, ""specialize"": 0, ""subst"": 0, ""unfold"": 0}"
compose_tiling_pinstr_ext,Definition,False,393,408,16,,,0,9,tiling_rel_pprog_structure_compiled_old_schedule_lifted_nth;tiling_rel_pprog_structure_compiled_belongs_to_ext_nth;compose_tiling_pinstrs_ext_from_after;compose_tiling_instr_point_ext_from_after_belongs_to_ext;compose_tiling_instr_point_ext_from_after_after_inverse;flatten_instr_nth_after_implies_flatten_instr_nth_tiling_ext;nth_error_compose_tiling_pinstrs_ext_from_after;compose_tiling_pinstrs_ext_from_after_app_singleton;flatten_instrs_after_implies_tiling_ext_exists,2,lift_schedule_after_env;current_src_transformation_of_pinstr,76,src/TilingBandMixedSecondValidator.v:778;src/TilingBandMixedSecondValidator.v:1063;src/TilingBandMixedSecondValidator.v:1172;src/TilingBandMixedSecondValidator.v:1181;src/TilingBandMixedSecondValidator.v:1190;src/TilingBandMixedSecondValidator.v:1195;src/TilingBandMixedSecondValidator.v:1695;src/TilingBandMixedSecondValidator.v:1989;src/TilingBandMixedSecondValidator.v:2363;src/TilingBandMixedSecondValidator.v:2472;src/TilingBandMixedSecondValidator.v:2481;src/TilingBandMixedSecondValidator.v:2490;src/TilingBandMixedSecondValidator.v:2495;src/TilingBandScheduleValidator.v:4175;src/TilingBandScheduleValidator.v:4180;src/TilingBandScheduleValidator.v:8718;src/TilingBandScheduleValidator.v:8815;src/TilingBandScheduleValidator.v:11350;src/TilingBandScheduleValidator.v:11486;src/TilingBandScheduleValidator.v:11498;src/TilingBandScheduleValidator.v:11510;src/TilingBandScheduleValidator.v:11518;src/TilingBandScheduleValidator.v:12206;src/TilingBandScheduleValidator.v:12307;src/TilingBandScheduleValidator.v:12316;src/TilingBandScheduleValidator.v:12325;src/TilingBandScheduleValidator.v:12330;src/TilingBandScheduleValidator.v:12785;src/TilingBandScheduleValidator.v:17961;src/TilingBandScheduleValidator.v:17973;src/TilingBandScheduleValidator.v:17987;src/TilingBandScheduleValidator.v:18001;src/TilingBandScheduleValidator.v:18011;src/TilingBandScheduleValidator.v:18487;src/TilingBandScheduleValidator.v:18489;src/TilingBandScheduleValidator.v:18534;src/TilingBandScheduleValidator.v:18547;src/TilingBandScheduleValidator.v:19786;src/TilingBandScheduleValidator.v:19798;src/TilingBandScheduleValidator.v:19812;src/TilingBandScheduleValidator.v:19826;src/TilingBandScheduleValidator.v:19836;src/TilingBandScheduleValidator.v:20573;src/TilingBandScheduleValidator.v:20575;src/TilingBandScheduleValidator.v:20619;src/TilingBandScheduleValidator.v:20632;src/TilingBandScheduleValidator.v:23387;src/TilingBandScheduleValidator.v:23399;src/TilingBandScheduleValidator.v:23413;src/TilingBandScheduleValidator.v:23427;src/TilingBandScheduleValidator.v:23437;src/TilingBandScheduleValidator.v:23852;src/TilingBandScheduleValidator.v:23858;src/TilingBandScheduleValidator.v:23868;src/TilingBandScheduleValidator.v:23874;src/TilingBandScheduleValidator.v:23881;src/TilingBandScheduleValidator.v:23883;src/TilingBandScheduleValidator.v:26910;src/TilingBandScheduleValidator.v:26922;src/TilingBandScheduleValidator.v:26936;src/TilingBandScheduleValidator.v:26950;src/TilingBandScheduleValidator.v:26960;src/TilingBandScheduleValidator.v:27308;src/TilingBandScheduleValidator.v:27310;src/TilingBandScheduleValidator.v:27326;src/TilingBandScheduleValidator.v:27339;src/TilingBandScheduleValidator.v:27859;src/TilingBandScheduleValidator.v:27871;src/TilingBandScheduleValidator.v:27885;src/TilingBandScheduleValidator.v:27899;src/TilingBandScheduleValidator.v:27909;src/TilingBandScheduleValidator.v:28321;src/TilingBandScheduleValidator.v:28323;src/TilingBandScheduleValidator.v:28339;src/TilingBandScheduleValidator.v:28352;src/TilingBandPhaseScalarValidator.v:1356,True,True,"{""apply"": 0, ""assert"": 0, ""destruct"": 0, ""eapply"": 0, ""inversion"": 0, ""lia"": 0, ""nia"": 0, ""pose proof"": 0, ""repeat"": 0, ""rewrite"": 0, ""specialize"": 0, ""subst"": 0, ""unfold"": 0}"
retiled_old_pinstr,Definition,False,410,424,15,,,0,40,tiling_rel_pprog_structure_compiled_before_of_retiled_old_point_belongs_to_nth;tiling_rel_pprog_structure_source_before_of_retiled_old_point_belongs_to_nth;tiling_rel_pinstr_structure_source_before_of_retiled_old_point_injective;before_ipl_from_retiled_old_forward_source;tiling_rel_pinstr_structure_source_before_of_retiled_old_sched_le_iff;HdRel_before_of_retiled_old_preserved_source;before_of_retiled_old_sorted_sched_preserved_source;before_ipl_from_retiled_old_forward;tiling_rel_pinstr_structure_compiled_before_of_retiled_old_point_injective;before_ipl_from_retiled_old_nodup;tiling_rel_pinstr_structure_compiled_before_of_retiled_old_time_stamp;tiling_rel_pinstr_structure_source_before_of_retiled_old_time_stamp;tiling_rel_pinstr_structure_compiled_before_of_retiled_old_sched_le_iff;HdRel_before_of_retiled_old_preserved;before_of_retiled_old_sorted_sched_preserved;tiling_rel_pprog_structure_source_before_of_retiled_old_instr_semantics_iff_nth;tiling_rel_pprog_structure_compiled_old_point_belongs_to_nth;tiling_rel_pprog_structure_compiled_before_point_has_retiled_old_preimage_nth;before_ipl_from_retiled_old_backward;tiling_rel_pprog_structure_source_old_point_belongs_to_nth;tiling_rel_pprog_structure_source_before_point_has_retiled_old_preimage_nth;before_ipl_from_retiled_old_backward_source;flatten_instr_nth_retiled_old_implies_before_flatten_instr_nth_exists;flatten_instr_nth_retiled_old_implies_before_flatten_instr_nth_exists_perm;retiled_old_pinstrs;retiled_old_of_after_point_belongs_to;after_point_of_retiled_old_belongs_to;retiled_old_pinstr_eqdom_after;retiled_old_of_after_point_of_retiled_old;flatten_instr_nth_after_implies_flatten_instr_nth_retiled_old;nth_error_retiled_old_pinstrs;retiled_old_pinstrs_app_singleton;flatten_instrs_after_implies_tiling_ext_exists;flatten_instrs_retiled_old_implies_before_exists_perm;flatten_instrs_retiled_old_member_nth_data;before_ipl_from_retiled_old_nodup_source;flatten_instr_nth_retiled_old_implies_before_flatten_instr_nth_exists_source;flatten_instr_nth_retiled_old_implies_before_flatten_instr_nth_exists_perm_source;flatten_instrs_retiled_old_member_nth_data_source;flatten_instrs_retiled_old_implies_before_exists_perm_source,1,lift_schedule_after_env,7,src/TilingBandScheduleValidator.v:296;src/TilingBandScheduleValidator.v:315;src/TilingBandScheduleValidator.v:8314;src/TilingBandScheduleValidator.v:8319;src/TilingBandScheduleValidator.v:8346;src/TilingCanonicalScheduleValidator.v:77;src/TilingCanonicalScheduleValidator.v:92,True,True,"{""apply"": 0, ""assert"": 0, ""destruct"": 0, ""eapply"": 0, ""inversion"": 0, ""lia"": 0, ""nia"": 0, ""pose proof"": 0, ""repeat"": 0, ""rewrite"": 0, ""specialize"": 0, ""subst"": 0, ""unfold"": 0}"
compose_tiling_instr_point_ext,Definition,False,426,449,24,,,0,7,tiling_rel_pprog_structure_compiled_old_schedule_lifted_nth;tiling_rel_pprog_structure_compiled_belongs_to_ext_nth;before_of_retiled_old_point_old_of_compose_tiling_instr_point_ext;tiling_rel_pprog_structure_compiled_old_point_belongs_to_nth;tiling_rel_pprog_structure_compiled_before_point_has_retiled_old_preimage_nth;before_ipl_from_retiled_old_backward;tiling_rel_pprog_structure_compiled_new_point_belongs_to_nth,4,lift_schedule_after_env;eval_pinstr_tiling_index_with_env;compiled_pinstr_tiling_witness;current_src_transformation_of_pinstr,0,,False,False,"{""apply"": 0, ""assert"": 0, ""destruct"": 0, ""eapply"": 0, ""inversion"": 0, ""lia"": 0, ""nia"": 0, ""pose proof"": 0, ""repeat"": 0, ""rewrite"": 0, ""specialize"": 0, ""subst"": 0, ""unfold"": 0}"
tiling_rel_pprog_structure_compiled,Definition,False,451,454,4,,,0,20,tiling_rel_pprog_structure_compiled_lengths;tiling_rel_pprog_structure_compiled_app_singleton_inv;tiling_rel_pprog_structure_compiled_nth;tiling_rel_pprog_structure_compiled_domain_iff_nth;tiling_rel_pprog_structure_compiled_waccess_lifted_nth;tiling_rel_pprog_structure_compiled_raccess_lifted_nth;tiling_rel_pprog_structure_compiled_old_schedule_lifted_nth;tiling_rel_pprog_structure_compiled_belongs_to_ext_nth;tiling_rel_pprog_structure_compiled_before_of_retiled_old_point_belongs_to_nth;before_ipl_from_retiled_old_forward;before_ipl_from_retiled_old_nodup;tiling_rel_pprog_structure_compiled_old_point_belongs_to_nth;tiling_rel_pprog_structure_compiled_before_point_has_retiled_old_preimage_nth;before_ipl_from_retiled_old_backward;flatten_instr_nth_retiled_old_implies_before_flatten_instr_nth_exists;flatten_instr_nth_retiled_old_implies_before_flatten_instr_nth_exists_perm;tiling_rel_pprog_structure_compiled_new_point_belongs_to_nth;tiling_rel_pprog_structure_compiled_retiled_old_eqdom;flatten_instrs_retiled_old_implies_before_exists_perm;flatten_instrs_retiled_old_member_nth_data,2,tiling_rel_pprog_structure;compiled_pinstr_tiling_witness,2,src/TilingBoolChecker.v:434;src/TilingBoolChecker.v:460,True,True,"{""apply"": 0, ""assert"": 0, ""destruct"": 0, ""eapply"": 0, ""inversion"": 0, ""lia"": 0, ""nia"": 0, ""pose proof"": 0, ""repeat"": 0, ""rewrite"": 0, ""specialize"": 0, ""subst"": 0, ""unfold"": 0}"
tiling_rel_pinstr_list_lengths,Lemma,False,456,470,15,461,470,10,3,tiling_rel_pprog_structure_compiled_lengths;tiling_rel_pinstr_list_app_singleton_inv;tiling_rel_pprog_structure_compiled_retiled_old_eqdom,1,tiling_rel_pinstr_list,0,,False,False,"{""apply"": 0, ""assert"": 0, ""destruct"": 4, ""eapply"": 0, ""inversion"": 0, ""lia"": 1, ""nia"": 0, ""pose proof"": 0, ""repeat"": 0, ""rewrite"": 0, ""specialize"": 1, ""subst"": 0, ""unfold"": 0}"
tiling_rel_pinstr_list_source_lengths,Lemma,False,472,486,15,477,486,10,2,tiling_rel_pprog_structure_source_lengths;tiling_rel_pinstr_list_source_app_singleton_inv,1,tiling_rel_pinstr_list_source,6,src/TilingValidator.v:1034;src/TilingBandScheduleValidator.v:8860;src/TilingBandScheduleValidator.v:10783;src/TilingBandScheduleValidator.v:11047;src/TilingBandScheduleValidator.v:12957;src/TilingBandScheduleValidator.v:13314,True,True,"{""apply"": 0, ""assert"": 0, ""destruct"": 4, ""eapply"": 0, ""inversion"": 0, ""lia"": 1, ""nia"": 0, ""pose proof"": 0, ""repeat"": 0, ""rewrite"": 0, ""specialize"": 1, ""subst"": 0, ""unfold"": 0}"
tiling_rel_pprog_structure_compiled_lengths,Lemma,False,488,509,22,496,509,14,2,flatten_instrs_retiled_old_implies_before_exists_perm;flatten_instrs_retiled_old_member_nth_data,3,tiling_rel_pprog_structure;tiling_rel_pprog_structure_compiled;tiling_rel_pinstr_list_lengths,0,,False,False,"{""apply"": 0, ""assert"": 0, ""destruct"": 1, ""eapply"": 0, ""inversion"": 0, ""lia"": 0, ""nia"": 0, ""pose proof"": 1, ""repeat"": 0, ""rewrite"": 1, ""specialize"": 0, ""subst"": 0, ""unfold"": 1}"
tiling_rel_pprog_structure_source_lengths,Lemma,False,511,526,16,519,526,8,2,flatten_instrs_retiled_old_member_nth_data_source;flatten_instrs_retiled_old_implies_before_exists_perm_source,2,tiling_rel_pprog_structure_source;tiling_rel_pinstr_list_source_lengths,3,src/TilingBandScheduleValidator.v:8729;src/TilingBandScheduleValidator.v:12867;src/TilingBandScheduleValidator.v:13109,True,True,"{""apply"": 0, ""assert"": 0, ""destruct"": 1, ""eapply"": 1, ""inversion"": 0, ""lia"": 0, ""nia"": 0, ""pose proof"": 0, ""repeat"": 0, ""rewrite"": 0, ""specialize"": 0, ""subst"": 0, ""unfold"": 1}"
tiling_rel_pinstr_list_app_singleton_inv,Lemma,False,528,570,43,536,570,35,1,tiling_rel_pprog_structure_compiled_app_singleton_inv,2,tiling_rel_pinstr_list;tiling_rel_pinstr_list_lengths,0,,False,False,"{""apply"": 2, ""assert"": 2, ""destruct"": 5, ""eapply"": 1, ""inversion"": 0, ""lia"": 2, ""nia"": 0, ""pose proof"": 2, ""repeat"": 0, ""rewrite"": 4, ""specialize"": 0, ""subst"": 1, ""unfold"": 0}"
tiling_rel_pinstr_list_source_app_singleton_inv,Lemma,False,572,614,43,580,614,35,1,tiling_rel_pprog_structure_source_app_singleton_inv,2,tiling_rel_pinstr_list_source;tiling_rel_pinstr_list_source_lengths,0,,False,True,"{""apply"": 2, ""assert"": 2, ""destruct"": 5, ""eapply"": 1, ""inversion"": 0, ""lia"": 2, ""nia"": 0, ""pose proof"": 2, ""repeat"": 0, ""rewrite"": 4, ""specialize"": 0, ""subst"": 1, ""unfold"": 0}"
tiling_rel_pprog_structure_compiled_app_singleton_inv,Lemma,False,616,647,32,628,647,20,1,flatten_instrs_retiled_old_implies_before_exists_perm,4,tiling_rel_pprog_structure;compiled_pinstr_tiling_witness;tiling_rel_pprog_structure_compiled;tiling_rel_pinstr_list_app_singleton_inv,0,,False,False,"{""apply"": 0, ""assert"": 0, ""destruct"": 1, ""eapply"": 1, ""inversion"": 0, ""lia"": 0, ""nia"": 0, ""pose proof"": 0, ""repeat"": 0, ""rewrite"": 1, ""specialize"": 0, ""subst"": 0, ""unfold"": 1}"
tiling_rel_pprog_structure_source_app_singleton_inv,Lemma,False,649,678,30,661,678,18,1,flatten_instrs_retiled_old_implies_before_exists_perm_source,2,tiling_rel_pprog_structure_source;tiling_rel_pinstr_list_source_app_singleton_inv,0,,False,True,"{""apply"": 0, ""assert"": 0, ""destruct"": 1, ""eapply"": 1, ""inversion"": 0, ""lia"": 0, ""nia"": 0, ""pose proof"": 0, ""repeat"": 0, ""rewrite"": 0, ""specialize"": 0, ""subst"": 0, ""unfold"": 1}"
Forall2_app_singleton_inv,Lemma,False,680,699,20,684,699,16,3,flatten_instrs_after_implies_tiling_ext_exists;flatten_instrs_retiled_old_implies_before_exists_perm;flatten_instrs_retiled_old_implies_before_exists_perm_source,0,,0,,False,True,"{""apply"": 2, ""assert"": 0, ""destruct"": 2, ""eapply"": 0, ""inversion"": 2, ""lia"": 0, ""nia"": 0, ""pose proof"": 0, ""repeat"": 0, ""rewrite"": 0, ""specialize"": 0, ""subst"": 3, ""unfold"": 0}"
lift_affine_function_after_env_eval,Lemma,False,701,719,19,709,719,11,6,lift_access_after_env_exact_cell;tiling_rel_pinstr_structure_source_transformation_lifted;tiling_rel_pinstr_structure_compiled_old_schedule_lifted;tiling_rel_pinstr_structure_source_before_of_retiled_old_sched_le_iff;tiling_rel_pinstr_structure_compiled_before_of_retiled_old_time_stamp;tiling_rel_pinstr_structure_source_before_of_retiled_old_time_stamp,1,lift_affine_function_after_env,37,src/TilingBandMixedSecondValidator.v:1175;src/TilingBandMixedSecondValidator.v:1184;src/TilingBandMixedSecondValidator.v:2475;src/TilingBandMixedSecondValidator.v:2484;src/TilingBandScheduleValidator.v:5097;src/TilingBandScheduleValidator.v:5189;src/TilingBandScheduleValidator.v:5270;src/TilingBandScheduleValidator.v:11489;src/TilingBandScheduleValidator.v:11501;src/TilingBandScheduleValidator.v:12310;src/TilingBandScheduleValidator.v:12319;src/TilingBandScheduleValidator.v:17198;src/TilingBandScheduleValidator.v:17976;src/TilingBandScheduleValidator.v:17990;src/TilingBandScheduleValidator.v:18515;src/TilingBandScheduleValidator.v:18525;src/TilingBandScheduleValidator.v:18906;src/TilingBandScheduleValidator.v:18916;src/TilingBandScheduleValidator.v:19801;src/TilingBandScheduleValidator.v:19815;src/TilingBandScheduleValidator.v:20600;src/TilingBandScheduleValidator.v:20610;src/TilingBandScheduleValidator.v:21558;src/TilingBandScheduleValidator.v:23402;src/TilingBandScheduleValidator.v:23416;src/TilingBandScheduleValidator.v:23860;src/TilingBandScheduleValidator.v:23876;src/TilingBandScheduleValidator.v:25497;src/TilingBandScheduleValidator.v:25677;src/TilingBandScheduleValidator.v:26925;src/TilingBandScheduleValidator.v:26939;src/TilingBandScheduleValidator.v:27273;src/TilingBandScheduleValidator.v:27292;src/TilingBandScheduleValidator.v:27874;src/TilingBandScheduleValidator.v:27888;src/TilingBandScheduleValidator.v:28286;src/TilingBandScheduleValidator.v:28305,True,True,"{""apply"": 0, ""assert"": 0, ""destruct"": 0, ""eapply"": 0, ""inversion"": 0, ""lia"": 2, ""nia"": 0, ""pose proof"": 0, ""repeat"": 0, ""rewrite"": 4, ""specialize"": 0, ""subst"": 1, ""unfold"": 1}"
wf_compiled_pinstr_tiling_witness,Lemma,False,721,729,9,724,729,6,7,tiling_rel_pinstr_structure_compiled_domain_lifted;tiling_rel_pinstr_structure_compiled_waccess_lifted;tiling_rel_pinstr_structure_compiled_raccess_lifted;tiling_rel_pprog_structure_source_before_of_retiled_old_point_belongs_to_nth;tiling_rel_pprog_structure_source_before_of_retiled_old_instr_semantics_iff_nth;before_ipl_from_retiled_old_nodup_source;flatten_instrs_retiled_old_member_time_stamp_preserved_source,2,wf_pinstr_tiling_witness;compiled_pinstr_tiling_witness,18,src/TilingBandMixedSecondValidator.v:1204;src/TilingBandMixedSecondValidator.v:1219;src/TilingBandMixedSecondValidator.v:2504;src/TilingBandMixedSecondValidator.v:2519;src/TilingBandScheduleValidator.v:11529;src/TilingBandScheduleValidator.v:11545;src/TilingBandScheduleValidator.v:12338;src/TilingBandScheduleValidator.v:12352;src/TilingBandScheduleValidator.v:18043;src/TilingBandScheduleValidator.v:18061;src/TilingBandScheduleValidator.v:19866;src/TilingBandScheduleValidator.v:19884;src/TilingBandScheduleValidator.v:23469;src/TilingBandScheduleValidator.v:23487;src/TilingBandScheduleValidator.v:26992;src/TilingBandScheduleValidator.v:27010;src/TilingBandScheduleValidator.v:27941;src/TilingBandScheduleValidator.v:27959,True,True,"{""apply"": 0, ""assert"": 0, ""destruct"": 0, ""eapply"": 0, ""inversion"": 0, ""lia"": 0, ""nia"": 0, ""pose proof"": 0, ""repeat"": 0, ""rewrite"": 0, ""specialize"": 0, ""subst"": 0, ""unfold"": 1}"
compiled_pinstr_tiling_witness_matches,Lemma,False,731,740,10,735,740,6,4,tiling_rel_pinstr_structure_compiled_domain_lifted;tiling_rel_pprog_structure_source_before_of_retiled_old_point_belongs_to_nth;tiling_rel_pprog_structure_source_before_of_retiled_old_instr_semantics_iff_nth;before_ipl_from_retiled_old_nodup_source,2,witness_matches_compiled_link_domain;compiled_pinstr_tiling_witness,18,src/TilingBandMixedSecondValidator.v:1205;src/TilingBandMixedSecondValidator.v:1220;src/TilingBandMixedSecondValidator.v:2505;src/TilingBandMixedSecondValidator.v:2520;src/TilingBandScheduleValidator.v:11530;src/TilingBandScheduleValidator.v:11546;src/TilingBandScheduleValidator.v:12339;src/TilingBandScheduleValidator.v:12353;src/TilingBandScheduleValidator.v:18044;src/TilingBandScheduleValidator.v:18062;src/TilingBandScheduleValidator.v:19867;src/TilingBandScheduleValidator.v:19885;src/TilingBandScheduleValidator.v:23470;src/TilingBandScheduleValidator.v:23488;src/TilingBandScheduleValidator.v:26993;src/TilingBandScheduleValidator.v:27011;src/TilingBandScheduleValidator.v:27942;src/TilingBandScheduleValidator.v:27960,True,True,"{""apply"": 0, ""assert"": 0, ""destruct"": 0, ""eapply"": 0, ""inversion"": 0, ""lia"": 0, ""nia"": 0, ""pose proof"": 0, ""repeat"": 0, ""rewrite"": 0, ""specialize"": 0, ""subst"": 0, ""unfold"": 1}"
lift_access_after_env_exact_cell,Lemma,False,742,753,12,748,753,6,2,tiling_rel_pinstr_structure_waccess_exact_cells;tiling_rel_pinstr_structure_raccess_exact_cells,2,lift_access_after_env;lift_affine_function_after_env_eval,0,,False,False,"{""apply"": 1, ""assert"": 0, ""destruct"": 0, ""eapply"": 0, ""inversion"": 0, ""lia"": 0, ""nia"": 0, ""pose proof"": 0, ""repeat"": 0, ""rewrite"": 0, ""specialize"": 0, ""subst"": 0, ""unfold"": 0}"
lift_constraint_after_env_satisfies,Lemma,False,755,776,22,763,776,14,1,lifted_base_domain_after_env_in_poly,1,lift_constraint_after_env,0,,False,True,"{""apply"": 0, ""assert"": 0, ""destruct"": 0, ""eapply"": 0, ""inversion"": 0, ""lia"": 2, ""nia"": 0, ""pose proof"": 0, ""repeat"": 0, ""rewrite"": 6, ""specialize"": 0, ""subst"": 1, ""unfold"": 1}"
tiling_dot_product_eq_linalg_dot_product,Lemma,False,778,789,12,781,789,9,3,compile_ge_affine_row_to_constraint_sound;compile_ge_affine_row_to_constraint_complete;tiling_dot_product_mult_left,0,,5,src/TilingBandScheduleValidator.v:3078;src/TilingBandScheduleValidator.v:3882;src/TilingBandScheduleValidator.v:15745;src/TilingBandScheduleValidator.v:16952;src/TilingBandScheduleValidator.v:16997,True,True,"{""apply"": 0, ""assert"": 0, ""destruct"": 2, ""eapply"": 0, ""inversion"": 0, ""lia"": 1, ""nia"": 0, ""pose proof"": 0, ""repeat"": 0, ""rewrite"": 1, ""specialize"": 0, ""subst"": 0, ""unfold"": 0}"
compile_ge_affine_row_to_constraint_sound,Lemma,False,791,817,27,798,817,20,2,lower_link_constraint_after_env_sound;upper_link_constraint_after_env_sound,2,compile_ge_affine_row_to_constraint;tiling_dot_product_eq_linalg_dot_product,0,,False,True,"{""apply"": 1, ""assert"": 0, ""destruct"": 0, ""eapply"": 0, ""inversion"": 0, ""lia"": 2, ""nia"": 1, ""pose proof"": 0, ""repeat"": 1, ""rewrite"": 7, ""specialize"": 0, ""subst"": 0, ""unfold"": 3}"
compile_ge_affine_row_to_constraint_complete,Lemma,False,819,845,27,826,845,20,2,lower_link_constraint_after_env_complete;upper_link_constraint_after_env_complete,2,compile_ge_affine_row_to_constraint;tiling_dot_product_eq_linalg_dot_product,0,,False,True,"{""apply"": 1, ""assert"": 0, ""destruct"": 0, ""eapply"": 0, ""inversion"": 0, ""lia"": 2, ""nia"": 1, ""pose proof"": 0, ""repeat"": 1, ""rewrite"": 7, ""specialize"": 0, ""subst"": 0, ""unfold"": 3}"
tiling_dot_product_mult_left,Lemma,False,847,855,9,851,855,5,1,eval_upper_link_affine_row_after_env,1,tiling_dot_product_eq_linalg_dot_product,0,,False,True,"{""apply"": 1, ""assert"": 0, ""destruct"": 0, ""eapply"": 0, ""inversion"": 0, ""lia"": 0, ""nia"": 0, ""pose proof"": 0, ""repeat"": 1, ""rewrite"": 1, ""specialize"": 0, ""subst"": 0, ""unfold"": 0}"
eval_lower_link_affine_row_after_env,Lemma,False,857,918,62,866,918,53,2,lower_link_affine_row_after_env_sound;lower_link_constraint_after_env_complete,1,lower_link_affine_row_after_env,0,,False,True,"{""apply"": 2, ""assert"": 1, ""destruct"": 0, ""eapply"": 0, ""inversion"": 0, ""lia"": 1, ""nia"": 1, ""pose proof"": 0, ""repeat"": 2, ""rewrite"": 6, ""specialize"": 0, ""subst"": 0, ""unfold"": 2}"
lower_link_affine_row_after_env_sound,Lemma,False,920,934,15,929,934,6,1,lower_link_constraint_after_env_sound,2,lower_link_affine_row_after_env;eval_lower_link_affine_row_after_env,0,,False,True,"{""apply"": 0, ""assert"": 0, ""destruct"": 0, ""eapply"": 0, ""inversion"": 0, ""lia"": 0, ""nia"": 0, ""pose proof"": 0, ""repeat"": 0, ""rewrite"": 1, ""specialize"": 0, ""subst"": 0, ""unfold"": 1}"
lower_link_constraint_after_env_sound,Lemma,False,936,951,16,945,951,7,1,compile_link_domain_after_env_from_sound,3,lower_link_constraint_after_env;compile_ge_affine_row_to_constraint_sound;lower_link_affine_row_after_env_sound,0,,False,True,"{""apply"": 2, ""assert"": 0, ""destruct"": 0, ""eapply"": 0, ""inversion"": 0, ""lia"": 0, ""nia"": 0, ""pose proof"": 0, ""repeat"": 0, ""rewrite"": 0, ""specialize"": 0, ""subst"": 0, ""unfold"": 1}"
eval_upper_link_affine_row_after_env,Lemma,False,953,1022,70,962,1022,61,2,upper_link_affine_row_after_env_sound;upper_link_constraint_after_env_complete,2,upper_link_affine_row_after_env;tiling_dot_product_mult_left,0,,False,True,"{""apply"": 2, ""assert"": 1, ""destruct"": 0, ""eapply"": 0, ""inversion"": 0, ""lia"": 2, ""nia"": 1, ""pose proof"": 0, ""repeat"": 2, ""rewrite"": 10, ""specialize"": 0, ""subst"": 0, ""unfold"": 2}"
upper_link_affine_row_after_env_sound,Lemma,False,1024,1038,15,1033,1038,6,1,upper_link_constraint_after_env_sound,2,upper_link_affine_row_after_env;eval_upper_link_affine_row_after_env,0,,False,True,"{""apply"": 0, ""assert"": 0, ""destruct"": 0, ""eapply"": 0, ""inversion"": 0, ""lia"": 0, ""nia"": 0, ""pose proof"": 0, ""repeat"": 0, ""rewrite"": 1, ""specialize"": 0, ""subst"": 0, ""unfold"": 1}"
upper_link_constraint_after_env_sound,Lemma,False,1040,1055,16,1049,1055,7,1,compile_link_domain_after_env_from_sound,3,upper_link_constraint_after_env;compile_ge_affine_row_to_constraint_sound;upper_link_affine_row_after_env_sound,0,,False,True,"{""apply"": 2, ""assert"": 0, ""destruct"": 0, ""eapply"": 0, ""inversion"": 0, ""lia"": 0, ""nia"": 0, ""pose proof"": 0, ""repeat"": 0, ""rewrite"": 1, ""specialize"": 0, ""subst"": 0, ""unfold"": 1}"
lower_link_constraint_after_env_complete,Lemma,False,1057,1074,18,1066,1074,9,1,compile_link_domain_after_env_from_complete,3,lower_link_constraint_after_env;compile_ge_affine_row_to_constraint_complete;eval_lower_link_affine_row_after_env,0,,False,True,"{""apply"": 1, ""assert"": 0, ""destruct"": 0, ""eapply"": 0, ""inversion"": 0, ""lia"": 0, ""nia"": 0, ""pose proof"": 0, ""repeat"": 0, ""rewrite"": 1, ""specialize"": 0, ""subst"": 0, ""unfold"": 2}"
upper_link_constraint_after_env_complete,Lemma,False,1076,1093,18,1085,1093,9,1,compile_link_domain_after_env_from_complete,3,upper_link_constraint_after_env;compile_ge_affine_row_to_constraint_complete;eval_upper_link_affine_row_after_env,0,,False,True,"{""apply"": 1, ""assert"": 0, ""destruct"": 0, ""eapply"": 0, ""inversion"": 0, ""lia"": 0, ""nia"": 0, ""pose proof"": 0, ""repeat"": 0, ""rewrite"": 2, ""specialize"": 0, ""subst"": 0, ""unfold"": 2}"
eval_tile_links_app_suffix,Lemma,False,1095,1111,17,1099,1111,13,1,compile_link_domain_after_env_from_sound,0,,0,,False,True,"{""apply"": 0, ""assert"": 0, ""destruct"": 1, ""eapply"": 0, ""inversion"": 0, ""lia"": 0, ""nia"": 0, ""pose proof"": 0, ""repeat"": 0, ""rewrite"": 3, ""specialize"": 0, ""subst"": 0, ""unfold"": 0}"
compile_link_domain_after_env_from_sound,Lemma,False,1113,1213,101,1125,1213,89,1,compile_link_domain_after_env_sound,6,lower_link_constraint_after_env;upper_link_constraint_after_env;compile_link_domain_after_env_from;lower_link_constraint_after_env_sound;upper_link_constraint_after_env_sound;eval_tile_links_app_suffix,0,,False,True,"{""apply"": 8, ""assert"": 6, ""destruct"": 2, ""eapply"": 0, ""inversion"": 0, ""lia"": 2, ""nia"": 0, ""pose proof"": 4, ""repeat"": 0, ""rewrite"": 14, ""specialize"": 0, ""subst"": 1, ""unfold"": 0}"
compile_link_domain_after_env_sound,Theorem,False,1215,1237,23,1223,1237,15,2,tiling_rel_pinstr_structure_domain_lifted_compiled;tiling_rel_pinstr_structure_source_domain_lifted,3,wf_statement_tiling_witness_with_param_dim;compile_link_domain_after_env;compile_link_domain_after_env_from_sound,0,,False,True,"{""apply"": 1, ""assert"": 0, ""destruct"": 1, ""eapply"": 0, ""inversion"": 0, ""lia"": 0, ""nia"": 0, ""pose proof"": 0, ""repeat"": 0, ""rewrite"": 1, ""specialize"": 0, ""subst"": 0, ""unfold"": 2}"
compile_link_domain_after_env_from_complete,Theorem,False,1239,1326,88,1252,1326,75,1,compile_link_domain_after_env_complete,4,app_singleton_cons;compile_link_domain_after_env_from;lower_link_constraint_after_env_complete;upper_link_constraint_after_env_complete,0,,False,True,"{""apply"": 4, ""assert"": 5, ""destruct"": 3, ""eapply"": 0, ""inversion"": 0, ""lia"": 4, ""nia"": 0, ""pose proof"": 4, ""repeat"": 1, ""rewrite"": 10, ""specialize"": 0, ""subst"": 0, ""unfold"": 1}"
compile_link_domain_after_env_complete,Theorem,False,1328,1350,23,1338,1350,13,2,tiling_rel_pinstr_structure_compiled_domain_complete;tiling_rel_pinstr_structure_source_domain_complete,3,wf_statement_tiling_witness_with_param_dim;compile_link_domain_after_env;compile_link_domain_after_env_from_complete,0,,False,True,"{""apply"": 0, ""assert"": 0, ""destruct"": 1, ""eapply"": 0, ""inversion"": 0, ""lia"": 0, ""nia"": 0, ""pose proof"": 0, ""repeat"": 0, ""rewrite"": 1, ""specialize"": 1, ""subst"": 0, ""unfold"": 2}"
lifted_base_domain_after_env_in_poly,Lemma,False,1352,1367,16,1360,1367,8,5,tiling_rel_pinstr_structure_domain_decompose;tiling_rel_pinstr_structure_domain_lifted_compiled;tiling_rel_pinstr_structure_source_domain_lifted;tiling_rel_pinstr_structure_compiled_domain_complete;tiling_rel_pinstr_structure_source_domain_complete,2,lift_constraint_after_env;lift_constraint_after_env_satisfies,0,,False,True,"{""apply"": 0, ""assert"": 0, ""destruct"": 0, ""eapply"": 0, ""inversion"": 0, ""lia"": 0, ""nia"": 0, ""pose proof"": 0, ""repeat"": 0, ""rewrite"": 2, ""specialize"": 0, ""subst"": 0, ""unfold"": 0}"
tiling_rel_pinstr_structure_domain_decompose,Theorem,False,1369,1384,16,1376,1384,9,0,,3,lifted_base_domain_after_env;tiling_rel_pinstr_structure;lifted_base_domain_after_env_in_poly,0,,False,False,"{""apply"": 1, ""assert"": 0, ""destruct"": 1, ""eapply"": 0, ""inversion"": 0, ""lia"": 0, ""nia"": 0, ""pose proof"": 0, ""repeat"": 0, ""rewrite"": 2, ""specialize"": 0, ""subst"": 0, ""unfold"": 1}"
tiling_rel_pinstr_structure_domain_lifted_compiled,Theorem,False,1386,1435,50,1401,1435,35,1,tiling_rel_pinstr_structure_compiled_domain_lifted,8,wf_pinstr_tiling_witness;wf_statement_tiling_witness_with_param_dim;eval_pinstr_tiling_index_with_env;lifted_base_domain_after_env;tiling_rel_pinstr_structure;witness_matches_compiled_link_domain;compile_link_domain_after_env_sound;lifted_base_domain_after_env_in_poly,0,,False,False,"{""apply"": 0, ""assert"": 0, ""destruct"": 1, ""eapply"": 0, ""inversion"": 0, ""lia"": 1, ""nia"": 0, ""pose proof"": 0, ""repeat"": 0, ""rewrite"": 7, ""specialize"": 0, ""subst"": 0, ""unfold"": 4}"
tiling_rel_pinstr_structure_compiled_domain_lifted,Theorem,False,1437,1461,25,1451,1461,11,4,tiling_rel_pinstr_structure_compiled_domain_iff;tiling_rel_pprog_structure_compiled_belongs_to_ext_nth;tiling_rel_pprog_structure_compiled_old_point_belongs_to_nth;tiling_rel_pprog_structure_compiled_new_point_belongs_to_nth,7,wf_statement_tiling_witness_with_param_dim;eval_pinstr_tiling_index_with_env;compiled_pinstr_tiling_witness;tiling_rel_pinstr_structure_compiled;wf_compiled_pinstr_tiling_witness;compiled_pinstr_tiling_witness_matches;tiling_rel_pinstr_structure_domain_lifted_compiled,0,,False,False,"{""apply"": 2, ""assert"": 0, ""destruct"": 0, ""eapply"": 1, ""inversion"": 0, ""lia"": 0, ""nia"": 0, ""pose proof"": 0, ""repeat"": 0, ""rewrite"": 0, ""specialize"": 0, ""subst"": 0, ""unfold"": 0}"
tiling_rel_pinstr_structure_source_domain_lifted,Theorem,False,1463,1525,63,1478,1525,48,1,tiling_rel_pprog_structure_source_old_point_belongs_to_nth,8,lift_constraint_after_env;wf_statement_tiling_witness_with_param_dim;eval_pinstr_tiling_index_with_env;lifted_base_domain_after_env;tiling_rel_pinstr_structure_source;compiled_pinstr_tiling_witness;compile_link_domain_after_env_sound;lifted_base_domain_after_env_in_poly,0,,False,True,"{""apply"": 0, ""assert"": 0, ""destruct"": 1, ""eapply"": 0, ""inversion"": 0, ""lia"": 0, ""nia"": 0, ""pose proof"": 0, ""repeat"": 0, ""rewrite"": 6, ""specialize"": 0, ""subst"": 0, ""unfold"": 6}"
tiling_rel_pinstr_structure_compiled_domain_complete,Theorem,False,1527,1564,38,1540,1564,25,4,tiling_rel_pinstr_structure_compiled_index_complete;tiling_rel_pinstr_structure_compiled_domain_iff;tiling_rel_pprog_structure_compiled_before_of_retiled_old_point_belongs_to_nth;tiling_rel_pinstr_structure_compiled_before_of_retiled_old_point_injective,6,wf_statement_tiling_witness_with_param_dim;lifted_base_domain_after_env;compiled_pinstr_tiling_witness;tiling_rel_pinstr_structure_compiled;compile_link_domain_after_env_complete;lifted_base_domain_after_env_in_poly,0,,False,False,"{""apply"": 1, ""assert"": 0, ""destruct"": 1, ""eapply"": 1, ""inversion"": 0, ""lia"": 0, ""nia"": 0, ""pose proof"": 0, ""repeat"": 0, ""rewrite"": 3, ""specialize"": 0, ""subst"": 0, ""unfold"": 2}"
tiling_rel_pinstr_structure_source_domain_complete,Theorem,False,1566,1612,47,1581,1612,32,3,tiling_rel_pprog_structure_source_before_of_retiled_old_point_belongs_to_nth;tiling_rel_pinstr_structure_source_before_of_retiled_old_point_injective;tiling_rel_pprog_structure_source_before_of_retiled_old_instr_semantics_iff_nth,8,lift_constraint_after_env;wf_pinstr_tiling_witness;wf_statement_tiling_witness_with_param_dim;lifted_base_domain_after_env;tiling_rel_pinstr_structure_source;witness_matches_compiled_link_domain;compile_link_domain_after_env_complete;lifted_base_domain_after_env_in_poly,18,src/TilingBandMixedSecondValidator.v:1200;src/TilingBandMixedSecondValidator.v:1215;src/TilingBandMixedSecondValidator.v:2500;src/TilingBandMixedSecondValidator.v:2515;src/TilingBandScheduleValidator.v:11525;src/TilingBandScheduleValidator.v:11541;src/TilingBandScheduleValidator.v:12335;src/TilingBandScheduleValidator.v:12349;src/TilingBandScheduleValidator.v:18039;src/TilingBandScheduleValidator.v:18057;src/TilingBandScheduleValidator.v:19862;src/TilingBandScheduleValidator.v:19880;src/TilingBandScheduleValidator.v:23465;src/TilingBandScheduleValidator.v:23483;src/TilingBandScheduleValidator.v:26988;src/TilingBandScheduleValidator.v:27006;src/TilingBandScheduleValidator.v:27937;src/TilingBandScheduleValidator.v:27955,True,True,"{""apply"": 1, ""assert"": 0, ""destruct"": 1, ""eapply"": 1, ""inversion"": 0, ""lia"": 0, ""nia"": 0, ""pose proof"": 0, ""repeat"": 0, ""rewrite"": 5, ""specialize"": 0, ""subst"": 0, ""unfold"": 2}"
tiling_rel_pinstr_structure_compiled_index_complete,Theorem,False,1614,1640,27,1628,1640,13,0,,5,wf_statement_tiling_witness_with_param_dim;eval_pinstr_tiling_index_with_env;compiled_pinstr_tiling_witness;tiling_rel_pinstr_structure_compiled;tiling_rel_pinstr_structure_compiled_domain_complete,0,,False,False,"{""apply"": 0, ""assert"": 0, ""destruct"": 0, ""eapply"": 0, ""inversion"": 0, ""lia"": 0, ""nia"": 0, ""pose proof"": 1, ""repeat"": 0, ""rewrite"": 1, ""specialize"": 0, ""subst"": 0, ""unfold"": 1}"
tiling_rel_pinstr_structure_compiled_domain_iff,Theorem,False,1642,1668,27,1655,1668,14,1,tiling_rel_pprog_structure_compiled_domain_iff_nth,6,wf_statement_tiling_witness_with_param_dim;eval_pinstr_tiling_index_with_env;compiled_pinstr_tiling_witness;tiling_rel_pinstr_structure_compiled;tiling_rel_pinstr_structure_compiled_domain_lifted;tiling_rel_pinstr_structure_compiled_domain_complete,0,,False,False,"{""apply"": 0, ""assert"": 0, ""destruct"": 0, ""eapply"": 2, ""inversion"": 0, ""lia"": 0, ""nia"": 0, ""pose proof"": 0, ""repeat"": 0, ""rewrite"": 0, ""specialize"": 0, ""subst"": 1, ""unfold"": 0}"
tiling_rel_pinstr_list_compiled_nth,Lemma,False,1670,1691,22,1678,1691,14,1,tiling_rel_pprog_structure_compiled_nth,3,tiling_rel_pinstr_list;compiled_pinstr_tiling_witness;tiling_rel_pinstr_structure_compiled,0,,False,False,"{""apply"": 0, ""assert"": 0, ""destruct"": 5, ""eapply"": 1, ""inversion"": 4, ""lia"": 0, ""nia"": 0, ""pose proof"": 0, ""repeat"": 0, ""rewrite"": 0, ""specialize"": 0, ""subst"": 1, ""unfold"": 0}"
tiling_rel_pinstr_list_source_nth,Lemma,False,1693,1713,21,1700,1713,14,1,tiling_rel_pprog_structure_source_nth,2,tiling_rel_pinstr_structure_source;tiling_rel_pinstr_list_source,0,,False,True,"{""apply"": 0, ""assert"": 0, ""destruct"": 5, ""eapply"": 1, ""inversion"": 4, ""lia"": 0, ""nia"": 0, ""pose proof"": 0, ""repeat"": 0, ""rewrite"": 0, ""specialize"": 0, ""subst"": 1, ""unfold"": 0}"
tiling_rel_pprog_structure_compiled_nth,Theorem,False,1715,1738,24,1728,1738,11,11,tiling_rel_pprog_structure_compiled_domain_iff_nth;tiling_rel_pprog_structure_compiled_waccess_lifted_nth;tiling_rel_pprog_structure_compiled_raccess_lifted_nth;tiling_rel_pprog_structure_compiled_old_schedule_lifted_nth;tiling_rel_pprog_structure_compiled_belongs_to_ext_nth;tiling_rel_pprog_structure_compiled_before_of_retiled_old_point_belongs_to_nth;before_ipl_from_retiled_old_forward;before_ipl_from_retiled_old_nodup;tiling_rel_pprog_structure_compiled_old_point_belongs_to_nth;before_ipl_from_retiled_old_backward;tiling_rel_pprog_structure_compiled_new_point_belongs_to_nth,4,tiling_rel_pprog_structure;tiling_rel_pinstr_structure_compiled;tiling_rel_pprog_structure_compiled;tiling_rel_pinstr_list_compiled_nth,0,,False,False,"{""apply"": 0, ""assert"": 0, ""destruct"": 1, ""eapply"": 1, ""inversion"": 0, ""lia"": 0, ""nia"": 0, ""pose proof"": 0, ""repeat"": 0, ""rewrite"": 0, ""specialize"": 0, ""subst"": 1, ""unfold"": 1}"
tiling_rel_pprog_structure_source_nth,Theorem,False,1740,1761,22,1753,1761,9,7,tiling_rel_pprog_structure_source_before_of_retiled_old_point_belongs_to_nth;before_ipl_from_retiled_old_forward_source;tiling_rel_pprog_structure_source_before_of_retiled_old_instr_semantics_iff_nth;tiling_rel_pprog_structure_source_old_point_belongs_to_nth;before_ipl_from_retiled_old_backward_source;before_ipl_from_retiled_old_nodup_source;flatten_instrs_retiled_old_member_time_stamp_preserved_source,3,tiling_rel_pinstr_structure_source;tiling_rel_pprog_structure_source;tiling_rel_pinstr_list_source_nth,16,src/TilingBandMixedSecondValidator.v:1032;src/TilingBandMixedSecondValidator.v:2339;src/TilingBandScheduleValidator.v:11275;src/TilingBandScheduleValidator.v:11287;src/TilingBandScheduleValidator.v:12159;src/TilingBandScheduleValidator.v:12170;src/TilingBandScheduleValidator.v:17816;src/TilingBandScheduleValidator.v:17829;src/TilingBandScheduleValidator.v:19645;src/TilingBandScheduleValidator.v:19658;src/TilingBandScheduleValidator.v:23258;src/TilingBandScheduleValidator.v:23271;src/TilingBandScheduleValidator.v:26765;src/TilingBandScheduleValidator.v:26778;src/TilingBandScheduleValidator.v:27726;src/TilingBandScheduleValidator.v:27739,True,True,"{""apply"": 0, ""assert"": 0, ""destruct"": 1, ""eapply"": 1, ""inversion"": 0, ""lia"": 0, ""nia"": 0, ""pose proof"": 0, ""repeat"": 0, ""rewrite"": 0, ""specialize"": 0, ""subst"": 0, ""unfold"": 1}"
tiling_rel_pprog_structure_compiled_domain_iff_nth,Theorem,False,1763,1801,39,1786,1801,16,0,,4,wf_statement_tiling_witness_with_param_dim;tiling_rel_pprog_structure_compiled;tiling_rel_pinstr_structure_compiled_domain_iff;tiling_rel_pprog_structure_compiled_nth,0,,False,False,"{""apply"": 0, ""assert"": 0, ""destruct"": 0, ""eapply"": 1, ""inversion"": 0, ""lia"": 0, ""nia"": 0, ""pose proof"": 1, ""repeat"": 0, ""rewrite"": 1, ""specialize"": 0, ""subst"": 0, ""unfold"": 0}"
tiling_rel_pinstr_structure_waccess_exact_cells,Theorem,False,1803,1822,20,1813,1822,10,1,tiling_rel_pinstr_structure_waccess_lifted,3,lifted_accesses_after_env;tiling_rel_pinstr_structure;lift_access_after_env_exact_cell,0,,False,False,"{""apply"": 2, ""assert"": 0, ""destruct"": 1, ""eapply"": 0, ""inversion"": 0, ""lia"": 0, ""nia"": 0, ""pose proof"": 0, ""repeat"": 0, ""rewrite"": 2, ""specialize"": 0, ""subst"": 0, ""unfold"": 1}"
tiling_rel_pinstr_structure_raccess_exact_cells,Theorem,False,1824,1843,20,1834,1843,10,1,tiling_rel_pinstr_structure_raccess_lifted,3,lifted_accesses_after_env;tiling_rel_pinstr_structure;lift_access_after_env_exact_cell,0,,False,False,"{""apply"": 2, ""assert"": 0, ""destruct"": 1, ""eapply"": 0, ""inversion"": 0, ""lia"": 0, ""nia"": 0, ""pose proof"": 0, ""repeat"": 0, ""rewrite"": 2, ""specialize"": 0, ""subst"": 0, ""unfold"": 1}"
tiling_rel_pinstr_structure_source_of_tiled,Lemma,False,1845,1857,13,1850,1857,8,0,,3,tiling_rel_pinstr_structure;tiling_rel_pinstr_structure_source;source_view_of_tiled_pinstr,0,,False,False,"{""apply"": 0, ""assert"": 0, ""destruct"": 1, ""eapply"": 0, ""inversion"": 0, ""lia"": 0, ""nia"": 0, ""pose proof"": 0, ""repeat"": 1, ""rewrite"": 0, ""specialize"": 0, ""subst"": 0, ""unfold"": 1}"
tiling_rel_pinstr_structure_source_transformation_lifted,Theorem,False,1859,1931,73,1869,1931,63,1,tiling_rel_pinstr_structure_source_instr_semantics_lifted_iff,4,wf_pinstr_tiling_witness;eval_pinstr_tiling_index_with_env;tiling_rel_pinstr_structure_source;lift_affine_function_after_env_eval,0,,False,True,"{""apply"": 1, ""assert"": 2, ""destruct"": 1, ""eapply"": 0, ""inversion"": 0, ""lia"": 2, ""nia"": 0, ""pose proof"": 0, ""repeat"": 1, ""rewrite"": 8, ""specialize"": 0, ""subst"": 0, ""unfold"": 4}"
tiling_rel_pinstr_structure_source_instr_semantics_lifted_iff,Theorem,False,1933,1958,26,1949,1958,10,1,tiling_rel_pprog_structure_source_before_of_retiled_old_instr_semantics_iff_nth,4,wf_pinstr_tiling_witness;eval_pinstr_tiling_index_with_env;tiling_rel_pinstr_structure_source;tiling_rel_pinstr_structure_source_transformation_lifted,0,,False,True,"{""apply"": 0, ""assert"": 0, ""destruct"": 1, ""eapply"": 0, ""inversion"": 0, ""lia"": 0, ""nia"": 0, ""pose proof"": 1, ""repeat"": 0, ""rewrite"": 3, ""specialize"": 0, ""subst"": 0, ""unfold"": 0}"
tiling_rel_pinstr_structure_waccess_lifted,Theorem,False,1960,1981,22,1970,1981,12,1,tiling_rel_pinstr_structure_compiled_waccess_lifted,4,wf_pinstr_tiling_witness;eval_pinstr_tiling_index_with_env;tiling_rel_pinstr_structure;tiling_rel_pinstr_structure_waccess_exact_cells,0,,False,False,"{""apply"": 0, ""assert"": 0, ""destruct"": 0, ""eapply"": 1, ""inversion"": 0, ""lia"": 1, ""nia"": 0, ""pose proof"": 0, ""repeat"": 0, ""rewrite"": 1, ""specialize"": 0, ""subst"": 0, ""unfold"": 2}"
tiling_rel_pinstr_structure_raccess_lifted,Theorem,False,1983,2004,22,1993,2004,12,1,tiling_rel_pinstr_structure_compiled_raccess_lifted,4,wf_pinstr_tiling_witness;eval_pinstr_tiling_index_with_env;tiling_rel_pinstr_structure;tiling_rel_pinstr_structure_raccess_exact_cells,0,,False,False,"{""apply"": 0, ""assert"": 0, ""destruct"": 0, ""eapply"": 1, ""inversion"": 0, ""lia"": 1, ""nia"": 0, ""pose proof"": 0, ""repeat"": 0, ""rewrite"": 1, ""specialize"": 0, ""subst"": 0, ""unfold"": 2}"
tiling_rel_pinstr_structure_compiled_waccess_lifted,Theorem,False,2006,2023,18,2018,2023,6,1,tiling_rel_pprog_structure_compiled_waccess_lifted_nth,5,eval_pinstr_tiling_index_with_env;compiled_pinstr_tiling_witness;tiling_rel_pinstr_structure_compiled;wf_compiled_pinstr_tiling_witness;tiling_rel_pinstr_structure_waccess_lifted,0,,False,False,"{""apply"": 1, ""assert"": 0, ""destruct"": 0, ""eapply"": 1, ""inversion"": 0, ""lia"": 0, ""nia"": 0, ""pose proof"": 0, ""repeat"": 0, ""rewrite"": 0, ""specialize"": 0, ""subst"": 0, ""unfold"": 0}"
tiling_rel_pinstr_structure_compiled_raccess_lifted,Theorem,False,2025,2042,18,2037,2042,6,1,tiling_rel_pprog_structure_compiled_raccess_lifted_nth,5,eval_pinstr_tiling_index_with_env;compiled_pinstr_tiling_witness;tiling_rel_pinstr_structure_compiled;wf_compiled_pinstr_tiling_witness;tiling_rel_pinstr_structure_raccess_lifted,0,,False,False,"{""apply"": 1, ""assert"": 0, ""destruct"": 0, ""eapply"": 1, ""inversion"": 0, ""lia"": 0, ""nia"": 0, ""pose proof"": 0, ""repeat"": 0, ""rewrite"": 0, ""specialize"": 0, ""subst"": 0, ""unfold"": 0}"
tiling_rel_pprog_structure_compiled_waccess_lifted_nth,Theorem,False,2044,2081,38,2066,2081,16,0,,5,eval_pinstr_tiling_index_with_env;compiled_pinstr_tiling_witness;tiling_rel_pprog_structure_compiled;tiling_rel_pprog_structure_compiled_nth;tiling_rel_pinstr_structure_compiled_waccess_lifted,0,,False,False,"{""apply"": 0, ""assert"": 0, ""destruct"": 0, ""eapply"": 1, ""inversion"": 0, ""lia"": 0, ""nia"": 0, ""pose proof"": 1, ""repeat"": 0, ""rewrite"": 1, ""specialize"": 0, ""subst"": 0, ""unfold"": 0}"
tiling_rel_pprog_structure_compiled_raccess_lifted_nth,Theorem,False,2083,2119,37,2105,2119,15,0,,5,eval_pinstr_tiling_index_with_env;compiled_pinstr_tiling_witness;tiling_rel_pprog_structure_compiled;tiling_rel_pprog_structure_compiled_nth;tiling_rel_pinstr_structure_compiled_raccess_lifted,0,,False,False,"{""apply"": 0, ""assert"": 0, ""destruct"": 0, ""eapply"": 1, ""inversion"": 0, ""lia"": 0, ""nia"": 0, ""pose proof"": 1, ""repeat"": 0, ""rewrite"": 1, ""specialize"": 0, ""subst"": 0, ""unfold"": 0}"
tiling_rel_pinstr_structure_compiled_old_schedule_lifted,Theorem,False,2121,2141,21,2132,2141,10,1,tiling_rel_pprog_structure_compiled_old_schedule_lifted_nth,5,lift_schedule_after_env;eval_pinstr_tiling_index_with_env;compiled_pinstr_tiling_witness;tiling_rel_pinstr_structure_compiled;lift_affine_function_after_env_eval,0,,False,False,"{""apply"": 1, ""assert"": 0, ""destruct"": 0, ""eapply"": 0, ""inversion"": 0, ""lia"": 0, ""nia"": 0, ""pose proof"": 0, ""repeat"": 0, ""rewrite"": 1, ""specialize"": 0, ""subst"": 0, ""unfold"": 1}"
tiling_rel_pprog_structure_compiled_old_schedule_lifted_nth,Theorem,False,2143,2180,38,2164,2180,17,0,,5,compose_tiling_pinstr_ext;compose_tiling_instr_point_ext;tiling_rel_pprog_structure_compiled;tiling_rel_pprog_structure_compiled_nth;tiling_rel_pinstr_structure_compiled_old_schedule_lifted,0,,False,False,"{""apply"": 0, ""assert"": 0, ""destruct"": 0, ""eapply"": 1, ""inversion"": 0, ""lia"": 0, ""nia"": 0, ""pose proof"": 1, ""repeat"": 0, ""rewrite"": 1, ""specialize"": 0, ""subst"": 0, ""unfold"": 1}"
tiling_rel_pprog_structure_compiled_belongs_to_ext_nth,Theorem,False,2182,2225,44,2205,2223,19,0,,6,wf_statement_tiling_witness_with_param_dim;compose_tiling_pinstr_ext;compose_tiling_instr_point_ext;tiling_rel_pprog_structure_compiled;tiling_rel_pinstr_structure_compiled_domain_lifted;tiling_rel_pprog_structure_compiled_nth,0,,False,False,"{""apply"": 0, ""assert"": 0, ""destruct"": 0, ""eapply"": 1, ""inversion"": 0, ""lia"": 0, ""nia"": 0, ""pose proof"": 1, ""repeat"": 1, ""rewrite"": 1, ""specialize"": 0, ""subst"": 0, ""unfold"": 1}"
tiled_added_part,Definition,False,2227,2229,3,,,0,10,tiled_added_part_length;tiled_index_split;tiling_rel_pprog_structure_compiled_before_of_retiled_old_point_belongs_to_nth;tiling_rel_pprog_structure_source_before_of_retiled_old_point_belongs_to_nth;tiling_rel_pinstr_structure_source_before_of_retiled_old_point_injective;tiling_rel_pinstr_structure_source_before_of_retiled_old_sched_le_iff;tiling_rel_pinstr_structure_compiled_before_of_retiled_old_point_injective;tiling_rel_pinstr_structure_compiled_before_of_retiled_old_time_stamp;tiling_rel_pinstr_structure_source_before_of_retiled_old_time_stamp;tiling_rel_pprog_structure_source_before_of_retiled_old_instr_semantics_iff_nth,0,,36,src/TilingBandMixedSecondValidator.v:1073;src/TilingBandMixedSecondValidator.v:1081;src/TilingBandMixedSecondValidator.v:1144;src/TilingBandMixedSecondValidator.v:1159;src/TilingBandMixedSecondValidator.v:2373;src/TilingBandMixedSecondValidator.v:2381;src/TilingBandMixedSecondValidator.v:2444;src/TilingBandMixedSecondValidator.v:2459;src/TilingBandScheduleValidator.v:11364;src/TilingBandScheduleValidator.v:11372;src/TilingBandScheduleValidator.v:11451;src/TilingBandScheduleValidator.v:11469;src/TilingBandScheduleValidator.v:12220;src/TilingBandScheduleValidator.v:12228;src/TilingBandScheduleValidator.v:12279;src/TilingBandScheduleValidator.v:12294;src/TilingBandScheduleValidator.v:17877;src/TilingBandScheduleValidator.v:17887;src/TilingBandScheduleValidator.v:17934;src/TilingBandScheduleValidator.v:17951;src/TilingBandScheduleValidator.v:19704;src/TilingBandScheduleValidator.v:19714;src/TilingBandScheduleValidator.v:19761;src/TilingBandScheduleValidator.v:19777;src/TilingBandScheduleValidator.v:23305;src/TilingBandScheduleValidator.v:23315;src/TilingBandScheduleValidator.v:23362;src/TilingBandScheduleValidator.v:23378;src/TilingBandScheduleValidator.v:26826;src/TilingBandScheduleValidator.v:26836;src/TilingBandScheduleValidator.v:26883;src/TilingBandScheduleValidator.v:26900;src/TilingBandScheduleValidator.v:27775;src/TilingBandScheduleValidator.v:27785;src/TilingBandScheduleValidator.v:27832;src/TilingBandScheduleValidator.v:27849,True,True,"{""apply"": 0, ""assert"": 0, ""destruct"": 0, ""eapply"": 0, ""inversion"": 0, ""lia"": 0, ""nia"": 0, ""pose proof"": 0, ""repeat"": 0, ""rewrite"": 0, ""specialize"": 0, ""subst"": 0, ""unfold"": 0}"
tiled_point_part,Definition,False,2231,2233,3,,,0,14,before_index_of_retiled_old;before_index_of_retiled_old_length;before_of_retiled_old_point_old_of_compose_tiling_instr_point_ext;tiled_point_part_length;tiled_index_split;tiling_rel_pprog_structure_compiled_before_of_retiled_old_point_belongs_to_nth;tiling_rel_pprog_structure_source_before_of_retiled_old_point_belongs_to_nth;tiling_rel_pinstr_structure_source_before_of_retiled_old_point_injective;tiling_rel_pinstr_structure_source_before_of_retiled_old_sched_le_iff;tiling_rel_pinstr_structure_compiled_before_of_retiled_old_point_injective;tiling_rel_pinstr_structure_compiled_before_of_retiled_old_time_stamp;tiling_rel_pinstr_structure_source_before_of_retiled_old_time_stamp;tiling_rel_pprog_structure_source_before_of_retiled_old_instr_semantics_iff_nth;tiling_rel_pprog_structure_source_before_point_has_retiled_old_preimage_nth,0,,36,src/TilingBandMixedSecondValidator.v:1077;src/TilingBandMixedSecondValidator.v:1085;src/TilingBandMixedSecondValidator.v:1147;src/TilingBandMixedSecondValidator.v:1162;src/TilingBandMixedSecondValidator.v:2377;src/TilingBandMixedSecondValidator.v:2385;src/TilingBandMixedSecondValidator.v:2447;src/TilingBandMixedSecondValidator.v:2462;src/TilingBandScheduleValidator.v:11368;src/TilingBandScheduleValidator.v:11376;src/TilingBandScheduleValidator.v:11454;src/TilingBandScheduleValidator.v:11472;src/TilingBandScheduleValidator.v:12224;src/TilingBandScheduleValidator.v:12232;src/TilingBandScheduleValidator.v:12282;src/TilingBandScheduleValidator.v:12297;src/TilingBandScheduleValidator.v:17882;src/TilingBandScheduleValidator.v:17892;src/TilingBandScheduleValidator.v:17937;src/TilingBandScheduleValidator.v:17954;src/TilingBandScheduleValidator.v:19709;src/TilingBandScheduleValidator.v:19719;src/TilingBandScheduleValidator.v:19764;src/TilingBandScheduleValidator.v:19780;src/TilingBandScheduleValidator.v:23310;src/TilingBandScheduleValidator.v:23320;src/TilingBandScheduleValidator.v:23365;src/TilingBandScheduleValidator.v:23381;src/TilingBandScheduleValidator.v:26831;src/TilingBandScheduleValidator.v:26841;src/TilingBandScheduleValidator.v:26886;src/TilingBandScheduleValidator.v:26903;src/TilingBandScheduleValidator.v:27780;src/TilingBandScheduleValidator.v:27790;src/TilingBandScheduleValidator.v:27835;src/TilingBandScheduleValidator.v:27852,True,True,"{""apply"": 0, ""assert"": 0, ""destruct"": 0, ""eapply"": 0, ""inversion"": 0, ""lia"": 0, ""nia"": 0, ""pose proof"": 0, ""repeat"": 0, ""rewrite"": 0, ""specialize"": 0, ""subst"": 0, ""unfold"": 0}"
before_index_of_retiled_old,Definition,False,2235,2237,3,,,0,14,before_of_retiled_old_point;before_of_retiled_old_point_source;before_of_retiled_old_point_prefix;before_index_of_retiled_old_length;before_of_retiled_old_point_old_of_compose_tiling_instr_point_ext;tiling_rel_pprog_structure_compiled_before_of_retiled_old_point_belongs_to_nth;tiling_rel_pprog_structure_source_before_of_retiled_old_point_belongs_to_nth;tiling_rel_pinstr_structure_source_before_of_retiled_old_point_injective;tiling_rel_pinstr_structure_source_before_of_retiled_old_sched_le_iff;tiling_rel_pinstr_structure_compiled_before_of_retiled_old_point_injective;tiling_rel_pinstr_structure_compiled_before_of_retiled_old_time_stamp;tiling_rel_pinstr_structure_source_before_of_retiled_old_time_stamp;tiling_rel_pprog_structure_source_before_of_retiled_old_instr_semantics_iff_nth;tiling_rel_pprog_structure_source_before_point_has_retiled_old_preimage_nth,1,tiled_point_part,0,,False,True,"{""apply"": 0, ""assert"": 0, ""destruct"": 0, ""eapply"": 0, ""inversion"": 0, ""lia"": 0, ""nia"": 0, ""pose proof"": 0, ""repeat"": 0, ""rewrite"": 0, ""specialize"": 0, ""subst"": 0, ""unfold"": 0}"
before_of_retiled_old_point,Definition,False,2239,2251,13,,,0,20,before_ipl_from_retiled_old;before_of_retiled_old_point_eq_source_if_identity;before_of_retiled_old_pprog_point;before_of_retiled_old_pprog_point_app_tail;before_of_retiled_old_point_prefix;before_of_retiled_old_point_old_of_compose_tiling_instr_point_ext;tiling_rel_pprog_structure_compiled_before_of_retiled_old_point_belongs_to_nth;tiling_rel_pprog_structure_source_before_of_retiled_old_point_belongs_to_nth;tiling_rel_pinstr_structure_source_before_of_retiled_old_point_injective;tiling_rel_pinstr_structure_source_before_of_retiled_old_sched_le_iff;HdRel_before_of_retiled_old_preserved_source;tiling_rel_pinstr_structure_compiled_before_of_retiled_old_point_injective;tiling_rel_pinstr_structure_compiled_before_of_retiled_old_time_stamp;tiling_rel_pinstr_structure_source_before_of_retiled_old_time_stamp;tiling_rel_pinstr_structure_compiled_before_of_retiled_old_sched_le_iff;HdRel_before_of_retiled_old_preserved;tiling_rel_pprog_structure_source_before_of_retiled_old_instr_semantics_iff_nth;before_of_retiled_old_list_semantics_preserved;tiling_rel_pprog_structure_compiled_before_point_has_retiled_old_preimage_nth;tiling_rel_pprog_structure_source_before_point_has_retiled_old_preimage_nth,1,before_index_of_retiled_old,0,,False,True,"{""apply"": 0, ""assert"": 0, ""destruct"": 0, ""eapply"": 0, ""inversion"": 0, ""lia"": 0, ""nia"": 0, ""pose proof"": 0, ""repeat"": 0, ""rewrite"": 0, ""specialize"": 0, ""subst"": 0, ""unfold"": 0}"
before_ipl_from_retiled_old,Definition,False,2253,2257,5,,,0,17,before_ipl_from_retiled_old_forward_source;HdRel_before_of_retiled_old_preserved_source;before_of_retiled_old_sorted_sched_preserved_source;before_ipl_from_retiled_old_forward;before_ipl_from_retiled_old_nodup;HdRel_before_of_retiled_old_preserved;before_of_retiled_old_sorted_sched_preserved;before_of_retiled_old_list_semantics_preserved;before_ipl_from_retiled_old_backward;before_ipl_from_retiled_old_backward_source;flatten_instr_nth_retiled_old_implies_before_flatten_instr_nth_exists;flatten_instr_nth_retiled_old_implies_before_flatten_instr_nth_exists_perm;flatten_instrs_retiled_old_implies_before_exists_perm;before_ipl_from_retiled_old_nodup_source;flatten_instr_nth_retiled_old_implies_before_flatten_instr_nth_exists_source;flatten_instr_nth_retiled_old_implies_before_flatten_instr_nth_exists_perm_source;flatten_instrs_retiled_old_implies_before_exists_perm_source,1,before_of_retiled_old_point,0,,False,True,"{""apply"": 0, ""assert"": 0, ""destruct"": 0, ""eapply"": 0, ""inversion"": 0, ""lia"": 0, ""nia"": 0, ""pose proof"": 0, ""repeat"": 0, ""rewrite"": 0, ""specialize"": 0, ""subst"": 0, ""unfold"": 0}"
before_of_retiled_old_point_source,Definition,False,2259,2271,13,,,0,4,before_ipl_from_retiled_old_source;before_of_retiled_old_point_eq_source_if_identity;before_of_retiled_old_pprog_point_source;tiling_rel_pprog_structure_source_before_of_retiled_old_instr_semantics_iff_nth,1,before_index_of_retiled_old,0,,False,True,"{""apply"": 0, ""assert"": 0, ""destruct"": 0, ""eapply"": 0, ""inversion"": 0, ""lia"": 0, ""nia"": 0, ""pose proof"": 0, ""repeat"": 0, ""rewrite"": 0, ""specialize"": 0, ""subst"": 0, ""unfold"": 0}"
before_ipl_from_retiled_old_source,Definition,False,2273,2277,5,,,0,0,,1,before_of_retiled_old_point_source,0,,False,False,"{""apply"": 0, ""assert"": 0, ""destruct"": 0, ""eapply"": 0, ""inversion"": 0, ""lia"": 0, ""nia"": 0, ""pose proof"": 0, ""repeat"": 0, ""rewrite"": 0, ""specialize"": 0, ""subst"": 0, ""unfold"": 0}"
before_of_retiled_old_point_eq_source_if_identity,Lemma,False,2279,2293,15,2284,2293,10,1,tiling_rel_pprog_structure_source_before_of_retiled_old_instr_semantics_iff_nth,2,before_of_retiled_old_point;before_of_retiled_old_point_source,0,,False,True,"{""apply"": 0, ""assert"": 0, ""destruct"": 1, ""eapply"": 0, ""inversion"": 0, ""lia"": 0, ""nia"": 0, ""pose proof"": 0, ""repeat"": 0, ""rewrite"": 1, ""specialize"": 0, ""subst"": 0, ""unfold"": 2}"
before_of_retiled_old_pprog_point,Definition,False,2295,2305,11,,,0,7,before_ipl_from_retiled_old_pprog;before_of_retiled_old_pprog_point_app_head;before_of_retiled_old_pprog_point_app_tail;flatten_instrs_retiled_old_implies_before_exists_perm;flatten_instrs_retiled_old_member_instr_semantics_iff_source;flatten_instrs_retiled_old_member_time_stamp_preserved_source;flatten_instrs_retiled_old_implies_before_exists_perm_source,1,before_of_retiled_old_point,0,,False,True,"{""apply"": 0, ""assert"": 0, ""destruct"": 0, ""eapply"": 0, ""inversion"": 0, ""lia"": 0, ""nia"": 0, ""pose proof"": 0, ""repeat"": 0, ""rewrite"": 0, ""specialize"": 0, ""subst"": 0, ""unfold"": 0}"
before_ipl_from_retiled_old_pprog,Definition,False,2307,2312,6,,,0,4,before_ipl_from_retiled_old_pprog_app;flatten_instrs_retiled_old_implies_before_exists_perm;flatten_instrs_retiled_old_implies_before_exists_perm_source;tiling_retiled_old_to_before_poly_correct_with_env_len_source,1,before_of_retiled_old_pprog_point,0,,False,True,"{""apply"": 0, ""assert"": 0, ""destruct"": 0, ""eapply"": 0, ""inversion"": 0, ""lia"": 0, ""nia"": 0, ""pose proof"": 0, ""repeat"": 0, ""rewrite"": 0, ""specialize"": 0, ""subst"": 0, ""unfold"": 0}"
before_of_retiled_old_pprog_point_source,Definition,False,2314,2325,12,,,0,1,before_ipl_from_retiled_old_pprog_source,1,before_of_retiled_old_point_source,0,,False,False,"{""apply"": 0, ""assert"": 0, ""destruct"": 0, ""eapply"": 0, ""inversion"": 0, ""lia"": 0, ""nia"": 0, ""pose proof"": 0, ""repeat"": 0, ""rewrite"": 0, ""specialize"": 0, ""subst"": 0, ""unfold"": 0}"
before_ipl_from_retiled_old_pprog_source,Definition,False,2327,2332,6,,,0,0,,1,before_of_retiled_old_pprog_point_source,0,,False,False,"{""apply"": 0, ""assert"": 0, ""destruct"": 0, ""eapply"": 0, ""inversion"": 0, ""lia"": 0, ""nia"": 0, ""pose proof"": 0, ""repeat"": 0, ""rewrite"": 0, ""specialize"": 0, ""subst"": 0, ""unfold"": 0}"
before_of_retiled_old_pprog_point_app_head,Lemma,False,2334,2348,15,2342,2348,7,2,flatten_instrs_retiled_old_implies_before_exists_perm;flatten_instrs_retiled_old_implies_before_exists_perm_source,1,before_of_retiled_old_pprog_point,0,,False,True,"{""apply"": 0, ""assert"": 0, ""destruct"": 0, ""eapply"": 0, ""inversion"": 0, ""lia"": 2, ""nia"": 0, ""pose proof"": 0, ""repeat"": 0, ""rewrite"": 2, ""specialize"": 0, ""subst"": 0, ""unfold"": 1}"
before_of_retiled_old_pprog_point_app_tail,Lemma,False,2350,2370,21,2358,2370,13,0,,2,before_of_retiled_old_point;before_of_retiled_old_pprog_point,0,,False,False,"{""apply"": 0, ""assert"": 0, ""destruct"": 0, ""eapply"": 0, ""inversion"": 0, ""lia"": 2, ""nia"": 0, ""pose proof"": 0, ""repeat"": 0, ""rewrite"": 6, ""specialize"": 0, ""subst"": 0, ""unfold"": 1}"
before_ipl_from_retiled_old_pprog_app,Lemma,False,2372,2385,14,2380,2385,6,2,flatten_instrs_retiled_old_implies_before_exists_perm;flatten_instrs_retiled_old_implies_before_exists_perm_source,1,before_ipl_from_retiled_old_pprog,0,,False,True,"{""apply"": 0, ""assert"": 0, ""destruct"": 0, ""eapply"": 0, ""inversion"": 0, ""lia"": 0, ""nia"": 0, ""pose proof"": 0, ""repeat"": 0, ""rewrite"": 1, ""specialize"": 0, ""subst"": 0, ""unfold"": 1}"
instr_point_np_key,Definition,False,2387,2388,2,,,0,8,instr_point_np_ltb;instr_point_np_eqb;instr_point_np_eqb_symm;instr_point_np_cmp_total;instr_point_np_eqb_ltb_implies_ltb;instr_point_np_ltb_eqb_implies_ltb;instr_point_np_eqb_implies_np_eq;instr_point_np_ltb_implies_np_lt,0,,0,,False,True,"{""apply"": 0, ""assert"": 0, ""destruct"": 0, ""eapply"": 0, ""inversion"": 0, ""lia"": 0, ""nia"": 0, ""pose proof"": 0, ""repeat"": 0, ""rewrite"": 0, ""specialize"": 0, ""subst"": 0, ""unfold"": 0}"
instr_point_np_ltb,Definition,False,2390,2393,4,,,0,10,instr_point_np_ltb_trans;instr_point_np_cmp_total;instr_point_np_eqb_ltb_implies_ltb;instr_point_np_ltb_eqb_implies_ltb;instr_point_np_ltb_implies_np_lt;sortedb_instr_point_np_implies_sorted_np;flatten_instr_nth_retiled_old_implies_before_flatten_instr_nth_exists;flatten_instr_nth_retiled_old_implies_before_flatten_instr_nth_exists_perm;flatten_instr_nth_retiled_old_implies_before_flatten_instr_nth_exists_source;flatten_instr_nth_retiled_old_implies_before_flatten_instr_nth_exists_perm_source,1,instr_point_np_key,0,,False,True,"{""apply"": 0, ""assert"": 0, ""destruct"": 0, ""eapply"": 0, ""inversion"": 0, ""lia"": 0, ""nia"": 0, ""pose proof"": 0, ""repeat"": 0, ""rewrite"": 0, ""specialize"": 0, ""subst"": 0, ""unfold"": 0}"
instr_point_np_eqb,Definition,False,2395,2398,4,,,0,12,instr_point_np_eqb_trans;instr_point_np_eqb_refl;instr_point_np_eqb_symm;instr_point_np_cmp_total;instr_point_np_eqb_ltb_implies_ltb;instr_point_np_ltb_eqb_implies_ltb;instr_point_np_eqb_implies_np_eq;sortedb_instr_point_np_implies_sorted_np;flatten_instr_nth_retiled_old_implies_before_flatten_instr_nth_exists;flatten_instr_nth_retiled_old_implies_before_flatten_instr_nth_exists_perm;flatten_instr_nth_retiled_old_implies_before_flatten_instr_nth_exists_source;flatten_instr_nth_retiled_old_implies_before_flatten_instr_nth_exists_perm_source,1,instr_point_np_key,0,,False,True,"{""apply"": 0, ""assert"": 0, ""destruct"": 0, ""eapply"": 0, ""inversion"": 0, ""lia"": 0, ""nia"": 0, ""pose proof"": 0, ""repeat"": 0, ""rewrite"": 0, ""specialize"": 0, ""subst"": 0, ""unfold"": 0}"
instr_point_np_ltb_trans,Lemma,False,2400,2410,11,2402,2410,9,4,flatten_instr_nth_retiled_old_implies_before_flatten_instr_nth_exists;flatten_instr_nth_retiled_old_implies_before_flatten_instr_nth_exists_perm;flatten_instr_nth_retiled_old_implies_before_flatten_instr_nth_exists_source;flatten_instr_nth_retiled_old_implies_before_flatten_instr_nth_exists_perm_source,1,instr_point_np_ltb,0,,False,True,"{""apply"": 0, ""assert"": 0, ""destruct"": 0, ""eapply"": 4, ""inversion"": 0, ""lia"": 0, ""nia"": 0, ""pose proof"": 0, ""repeat"": 0, ""rewrite"": 0, ""specialize"": 0, ""subst"": 0, ""unfold"": 2}"
instr_point_np_eqb_trans,Lemma,False,2412,2422,11,2414,2422,9,4,flatten_instr_nth_retiled_old_implies_before_flatten_instr_nth_exists;flatten_instr_nth_retiled_old_implies_before_flatten_instr_nth_exists_perm;flatten_instr_nth_retiled_old_implies_before_flatten_instr_nth_exists_source;flatten_instr_nth_retiled_old_implies_before_flatten_instr_nth_exists_perm_source,1,instr_point_np_eqb,0,,False,True,"{""apply"": 0, ""assert"": 0, ""destruct"": 0, ""eapply"": 4, ""inversion"": 0, ""lia"": 0, ""nia"": 0, ""pose proof"": 0, ""repeat"": 0, ""rewrite"": 0, ""specialize"": 0, ""subst"": 0, ""unfold"": 2}"
instr_point_np_eqb_refl,Lemma,False,2424,2431,8,2426,2431,6,4,flatten_instr_nth_retiled_old_implies_before_flatten_instr_nth_exists;flatten_instr_nth_retiled_old_implies_before_flatten_instr_nth_exists_perm;flatten_instr_nth_retiled_old_implies_before_flatten_instr_nth_exists_source;flatten_instr_nth_retiled_old_implies_before_flatten_instr_nth_exists_perm_source,1,instr_point_np_eqb,0,,False,True,"{""apply"": 0, ""assert"": 0, ""destruct"": 0, ""eapply"": 2, ""inversion"": 0, ""lia"": 0, ""nia"": 0, ""pose proof"": 0, ""repeat"": 0, ""rewrite"": 0, ""specialize"": 0, ""subst"": 0, ""unfold"": 1}"
instr_point_np_eqb_symm,Lemma,False,2433,2440,8,2435,2440,6,4,flatten_instr_nth_retiled_old_implies_before_flatten_instr_nth_exists;flatten_instr_nth_retiled_old_implies_before_flatten_instr_nth_exists_perm;flatten_instr_nth_retiled_old_implies_before_flatten_instr_nth_exists_source;flatten_instr_nth_retiled_old_implies_before_flatten_instr_nth_exists_perm_source,2,instr_point_np_key;instr_point_np_eqb,0,,False,True,"{""apply"": 0, ""assert"": 0, ""destruct"": 1, ""eapply"": 0, ""inversion"": 0, ""lia"": 0, ""nia"": 0, ""pose proof"": 0, ""repeat"": 0, ""rewrite"": 1, ""specialize"": 0, ""subst"": 0, ""unfold"": 1}"
instr_point_np_cmp_total,Lemma,False,2442,2454,13,2444,2454,11,4,flatten_instr_nth_retiled_old_implies_before_flatten_instr_nth_exists;flatten_instr_nth_retiled_old_implies_before_flatten_instr_nth_exists_perm;flatten_instr_nth_retiled_old_implies_before_flatten_instr_nth_exists_source;flatten_instr_nth_retiled_old_implies_before_flatten_instr_nth_exists_perm_source,3,instr_point_np_key;instr_point_np_ltb;instr_point_np_eqb,0,,False,True,"{""apply"": 0, ""assert"": 0, ""destruct"": 1, ""eapply"": 0, ""inversion"": 0, ""lia"": 0, ""nia"": 0, ""pose proof"": 0, ""repeat"": 0, ""rewrite"": 2, ""specialize"": 0, ""subst"": 0, ""unfold"": 1}"
instr_point_np_eqb_ltb_implies_ltb,Lemma,False,2456,2472,17,2458,2472,15,4,flatten_instr_nth_retiled_old_implies_before_flatten_instr_nth_exists;flatten_instr_nth_retiled_old_implies_before_flatten_instr_nth_exists_perm;flatten_instr_nth_retiled_old_implies_before_flatten_instr_nth_exists_source;flatten_instr_nth_retiled_old_implies_before_flatten_instr_nth_exists_perm_source,3,instr_point_np_key;instr_point_np_ltb;instr_point_np_eqb,0,,False,True,"{""apply"": 0, ""assert"": 0, ""destruct"": 0, ""eapply"": 1, ""inversion"": 0, ""lia"": 0, ""nia"": 0, ""pose proof"": 0, ""repeat"": 0, ""rewrite"": 4, ""specialize"": 0, ""subst"": 0, ""unfold"": 3}"
instr_point_np_ltb_eqb_implies_ltb,Lemma,False,2474,2492,19,2476,2492,17,4,flatten_instr_nth_retiled_old_implies_before_flatten_instr_nth_exists;flatten_instr_nth_retiled_old_implies_before_flatten_instr_nth_exists_perm;flatten_instr_nth_retiled_old_implies_before_flatten_instr_nth_exists_source;flatten_instr_nth_retiled_old_implies_before_flatten_instr_nth_exists_perm_source,3,instr_point_np_key;instr_point_np_ltb;instr_point_np_eqb,0,,False,True,"{""apply"": 0, ""assert"": 0, ""destruct"": 0, ""eapply"": 2, ""inversion"": 0, ""lia"": 0, ""nia"": 0, ""pose proof"": 0, ""repeat"": 0, ""rewrite"": 4, ""specialize"": 0, ""subst"": 0, ""unfold"": 3}"
instr_point_np_eqb_implies_np_eq,Lemma,False,2494,2511,18,2498,2511,14,1,sortedb_instr_point_np_implies_sorted_np,2,instr_point_np_key;instr_point_np_eqb,0,,False,True,"{""apply"": 1, ""assert"": 0, ""destruct"": 1, ""eapply"": 0, ""inversion"": 0, ""lia"": 1, ""nia"": 0, ""pose proof"": 0, ""repeat"": 0, ""rewrite"": 1, ""specialize"": 0, ""subst"": 0, ""unfold"": 1}"
instr_point_np_ltb_implies_np_lt,Lemma,False,2513,2535,23,2517,2535,19,1,sortedb_instr_point_np_implies_sorted_np,2,instr_point_np_key;instr_point_np_ltb,0,,False,True,"{""apply"": 3, ""assert"": 0, ""destruct"": 1, ""eapply"": 0, ""inversion"": 0, ""lia"": 1, ""nia"": 0, ""pose proof"": 0, ""repeat"": 0, ""rewrite"": 1, ""specialize"": 0, ""subst"": 0, ""unfold"": 1}"
sortedb_instr_point_np_implies_sorted_np,Lemma,False,2537,2572,36,2542,2572,31,4,flatten_instr_nth_retiled_old_implies_before_flatten_instr_nth_exists;flatten_instr_nth_retiled_old_implies_before_flatten_instr_nth_exists_perm;flatten_instr_nth_retiled_old_implies_before_flatten_instr_nth_exists_source;flatten_instr_nth_retiled_old_implies_before_flatten_instr_nth_exists_perm_source,4,instr_point_np_ltb;instr_point_np_eqb;instr_point_np_eqb_implies_np_eq;instr_point_np_ltb_implies_np_lt,0,,False,True,"{""apply"": 2, ""assert"": 1, ""destruct"": 1, ""eapply"": 5, ""inversion"": 3, ""lia"": 0, ""nia"": 0, ""pose proof"": 0, ""repeat"": 0, ""rewrite"": 0, ""specialize"": 0, ""subst"": 3, ""unfold"": 1}"
before_of_retiled_old_point_prefix,Lemma,False,2574,2595,22,2582,2595,14,2,before_ipl_from_retiled_old_forward_source;before_ipl_from_retiled_old_forward,2,before_index_of_retiled_old;before_of_retiled_old_point,0,,False,True,"{""apply"": 0, ""assert"": 0, ""destruct"": 0, ""eapply"": 0, ""inversion"": 0, ""lia"": 0, ""nia"": 0, ""pose proof"": 0, ""repeat"": 0, ""rewrite"": 7, ""specialize"": 0, ""subst"": 0, ""unfold"": 1}"
before_index_of_retiled_old_length,Lemma,False,2597,2616,20,2606,2616,11,2,before_ipl_from_retiled_old_forward_source;before_ipl_from_retiled_old_forward,2,tiled_point_part;before_index_of_retiled_old,0,,False,True,"{""apply"": 0, ""assert"": 0, ""destruct"": 0, ""eapply"": 0, ""inversion"": 0, ""lia"": 2, ""nia"": 0, ""pose proof"": 0, ""repeat"": 0, ""rewrite"": 5, ""specialize"": 0, ""subst"": 0, ""unfold"": 2}"
before_of_retiled_old_point_old_of_compose_tiling_instr_point_ext,Lemma,False,2618,2679,62,2633,2679,47,1,tiling_rel_pprog_structure_compiled_before_point_has_retiled_old_preimage_nth,6,eval_pinstr_tiling_index_with_env;compiled_pinstr_tiling_witness;compose_tiling_instr_point_ext;tiled_point_part;before_index_of_retiled_old;before_of_retiled_old_point,0,,False,False,"{""apply"": 1, ""assert"": 3, ""destruct"": 0, ""eapply"": 0, ""inversion"": 0, ""lia"": 2, ""nia"": 0, ""pose proof"": 0, ""repeat"": 1, ""rewrite"": 8, ""specialize"": 0, ""subst"": 0, ""unfold"": 4}"
tiled_added_part_length,Lemma,False,2681,2691,11,2685,2691,7,8,tiling_rel_pprog_structure_compiled_before_of_retiled_old_point_belongs_to_nth;tiling_rel_pprog_structure_source_before_of_retiled_old_point_belongs_to_nth;tiling_rel_pinstr_structure_source_before_of_retiled_old_point_injective;tiling_rel_pinstr_structure_source_before_of_retiled_old_sched_le_iff;tiling_rel_pinstr_structure_compiled_before_of_retiled_old_point_injective;tiling_rel_pinstr_structure_compiled_before_of_retiled_old_time_stamp;tiling_rel_pinstr_structure_source_before_of_retiled_old_time_stamp;tiling_rel_pprog_structure_source_before_of_retiled_old_instr_semantics_iff_nth,1,tiled_added_part,18,src/TilingBandMixedSecondValidator.v:1092;src/TilingBandMixedSecondValidator.v:1105;src/TilingBandMixedSecondValidator.v:2392;src/TilingBandMixedSecondValidator.v:2405;src/TilingBandScheduleValidator.v:11392;src/TilingBandScheduleValidator.v:11408;src/TilingBandScheduleValidator.v:12238;src/TilingBandScheduleValidator.v:12247;src/TilingBandScheduleValidator.v:17898;src/TilingBandScheduleValidator.v:17906;src/TilingBandScheduleValidator.v:19725;src/TilingBandScheduleValidator.v:19733;src/TilingBandScheduleValidator.v:23326;src/TilingBandScheduleValidator.v:23334;src/TilingBandScheduleValidator.v:26847;src/TilingBandScheduleValidator.v:26855;src/TilingBandScheduleValidator.v:27796;src/TilingBandScheduleValidator.v:27804,True,True,"{""apply"": 0, ""assert"": 0, ""destruct"": 0, ""eapply"": 0, ""inversion"": 0, ""lia"": 1, ""nia"": 0, ""pose proof"": 0, ""repeat"": 0, ""rewrite"": 2, ""specialize"": 0, ""subst"": 0, ""unfold"": 1}"
tiled_point_part_length,Lemma,False,2693,2702,10,2697,2702,6,6,tiling_rel_pprog_structure_compiled_before_of_retiled_old_point_belongs_to_nth;tiling_rel_pprog_structure_source_before_of_retiled_old_point_belongs_to_nth;tiling_rel_pinstr_structure_source_before_of_retiled_old_point_injective;tiling_rel_pinstr_structure_compiled_before_of_retiled_old_point_injective;tiling_rel_pinstr_structure_compiled_before_of_retiled_old_time_stamp;tiling_rel_pprog_structure_source_before_of_retiled_old_instr_semantics_iff_nth,1,tiled_point_part,18,src/TilingBandMixedSecondValidator.v:1117;src/TilingBandMixedSecondValidator.v:1129;src/TilingBandMixedSecondValidator.v:2417;src/TilingBandMixedSecondValidator.v:2429;src/TilingBandScheduleValidator.v:11424;src/TilingBandScheduleValidator.v:11441;src/TilingBandScheduleValidator.v:12256;src/TilingBandScheduleValidator.v:12266;src/TilingBandScheduleValidator.v:17914;src/TilingBandScheduleValidator.v:17922;src/TilingBandScheduleValidator.v:19741;src/TilingBandScheduleValidator.v:19749;src/TilingBandScheduleValidator.v:23342;src/TilingBandScheduleValidator.v:23350;src/TilingBandScheduleValidator.v:26863;src/TilingBandScheduleValidator.v:26871;src/TilingBandScheduleValidator.v:27812;src/TilingBandScheduleValidator.v:27820,True,True,"{""apply"": 0, ""assert"": 0, ""destruct"": 0, ""eapply"": 0, ""inversion"": 0, ""lia"": 1, ""nia"": 0, ""pose proof"": 0, ""repeat"": 0, ""rewrite"": 1, ""specialize"": 0, ""subst"": 0, ""unfold"": 1}"
tiled_index_split,Lemma,False,2704,2720,17,2710,2720,11,8,tiling_rel_pprog_structure_compiled_before_of_retiled_old_point_belongs_to_nth;tiling_rel_pprog_structure_source_before_of_retiled_old_point_belongs_to_nth;tiling_rel_pinstr_structure_source_before_of_retiled_old_point_injective;tiling_rel_pinstr_structure_source_before_of_retiled_old_sched_le_iff;tiling_rel_pinstr_structure_compiled_before_of_retiled_old_point_injective;tiling_rel_pinstr_structure_compiled_before_of_retiled_old_time_stamp;tiling_rel_pinstr_structure_source_before_of_retiled_old_time_stamp;tiling_rel_pprog_structure_source_before_of_retiled_old_instr_semantics_iff_nth,2,tiled_added_part;tiled_point_part,18,src/TilingBandMixedSecondValidator.v:1150;src/TilingBandMixedSecondValidator.v:1165;src/TilingBandMixedSecondValidator.v:2450;src/TilingBandMixedSecondValidator.v:2465;src/TilingBandScheduleValidator.v:11457;src/TilingBandScheduleValidator.v:11475;src/TilingBandScheduleValidator.v:12285;src/TilingBandScheduleValidator.v:12300;src/TilingBandScheduleValidator.v:17940;src/TilingBandScheduleValidator.v:17957;src/TilingBandScheduleValidator.v:19767;src/TilingBandScheduleValidator.v:19783;src/TilingBandScheduleValidator.v:23368;src/TilingBandScheduleValidator.v:23384;src/TilingBandScheduleValidator.v:26889;src/TilingBandScheduleValidator.v:26906;src/TilingBandScheduleValidator.v:27838;src/TilingBandScheduleValidator.v:27855,True,True,"{""apply"": 0, ""assert"": 0, ""destruct"": 0, ""eapply"": 0, ""inversion"": 0, ""lia"": 0, ""nia"": 0, ""pose proof"": 0, ""repeat"": 0, ""rewrite"": 4, ""specialize"": 0, ""subst"": 0, ""unfold"": 1}"
tiling_rel_pprog_structure_compiled_before_of_retiled_old_point_belongs_to_nth,Theorem,False,2722,2838,117,2751,2838,88,1,before_ipl_from_retiled_old_forward,13,wf_statement_tiling_witness_with_param_dim;compiled_pinstr_tiling_witness;retiled_old_pinstr;tiling_rel_pprog_structure_compiled;tiling_rel_pinstr_structure_compiled_domain_complete;tiling_rel_pprog_structure_compiled_nth;tiled_added_part;tiled_point_part;before_index_of_retiled_old;before_of_retiled_old_point;tiled_added_part_length;tiled_point_part_length;tiled_index_split,0,,False,False,"{""apply"": 0, ""assert"": 6, ""destruct"": 2, ""eapply"": 3, ""inversion"": 0, ""lia"": 2, ""nia"": 0, ""pose proof"": 3, ""repeat"": 0, ""rewrite"": 7, ""specialize"": 1, ""subst"": 3, ""unfold"": 2}"
tiling_rel_pprog_structure_source_before_of_retiled_old_point_belongs_to_nth,Theorem,False,2840,2980,141,2869,2980,112,1,before_ipl_from_retiled_old_forward_source,17,wf_statement_tiling_witness_with_param_dim;nth_error_map_some;tiling_rel_pinstr_structure_source;tiling_rel_pprog_structure_source;compiled_pinstr_tiling_witness;retiled_old_pinstr;wf_compiled_pinstr_tiling_witness;compiled_pinstr_tiling_witness_matches;tiling_rel_pinstr_structure_source_domain_complete;tiling_rel_pprog_structure_source_nth;tiled_added_part;tiled_point_part;before_index_of_retiled_old;before_of_retiled_old_point;tiled_added_part_length;tiled_point_part_length;tiled_index_split,0,,False,True,"{""apply"": 0, ""assert"": 8, ""destruct"": 3, ""eapply"": 5, ""inversion"": 0, ""lia"": 2, ""nia"": 0, ""pose proof"": 2, ""repeat"": 1, ""rewrite"": 7, ""specialize"": 1, ""subst"": 3, ""unfold"": 3}"
tiling_rel_pinstr_structure_source_before_of_retiled_old_point_injective,Theorem,False,2982,3238,257,3016,3238,223,1,before_ipl_from_retiled_old_nodup_source,13,wf_pinstr_tiling_witness;wf_statement_tiling_witness_with_param_dim;tiling_rel_pinstr_structure_source;witness_matches_compiled_link_domain;retiled_old_pinstr;tiling_rel_pinstr_structure_source_domain_complete;tiled_added_part;tiled_point_part;before_index_of_retiled_old;before_of_retiled_old_point;tiled_added_part_length;tiled_point_part_length;tiled_index_split,0,,False,True,"{""apply"": 0, ""assert"": 21, ""destruct"": 5, ""eapply"": 7, ""inversion"": 0, ""lia"": 4, ""nia"": 0, ""pose proof"": 3, ""repeat"": 0, ""rewrite"": 23, ""specialize"": 2, ""subst"": 7, ""unfold"": 6}"
before_ipl_from_retiled_old_forward_source,Lemma,False,3240,3321,82,3271,3321,51,2,flatten_instr_nth_retiled_old_implies_before_flatten_instr_nth_exists_source;flatten_instr_nth_retiled_old_implies_before_flatten_instr_nth_exists_perm_source,11,wf_statement_tiling_witness_with_param_dim;nth_error_map_some;tiling_rel_pinstr_structure_source;tiling_rel_pprog_structure_source;compiled_pinstr_tiling_witness;retiled_old_pinstr;tiling_rel_pprog_structure_source_nth;before_ipl_from_retiled_old;before_of_retiled_old_point_prefix;before_index_of_retiled_old_length;tiling_rel_pprog_structure_source_before_of_retiled_old_point_belongs_to_nth,0,,False,True,"{""apply"": 1, ""assert"": 1, ""destruct"": 5, ""eapply"": 5, ""inversion"": 0, ""lia"": 1, ""nia"": 0, ""pose proof"": 0, ""repeat"": 0, ""rewrite"": 2, ""specialize"": 2, ""subst"": 1, ""unfold"": 2}"
tiling_rel_pinstr_structure_source_before_of_retiled_old_sched_le_iff,Theorem,False,3323,3518,196,3352,3518,167,1,HdRel_before_of_retiled_old_preserved_source,10,wf_pinstr_tiling_witness;tiling_rel_pinstr_structure_source;retiled_old_pinstr;lift_affine_function_after_env_eval;tiled_added_part;tiled_point_part;before_index_of_retiled_old;before_of_retiled_old_point;tiled_added_part_length;tiled_index_split,0,,False,False,"{""apply"": 0, ""assert"": 10, ""destruct"": 4, ""eapply"": 6, ""inversion"": 0, ""lia"": 6, ""nia"": 0, ""pose proof"": 2, ""repeat"": 0, ""rewrite"": 19, ""specialize"": 0, ""subst"": 4, ""unfold"": 7}"
HdRel_before_of_retiled_old_preserved_source,Lemma,False,3520,3561,42,3544,3561,18,1,before_of_retiled_old_sorted_sched_preserved_source,6,wf_pinstr_tiling_witness;tiling_rel_pinstr_structure_source;retiled_old_pinstr;before_of_retiled_old_point;before_ipl_from_retiled_old;tiling_rel_pinstr_structure_source_before_of_retiled_old_sched_le_iff,0,,False,False,"{""apply"": 0, ""assert"": 0, ""destruct"": 2, ""eapply"": 1, ""inversion"": 0, ""lia"": 0, ""nia"": 0, ""pose proof"": 0, ""repeat"": 0, ""rewrite"": 0, ""specialize"": 0, ""subst"": 0, ""unfold"": 0}"
before_of_retiled_old_sorted_sched_preserved_source,Lemma,False,3563,3594,32,3583,3594,12,0,,5,wf_pinstr_tiling_witness;tiling_rel_pinstr_structure_source;retiled_old_pinstr;before_ipl_from_retiled_old;HdRel_before_of_retiled_old_preserved_source,0,,False,False,"{""apply"": 0, ""assert"": 0, ""destruct"": 0, ""eapply"": 3, ""inversion"": 0, ""lia"": 0, ""nia"": 0, ""pose proof"": 0, ""repeat"": 0, ""rewrite"": 0, ""specialize"": 0, ""subst"": 0, ""unfold"": 0}"
before_ipl_from_retiled_old_forward,Lemma,False,3596,3671,76,3627,3671,45,2,flatten_instr_nth_retiled_old_implies_before_flatten_instr_nth_exists;flatten_instr_nth_retiled_old_implies_before_flatten_instr_nth_exists_perm,9,wf_statement_tiling_witness_with_param_dim;compiled_pinstr_tiling_witness;retiled_old_pinstr;tiling_rel_pprog_structure_compiled;tiling_rel_pprog_structure_compiled_nth;before_ipl_from_retiled_old;before_of_retiled_old_point_prefix;before_index_of_retiled_old_length;tiling_rel_pprog_structure_compiled_before_of_retiled_old_point_belongs_to_nth,0,,False,False,"{""apply"": 1, ""assert"": 0, ""destruct"": 5, ""eapply"": 3, ""inversion"": 0, ""lia"": 1, ""nia"": 0, ""pose proof"": 1, ""repeat"": 0, ""rewrite"": 3, ""specialize"": 2, ""subst"": 1, ""unfold"": 1}"
tiling_rel_pinstr_structure_compiled_before_of_retiled_old_point_injective,Theorem,False,3673,3889,217,3699,3889,191,1,before_ipl_from_retiled_old_nodup,12,wf_statement_tiling_witness_with_param_dim;compiled_pinstr_tiling_witness;tiling_rel_pinstr_structure_compiled;retiled_old_pinstr;tiling_rel_pinstr_structure_compiled_domain_complete;tiled_added_part;tiled_point_part;before_index_of_retiled_old;before_of_retiled_old_point;tiled_added_part_length;tiled_point_part_length;tiled_index_split,0,,False,False,"{""apply"": 0, ""assert"": 21, ""destruct"": 5, ""eapply"": 7, ""inversion"": 0, ""lia"": 4, ""nia"": 0, ""pose proof"": 3, ""repeat"": 0, ""rewrite"": 25, ""specialize"": 2, ""subst"": 7, ""unfold"": 2}"
before_ipl_from_retiled_old_nodup,Lemma,False,3891,3948,58,3917,3948,32,2,flatten_instr_nth_retiled_old_implies_before_flatten_instr_nth_exists;flatten_instr_nth_retiled_old_implies_before_flatten_instr_nth_exists_perm,7,wf_statement_tiling_witness_with_param_dim;NoDup_map_on;retiled_old_pinstr;tiling_rel_pprog_structure_compiled;tiling_rel_pprog_structure_compiled_nth;before_ipl_from_retiled_old;tiling_rel_pinstr_structure_compiled_before_of_retiled_old_point_injective,0,,False,False,"{""apply"": 0, ""assert"": 0, ""destruct"": 5, ""eapply"": 2, ""inversion"": 0, ""lia"": 0, ""nia"": 0, ""pose proof"": 5, ""repeat"": 0, ""rewrite"": 1, ""specialize"": 2, ""subst"": 0, ""unfold"": 0}"
tiling_rel_pinstr_structure_compiled_before_of_retiled_old_time_stamp,Theorem,False,3950,4041,92,3964,4041,78,1,tiling_rel_pinstr_structure_compiled_before_of_retiled_old_sched_le_iff,11,compiled_pinstr_tiling_witness;tiling_rel_pinstr_structure_compiled;retiled_old_pinstr;lift_affine_function_after_env_eval;tiled_added_part;tiled_point_part;before_index_of_retiled_old;before_of_retiled_old_point;tiled_added_part_length;tiled_point_part_length;tiled_index_split,0,,False,False,"{""apply"": 0, ""assert"": 6, ""destruct"": 2, ""eapply"": 4, ""inversion"": 0, ""lia"": 4, ""nia"": 0, ""pose proof"": 1, ""repeat"": 0, ""rewrite"": 10, ""specialize"": 0, ""subst"": 3, ""unfold"": 3}"
tiling_rel_pinstr_structure_source_before_of_retiled_old_time_stamp,Theorem,False,4043,4138,96,4060,4138,79,1,flatten_instrs_retiled_old_member_time_stamp_preserved_source,10,wf_pinstr_tiling_witness;tiling_rel_pinstr_structure_source;retiled_old_pinstr;lift_affine_function_after_env_eval;tiled_added_part;tiled_point_part;before_index_of_retiled_old;before_of_retiled_old_point;tiled_added_part_length;tiled_index_split,0,,False,True,"{""apply"": 0, ""assert"": 4, ""destruct"": 2, ""eapply"": 3, ""inversion"": 0, ""lia"": 3, ""nia"": 0, ""pose proof"": 1, ""repeat"": 0, ""rewrite"": 9, ""specialize"": 0, ""subst"": 2, ""unfold"": 4}"
tiling_rel_pinstr_structure_compiled_before_of_retiled_old_sched_le_iff,Theorem,False,4140,4187,48,4162,4187,26,1,HdRel_before_of_retiled_old_preserved,4,tiling_rel_pinstr_structure_compiled;retiled_old_pinstr;before_of_retiled_old_point;tiling_rel_pinstr_structure_compiled_before_of_retiled_old_time_stamp,0,,False,False,"{""apply"": 0, ""assert"": 2, ""destruct"": 0, ""eapply"": 2, ""inversion"": 0, ""lia"": 0, ""nia"": 0, ""pose proof"": 0, ""repeat"": 0, ""rewrite"": 2, ""specialize"": 0, ""subst"": 0, ""unfold"": 1}"
HdRel_before_of_retiled_old_preserved,Lemma,False,4189,4226,38,4207,4226,20,1,before_of_retiled_old_sorted_sched_preserved,5,tiling_rel_pinstr_structure_compiled;retiled_old_pinstr;before_of_retiled_old_point;before_ipl_from_retiled_old;tiling_rel_pinstr_structure_compiled_before_of_retiled_old_sched_le_iff,0,,False,False,"{""apply"": 0, ""assert"": 0, ""destruct"": 2, ""eapply"": 1, ""inversion"": 0, ""lia"": 0, ""nia"": 0, ""pose proof"": 0, ""repeat"": 0, ""rewrite"": 0, ""specialize"": 0, ""subst"": 0, ""unfold"": 0}"
before_of_retiled_old_sorted_sched_preserved,Lemma,False,4228,4258,31,4244,4258,15,0,,4,tiling_rel_pinstr_structure_compiled;retiled_old_pinstr;before_ipl_from_retiled_old;HdRel_before_of_retiled_old_preserved,0,,False,False,"{""apply"": 0, ""assert"": 0, ""destruct"": 0, ""eapply"": 3, ""inversion"": 0, ""lia"": 0, ""nia"": 0, ""pose proof"": 0, ""repeat"": 0, ""rewrite"": 0, ""specialize"": 0, ""subst"": 0, ""unfold"": 0}"
tiling_rel_pprog_structure_source_before_of_retiled_old_instr_semantics_iff_nth,Theorem,False,4260,4454,195,4291,4454,164,1,flatten_instrs_retiled_old_member_instr_semantics_iff_source,21,wf_statement_tiling_witness_with_param_dim;nth_error_map_some;eval_pinstr_tiling_index_with_env;tiling_rel_pinstr_structure_source;tiling_rel_pprog_structure_source;compiled_pinstr_tiling_witness;retiled_old_pinstr;wf_compiled_pinstr_tiling_witness;compiled_pinstr_tiling_witness_matches;tiling_rel_pinstr_structure_source_domain_complete;tiling_rel_pprog_structure_source_nth;tiling_rel_pinstr_structure_source_instr_semantics_lifted_iff;tiled_added_part;tiled_point_part;before_index_of_retiled_old;before_of_retiled_old_point;before_of_retiled_old_point_source;before_of_retiled_old_point_eq_source_if_identity;tiled_added_part_length;tiled_point_part_length;tiled_index_split,0,,False,True,"{""apply"": 0, ""assert"": 9, ""destruct"": 4, ""eapply"": 8, ""inversion"": 2, ""lia"": 2, ""nia"": 0, ""pose proof"": 2, ""repeat"": 1, ""rewrite"": 17, ""specialize"": 1, ""subst"": 5, ""unfold"": 5}"
before_of_retiled_old_list_semantics_preserved,Lemma,False,4456,4482,27,4467,4482,16,0,,2,before_of_retiled_old_point;before_ipl_from_retiled_old,0,,False,False,"{""apply"": 0, ""assert"": 0, ""destruct"": 0, ""eapply"": 3, ""inversion"": 0, ""lia"": 0, ""nia"": 0, ""pose proof"": 0, ""repeat"": 0, ""rewrite"": 0, ""specialize"": 0, ""subst"": 0, ""unfold"": 0}"
instr_point_list_semantics_map_preserved,Lemma,False,4484,4507,24,4492,4507,16,1,tiling_retiled_old_to_before_poly_correct_with_env_len_source,0,,0,,False,True,"{""apply"": 0, ""assert"": 0, ""destruct"": 0, ""eapply"": 3, ""inversion"": 0, ""lia"": 0, ""nia"": 0, ""pose proof"": 0, ""repeat"": 0, ""rewrite"": 0, ""specialize"": 0, ""subst"": 0, ""unfold"": 0}"
HdRel_sched_map_time_stamp_preserved,Lemma,False,4509,4527,19,4516,4527,12,1,sorted_sched_map_time_stamp_preserved,0,,0,,False,True,"{""apply"": 0, ""assert"": 0, ""destruct"": 0, ""eapply"": 0, ""inversion"": 0, ""lia"": 0, ""nia"": 0, ""pose proof"": 0, ""repeat"": 0, ""rewrite"": 2, ""specialize"": 0, ""subst"": 0, ""unfold"": 1}"
sorted_sched_map_time_stamp_preserved,Lemma,False,4529,4553,25,4536,4553,18,1,tiling_retiled_old_to_before_poly_correct_with_env_len_source,1,HdRel_sched_map_time_stamp_preserved,0,,False,True,"{""apply"": 0, ""assert"": 0, ""destruct"": 0, ""eapply"": 4, ""inversion"": 0, ""lia"": 0, ""nia"": 0, ""pose proof"": 0, ""repeat"": 0, ""rewrite"": 0, ""specialize"": 0, ""subst"": 0, ""unfold"": 0}"
tiling_rel_pprog_structure_compiled_old_point_belongs_to_nth,Theorem,False,4555,4645,91,4579,4645,67,1,tiling_rel_pprog_structure_compiled_before_point_has_retiled_old_preimage_nth,9,wf_statement_tiling_witness_with_param_dim;eval_pinstr_tiling_index_with_env;tiling_rel_pinstr_structure_compiled;current_src_transformation_of_pinstr;retiled_old_pinstr;compose_tiling_instr_point_ext;tiling_rel_pprog_structure_compiled;tiling_rel_pinstr_structure_compiled_domain_lifted;tiling_rel_pprog_structure_compiled_nth,0,,False,False,"{""apply"": 0, ""assert"": 3, ""destruct"": 1, ""eapply"": 1, ""inversion"": 0, ""lia"": 2, ""nia"": 0, ""pose proof"": 1, ""repeat"": 1, ""rewrite"": 7, ""specialize"": 0, ""subst"": 0, ""unfold"": 6}"
tiling_rel_pprog_structure_compiled_before_point_has_retiled_old_preimage_nth,Theorem,False,4647,4746,100,4683,4746,64,1,before_ipl_from_retiled_old_backward,7,wf_statement_tiling_witness_with_param_dim;retiled_old_pinstr;compose_tiling_instr_point_ext;tiling_rel_pprog_structure_compiled;before_of_retiled_old_point;before_of_retiled_old_point_old_of_compose_tiling_instr_point_ext;tiling_rel_pprog_structure_compiled_old_point_belongs_to_nth,0,,False,False,"{""apply"": 1, ""assert"": 2, ""destruct"": 2, ""eapply"": 1, ""inversion"": 0, ""lia"": 1, ""nia"": 0, ""pose proof"": 1, ""repeat"": 0, ""rewrite"": 10, ""specialize"": 0, ""subst"": 2, ""unfold"": 0}"
before_ipl_from_retiled_old_backward,Lemma,False,4748,4878,131,4779,4878,100,2,flatten_instr_nth_retiled_old_implies_before_flatten_instr_nth_exists;flatten_instr_nth_retiled_old_implies_before_flatten_instr_nth_exists_perm,9,wf_statement_tiling_witness_with_param_dim;eval_pinstr_tiling_index_with_env;compiled_pinstr_tiling_witness;retiled_old_pinstr;compose_tiling_instr_point_ext;tiling_rel_pprog_structure_compiled;tiling_rel_pprog_structure_compiled_nth;before_ipl_from_retiled_old;tiling_rel_pprog_structure_compiled_before_point_has_retiled_old_preimage_nth,0,,False,False,"{""apply"": 2, ""assert"": 3, ""destruct"": 4, ""eapply"": 0, ""inversion"": 0, ""lia"": 3, ""nia"": 0, ""pose proof"": 2, ""repeat"": 0, ""rewrite"": 13, ""specialize"": 1, ""subst"": 2, ""unfold"": 6}"
tiling_rel_pprog_structure_source_old_point_belongs_to_nth,Theorem,False,4880,4950,71,4923,4950,28,1,tiling_rel_pprog_structure_source_before_point_has_retiled_old_preimage_nth,10,lift_schedule_after_env;wf_statement_tiling_witness_with_param_dim;nth_error_map_some;eval_pinstr_tiling_index_with_env;tiling_rel_pinstr_structure_source;tiling_rel_pprog_structure_source;compiled_pinstr_tiling_witness;retiled_old_pinstr;tiling_rel_pinstr_structure_source_domain_lifted;tiling_rel_pprog_structure_source_nth,0,,False,True,"{""apply"": 0, ""assert"": 1, ""destruct"": 0, ""eapply"": 3, ""inversion"": 0, ""lia"": 0, ""nia"": 0, ""pose proof"": 0, ""repeat"": 0, ""rewrite"": 1, ""specialize"": 0, ""subst"": 0, ""unfold"": 1}"
tiling_rel_pprog_structure_source_before_point_has_retiled_old_preimage_nth,Theorem,False,4952,5089,138,4987,5089,103,1,before_ipl_from_retiled_old_backward_source,10,lift_schedule_after_env;wf_statement_tiling_witness_with_param_dim;eval_pinstr_tiling_index_with_env;tiling_rel_pprog_structure_source;compiled_pinstr_tiling_witness;retiled_old_pinstr;tiled_point_part;before_index_of_retiled_old;before_of_retiled_old_point;tiling_rel_pprog_structure_source_old_point_belongs_to_nth,0,,False,True,"{""apply"": 2, ""assert"": 3, ""destruct"": 2, ""eapply"": 1, ""inversion"": 0, ""lia"": 3, ""nia"": 0, ""pose proof"": 0, ""repeat"": 1, ""rewrite"": 15, ""specialize"": 0, ""subst"": 5, ""unfold"": 3}"
before_ipl_from_retiled_old_backward_source,Lemma,False,5091,5201,111,5122,5201,80,2,flatten_instr_nth_retiled_old_implies_before_flatten_instr_nth_exists_source;flatten_instr_nth_retiled_old_implies_before_flatten_instr_nth_exists_perm_source,10,pinstr_tiling_witness;wf_statement_tiling_witness_with_param_dim;nth_error_map_some;eval_pinstr_tiling_index_with_env;tiling_rel_pprog_structure_source;compiled_pinstr_tiling_witness;retiled_old_pinstr;tiling_rel_pprog_structure_source_nth;before_ipl_from_retiled_old;tiling_rel_pprog_structure_source_before_point_has_retiled_old_preimage_nth,0,,False,True,"{""apply"": 2, ""assert"": 1, ""destruct"": 4, ""eapply"": 0, ""inversion"": 0, ""lia"": 1, ""nia"": 0, ""pose proof"": 4, ""repeat"": 1, ""rewrite"": 12, ""specialize"": 1, ""subst"": 0, ""unfold"": 3}"
flatten_instr_nth_implies_ip_nth,Lemma,False,5203,5215,13,5208,5215,8,2,flatten_instrs_retiled_old_implies_before_exists_perm;flatten_instrs_retiled_old_implies_before_exists_perm_source,0,,0,,False,True,"{""apply"": 0, ""assert"": 0, ""destruct"": 2, ""eapply"": 0, ""inversion"": 0, ""lia"": 0, ""nia"": 0, ""pose proof"": 0, ""repeat"": 0, ""rewrite"": 0, ""specialize"": 2, ""subst"": 0, ""unfold"": 0}"
flatten_instr_nth_retiled_old_implies_before_flatten_instr_nth_exists,Theorem,False,5217,5364,148,5246,5364,119,0,,17,wf_statement_tiling_witness_with_param_dim;retiled_old_pinstr;tiling_rel_pprog_structure_compiled;before_ipl_from_retiled_old;instr_point_np_ltb;instr_point_np_eqb;instr_point_np_ltb_trans;instr_point_np_eqb_trans;instr_point_np_eqb_refl;instr_point_np_eqb_symm;instr_point_np_cmp_total;instr_point_np_eqb_ltb_implies_ltb;instr_point_np_ltb_eqb_implies_ltb;sortedb_instr_point_np_implies_sorted_np;before_ipl_from_retiled_old_forward;before_ipl_from_retiled_old_nodup;before_ipl_from_retiled_old_backward,0,,False,False,"{""apply"": 0, ""assert"": 6, ""destruct"": 4, ""eapply"": 18, ""inversion"": 0, ""lia"": 0, ""nia"": 0, ""pose proof"": 0, ""repeat"": 1, ""rewrite"": 0, ""specialize"": 3, ""subst"": 3, ""unfold"": 0}"
flatten_instr_nth_retiled_old_implies_before_flatten_instr_nth_exists_perm,Theorem,False,5366,5534,169,5395,5534,140,1,flatten_instrs_retiled_old_implies_before_exists_perm,17,wf_statement_tiling_witness_with_param_dim;retiled_old_pinstr;tiling_rel_pprog_structure_compiled;before_ipl_from_retiled_old;instr_point_np_ltb;instr_point_np_eqb;instr_point_np_ltb_trans;instr_point_np_eqb_trans;instr_point_np_eqb_refl;instr_point_np_eqb_symm;instr_point_np_cmp_total;instr_point_np_eqb_ltb_implies_ltb;instr_point_np_ltb_eqb_implies_ltb;sortedb_instr_point_np_implies_sorted_np;before_ipl_from_retiled_old_forward;before_ipl_from_retiled_old_nodup;before_ipl_from_retiled_old_backward,0,,False,False,"{""apply"": 0, ""assert"": 6, ""destruct"": 4, ""eapply"": 20, ""inversion"": 0, ""lia"": 0, ""nia"": 0, ""pose proof"": 0, ""repeat"": 1, ""rewrite"": 0, ""specialize"": 3, ""subst"": 2, ""unfold"": 0}"
tiling_rel_pprog_structure_compiled_new_point_belongs_to_nth,Theorem,False,5536,5622,87,5560,5620,61,0,,8,wf_statement_tiling_witness_with_param_dim;eval_pinstr_tiling_index_with_env;compiled_pinstr_tiling_witness;current_src_transformation_of_pinstr;compose_tiling_instr_point_ext;tiling_rel_pprog_structure_compiled;tiling_rel_pinstr_structure_compiled_domain_lifted;tiling_rel_pprog_structure_compiled_nth,0,,False,False,"{""apply"": 0, ""assert"": 2, ""destruct"": 1, ""eapply"": 1, ""inversion"": 0, ""lia"": 2, ""nia"": 0, ""pose proof"": 1, ""repeat"": 1, ""rewrite"": 7, ""specialize"": 0, ""subst"": 0, ""unfold"": 6}"
retiled_old_of_after_point,Definition,False,5624,5639,16,,,0,8,retiled_old_ipl_from_after;retiled_old_of_after_point_preserves_np_fields;retiled_old_of_after_point_belongs_to;compose_tiling_instr_point_ext_from_after_old_of_ext;retiled_old_of_after_point_after_inverse;after_point_of_retiled_old_after_inverse;retiled_old_of_after_point_injective_on_after_points;retiled_old_of_after_point_of_retiled_old,1,lift_schedule_after_env,0,,False,True,"{""apply"": 0, ""assert"": 0, ""destruct"": 0, ""eapply"": 0, ""inversion"": 0, ""lia"": 0, ""nia"": 0, ""pose proof"": 0, ""repeat"": 0, ""rewrite"": 0, ""specialize"": 0, ""subst"": 0, ""unfold"": 0}"
after_point_of_retiled_old,Definition,False,5641,5651,11,,,0,6,after_point_of_retiled_old_belongs_to;retiled_old_of_after_point_after_inverse;after_point_of_retiled_old_after_inverse;retiled_old_of_after_point_injective_on_after_points;retiled_old_of_after_point_of_retiled_old;flatten_instr_nth_after_implies_flatten_instr_nth_retiled_old,0,,0,,False,True,"{""apply"": 0, ""assert"": 0, ""destruct"": 0, ""eapply"": 0, ""inversion"": 0, ""lia"": 0, ""nia"": 0, ""pose proof"": 0, ""repeat"": 0, ""rewrite"": 0, ""specialize"": 0, ""subst"": 0, ""unfold"": 0}"
compose_tiling_instr_point_ext_from_after,Definition,False,5653,5670,18,,,0,9,compose_tiling_ipl_ext_from_after;compose_tiling_instr_point_ext_from_after_preserves_np_fields;compose_tiling_instr_point_ext_from_after_belongs_to_ext;compose_tiling_instr_point_ext_from_after_new_of_ext;compose_tiling_instr_point_ext_from_after_old_of_ext;compose_tiling_instr_point_ext_from_after_after_inverse;compose_tiling_instr_point_ext_from_after_injective;compose_tiling_instr_point_ext_from_after_preserves_np_lt;compose_tiling_ipl_ext_from_after_hdrel,1,lift_schedule_after_env,0,,False,True,"{""apply"": 0, ""assert"": 0, ""destruct"": 0, ""eapply"": 0, ""inversion"": 0, ""lia"": 0, ""nia"": 0, ""pose proof"": 0, ""repeat"": 0, ""rewrite"": 0, ""specialize"": 0, ""subst"": 0, ""unfold"": 0}"
retiled_old_ipl_from_after,Definition,False,5672,5677,6,,,0,4,old_of_compose_tiling_ipl_ext_from_after;retiled_old_ipl_from_after_nodup;flatten_instr_nth_after_implies_flatten_instr_nth_retiled_old;flatten_instrs_after_implies_tiling_ext_exists,1,retiled_old_of_after_point,0,,False,True,"{""apply"": 0, ""assert"": 0, ""destruct"": 0, ""eapply"": 0, ""inversion"": 0, ""lia"": 0, ""nia"": 0, ""pose proof"": 0, ""repeat"": 0, ""rewrite"": 0, ""specialize"": 0, ""subst"": 0, ""unfold"": 0}"
compose_tiling_ipl_ext_from_after,Definition,False,5679,5684,6,,,0,7,new_of_compose_tiling_ipl_ext_from_after;old_of_compose_tiling_ipl_ext_from_after;compose_tiling_ipl_ext_from_after_nodup;compose_tiling_ipl_ext_from_after_hdrel;compose_tiling_ipl_ext_from_after_sorted;flatten_instr_nth_after_implies_flatten_instr_nth_tiling_ext;flatten_instrs_after_implies_tiling_ext_exists,1,compose_tiling_instr_point_ext_from_after,0,,False,True,"{""apply"": 0, ""assert"": 0, ""destruct"": 0, ""eapply"": 0, ""inversion"": 0, ""lia"": 0, ""nia"": 0, ""pose proof"": 0, ""repeat"": 0, ""rewrite"": 0, ""specialize"": 0, ""subst"": 0, ""unfold"": 0}"
retiled_old_pinstrs,Fixpoint,False,5686,5695,10,,,0,17,retiled_old_pinstrs;retiled_old_pinstrs_eqdom_after_rel_list;tiling_rel_pprog_structure_compiled_retiled_old_eqdom;nth_error_retiled_old_pinstrs;retiled_old_pinstrs_preserve_length;retiled_old_pinstrs_app_singleton;flatten_instrs_after_implies_tiling_ext_exists;flatten_instrs_retiled_old_implies_before_exists_perm;tiling_after_to_retiled_old_poly_correct;flatten_instrs_retiled_old_member_nth_data;flatten_instrs_retiled_old_member_nth_data_source;flatten_instrs_retiled_old_member_instr_semantics_iff_source;flatten_instrs_retiled_old_member_time_stamp_preserved_source;flatten_instrs_retiled_old_implies_before_exists_perm_source;tiling_retiled_old_to_before_poly_correct_with_env_len_source;tiling_retiled_old_to_before_instance_correct_source;tiling_retiled_old_to_before_poly_layer,2,retiled_old_pinstr;retiled_old_pinstrs,7,src/TilingValidator.v:966;src/TilingValidator.v:983;src/TilingValidator.v:1010;src/TilingValidator.v:1065;src/TilingBandScheduleValidator.v:8441;src/TilingCanonicalScheduleValidator.v:106;src/TilingCanonicalScheduleValidator.v:143,True,True,"{""apply"": 0, ""assert"": 0, ""destruct"": 0, ""eapply"": 0, ""inversion"": 0, ""lia"": 0, ""nia"": 0, ""pose proof"": 0, ""repeat"": 0, ""rewrite"": 0, ""specialize"": 0, ""subst"": 0, ""unfold"": 0}"
compose_tiling_pinstrs_ext_from_after,Fixpoint,False,5697,5706,10,,,0,8,compose_tiling_pinstrs_ext_from_after;nth_error_compose_tiling_pinstrs_ext_from_after;compose_tiling_pinstrs_ext_from_after_preserve_length;compose_tiling_pinstrs_ext_from_after_app_singleton;flatten_instrs_after_implies_tiling_ext_exists;tiling_after_to_retiled_old_poly_correct;tiling_after_to_before_poly_correct_via_retiled_old;tiling_after_to_before_instance_correct_via_retiled_old,2,compose_tiling_pinstr_ext;compose_tiling_pinstrs_ext_from_after,108,src/TilingBandDirectRuntime.v:279;src/TilingBandMixedSecondValidator.v:645;src/TilingBandMixedSecondValidator.v:941;src/TilingBandMixedSecondValidator.v:1590;src/TilingBandMixedSecondValidator.v:1863;src/TilingBandMixedSecondValidator.v:2182;src/TilingBandMixedSecondValidator.v:2254;src/TilingBandMixedSecondValidator.v:2912;src/TilingBandMixedSecondValidator.v:3107;src/TilingBandScheduleValidator.v:4534;src/TilingBandScheduleValidator.v:4563;src/TilingBandScheduleValidator.v:4573;src/TilingBandScheduleValidator.v:4598;src/TilingBandScheduleValidator.v:4608;src/TilingBandScheduleValidator.v:4633;src/TilingBandScheduleValidator.v:4643;src/TilingBandScheduleValidator.v:4668;src/TilingBandScheduleValidator.v:4698;src/TilingBandScheduleValidator.v:4708;src/TilingBandScheduleValidator.v:6778;src/TilingBandScheduleValidator.v:7140;src/TilingBandScheduleValidator.v:7165;src/TilingBandScheduleValidator.v:7184;src/TilingBandScheduleValidator.v:8704;src/TilingBandScheduleValidator.v:8737;src/TilingBandScheduleValidator.v:8752;src/TilingBandScheduleValidator.v:9317;src/TilingBandScheduleValidator.v:9343;src/TilingBandScheduleValidator.v:9369;src/TilingBandScheduleValidator.v:9384;src/TilingBandScheduleValidator.v:9425;src/TilingBandScheduleValidator.v:9903;src/TilingBandScheduleValidator.v:9925;src/TilingBandScheduleValidator.v:10084;src/TilingBandScheduleValidator.v:10103;src/TilingBandScheduleValidator.v:10108;src/TilingBandScheduleValidator.v:10112;src/TilingBandScheduleValidator.v:10122;src/TilingBandScheduleValidator.v:10147;src/TilingBandScheduleValidator.v:10284;src/TilingBandScheduleValidator.v:10289;src/TilingBandScheduleValidator.v:10293;src/TilingBandScheduleValidator.v:10326;src/TilingBandScheduleValidator.v:10479;src/TilingBandScheduleValidator.v:10487;src/TilingBandScheduleValidator.v:10960;src/TilingBandScheduleValidator.v:11158;src/TilingBandScheduleValidator.v:12034;src/TilingBandScheduleValidator.v:12672;src/TilingBandScheduleValidator.v:12724;src/TilingBandScheduleValidator.v:12766;src/TilingBandScheduleValidator.v:12874;src/TilingBandScheduleValidator.v:12887;src/TilingBandScheduleValidator.v:12895;src/TilingBandScheduleValidator.v:13858;src/TilingBandScheduleValidator.v:13875;src/TilingBandScheduleValidator.v:14079;src/TilingBandScheduleValidator.v:14227;src/TilingBandScheduleValidator.v:14245;src/TilingBandScheduleValidator.v:14256;src/TilingBandScheduleValidator.v:15509;src/TilingBandScheduleValidator.v:16408;src/TilingBandScheduleValidator.v:16490;src/TilingBandScheduleValidator.v:16497;src/TilingBandScheduleValidator.v:16502;src/TilingBandScheduleValidator.v:16519;src/TilingBandScheduleValidator.v:17294;src/TilingBandScheduleValidator.v:17319;src/TilingBandScheduleValidator.v:19251;src/TilingBandScheduleValidator.v:20665;src/TilingBandScheduleValidator.v:20693;src/TilingBandScheduleValidator.v:20728;src/TilingBandScheduleValidator.v:20738;src/TilingBandScheduleValidator.v:20745;src/TilingBandScheduleValidator.v:20833;src/TilingBandScheduleValidator.v:20861;src/TilingBandScheduleValidator.v:20897;src/TilingBandScheduleValidator.v:20907;src/TilingBandScheduleValidator.v:20914;src/TilingBandScheduleValidator.v:22233;src/TilingBandScheduleValidator.v:22369;src/TilingBandScheduleValidator.v:22380;src/TilingBandScheduleValidator.v:22395;src/TilingBandScheduleValidator.v:22762;src/TilingBandScheduleValidator.v:22780;src/TilingBandScheduleValidator.v:23099;src/TilingBandScheduleValidator.v:23131;src/TilingBandScheduleValidator.v:23135;src/TilingBandScheduleValidator.v:24138;src/TilingBandScheduleValidator.v:24148;src/TilingBandScheduleValidator.v:24631;src/TilingBandScheduleValidator.v:28381;src/TilingBandScheduleValidator.v:28408;src/TilingBandScheduleValidator.v:28437;src/TilingBandScheduleValidator.v:28447;src/TilingBandScheduleValidator.v:28454;src/TilingBandScheduleValidator.v:28481;src/TilingBandScheduleValidator.v:28508;src/TilingBandScheduleValidator.v:28542;src/TilingBandScheduleValidator.v:28552;src/TilingBandScheduleValidator.v:28559;src/TilingBandPhaseScalarValidator.v:829;src/TilingBandPhaseScalarValidator.v:981;src/TilingBandPhaseScalarValidator.v:1001;src/TilingBandPhaseScalarValidator.v:1018;src/TilingBandPhaseScalarValidator.v:1029;src/TilingBandPhaseScalarValidator.v:1231;src/TilingBandPhaseScalarValidator.v:1714,True,True,"{""apply"": 0, ""assert"": 0, ""destruct"": 0, ""eapply"": 0, ""inversion"": 0, ""lia"": 0, ""nia"": 0, ""pose proof"": 0, ""repeat"": 0, ""rewrite"": 0, ""specialize"": 0, ""subst"": 0, ""unfold"": 0}"
retiled_old_of_after_point_preserves_np_fields,Lemma,False,5708,5714,7,5712,5714,3,1,flatten_instr_nth_after_implies_flatten_instr_nth_retiled_old,1,retiled_old_of_after_point,0,,False,True,"{""apply"": 0, ""assert"": 0, ""destruct"": 0, ""eapply"": 0, ""inversion"": 0, ""lia"": 0, ""nia"": 0, ""pose proof"": 0, ""repeat"": 0, ""rewrite"": 0, ""specialize"": 0, ""subst"": 0, ""unfold"": 1}"
compose_tiling_instr_point_ext_from_after_preserves_np_fields,Lemma,False,5716,5726,11,5724,5726,3,1,compose_tiling_instr_point_ext_from_after_preserves_np_lt,1,compose_tiling_instr_point_ext_from_after,0,,False,True,"{""apply"": 0, ""assert"": 0, ""destruct"": 0, ""eapply"": 0, ""inversion"": 0, ""lia"": 0, ""nia"": 0, ""pose proof"": 0, ""repeat"": 0, ""rewrite"": 0, ""specialize"": 0, ""subst"": 0, ""unfold"": 1}"
retiled_old_of_after_point_belongs_to,Lemma,False,5728,5757,30,5735,5757,23,1,flatten_instr_nth_after_implies_flatten_instr_nth_retiled_old,2,retiled_old_pinstr;retiled_old_of_after_point,0,,False,True,"{""apply"": 0, ""assert"": 0, ""destruct"": 1, ""eapply"": 0, ""inversion"": 0, ""lia"": 0, ""nia"": 0, ""pose proof"": 0, ""repeat"": 0, ""rewrite"": 1, ""specialize"": 0, ""subst"": 0, ""unfold"": 3}"
after_point_of_retiled_old_belongs_to,Lemma,False,5759,5788,30,5766,5788,23,1,flatten_instr_nth_after_implies_flatten_instr_nth_retiled_old,2,retiled_old_pinstr;after_point_of_retiled_old,0,,False,True,"{""apply"": 0, ""assert"": 0, ""destruct"": 1, ""eapply"": 0, ""inversion"": 0, ""lia"": 0, ""nia"": 0, ""pose proof"": 0, ""repeat"": 0, ""rewrite"": 1, ""specialize"": 0, ""subst"": 0, ""unfold"": 3}"
compose_tiling_instr_point_ext_from_after_belongs_to_ext,Lemma,False,5790,5835,46,5799,5835,37,1,flatten_instr_nth_after_implies_flatten_instr_nth_tiling_ext,3,current_src_transformation_of_pinstr;compose_tiling_pinstr_ext;compose_tiling_instr_point_ext_from_after,0,,False,True,"{""apply"": 0, ""assert"": 1, ""destruct"": 1, ""eapply"": 0, ""inversion"": 0, ""lia"": 1, ""nia"": 0, ""pose proof"": 0, ""repeat"": 0, ""rewrite"": 4, ""specialize"": 0, ""subst"": 0, ""unfold"": 7}"
compose_tiling_instr_point_ext_from_after_new_of_ext,Lemma,False,5837,5847,11,5842,5847,6,2,new_of_compose_tiling_ipl_ext_from_after;compose_tiling_instr_point_ext_from_after_injective,1,compose_tiling_instr_point_ext_from_after,0,,False,True,"{""apply"": 0, ""assert"": 0, ""destruct"": 1, ""eapply"": 0, ""inversion"": 0, ""lia"": 0, ""nia"": 0, ""pose proof"": 0, ""repeat"": 0, ""rewrite"": 0, ""specialize"": 0, ""subst"": 0, ""unfold"": 1}"
compose_tiling_instr_point_ext_from_after_old_of_ext,Lemma,False,5849,5860,12,5854,5860,7,1,old_of_compose_tiling_ipl_ext_from_after,2,retiled_old_of_after_point;compose_tiling_instr_point_ext_from_after,0,,False,True,"{""apply"": 0, ""assert"": 0, ""destruct"": 1, ""eapply"": 0, ""inversion"": 0, ""lia"": 0, ""nia"": 0, ""pose proof"": 0, ""repeat"": 0, ""rewrite"": 0, ""specialize"": 0, ""subst"": 0, ""unfold"": 2}"
after_matches_tiling_witness,Definition,False,5862,5866,5,,,0,6,flatten_instr_nth_after_implies_flatten_instr_nth_retiled_old;flatten_instr_nth_after_implies_flatten_instr_nth_tiling_ext;flatten_instrs_after_implies_tiling_ext_exists;tiling_after_to_retiled_old_poly_correct;tiling_after_to_before_poly_correct_via_retiled_old;tiling_after_to_before_instance_correct_via_retiled_old,0,,39,src/TilingBandDirectRuntime.v:262;src/TilingBandDirectRuntime.v:361;src/TilingBandMixedSecondValidator.v:2895;src/TilingBandMixedSecondValidator.v:3090;src/TilingBandScheduleValidator.v:4173;src/TilingBandScheduleValidator.v:4531;src/TilingBandScheduleValidator.v:4559;src/TilingBandScheduleValidator.v:4594;src/TilingBandScheduleValidator.v:4629;src/TilingBandScheduleValidator.v:4664;src/TilingBandScheduleValidator.v:4694;src/TilingBandScheduleValidator.v:8623;src/TilingBandScheduleValidator.v:8626;src/TilingBandScheduleValidator.v:8652;src/TilingBandScheduleValidator.v:8676;src/TilingBandScheduleValidator.v:8885;src/TilingBandScheduleValidator.v:9895;src/TilingBandScheduleValidator.v:10056;src/TilingBandScheduleValidator.v:10354;src/TilingBandScheduleValidator.v:10432;src/TilingBandScheduleValidator.v:10696;src/TilingBandScheduleValidator.v:10748;src/TilingBandScheduleValidator.v:10815;src/TilingBandScheduleValidator.v:11078;src/TilingBandScheduleValidator.v:12823;src/TilingBandScheduleValidator.v:12976;src/TilingBandScheduleValidator.v:13051;src/TilingBandScheduleValidator.v:13120;src/TilingBandScheduleValidator.v:13344;src/TilingBandScheduleValidator.v:13932;src/TilingBandScheduleValidator.v:19234;src/TilingBandScheduleValidator.v:19269;src/TilingBandScheduleValidator.v:19270;src/TilingBandScheduleValidator.v:20682;src/TilingBandScheduleValidator.v:20850;src/TilingBandScheduleValidator.v:24126;src/TilingBandScheduleValidator.v:28396;src/TilingBandScheduleValidator.v:28496;src/TilingBandPhaseScalarValidator.v:1702,True,True,"{""apply"": 0, ""assert"": 0, ""destruct"": 0, ""eapply"": 0, ""inversion"": 0, ""lia"": 0, ""nia"": 0, ""pose proof"": 0, ""repeat"": 0, ""rewrite"": 0, ""specialize"": 0, ""subst"": 0, ""unfold"": 0}"
retiled_old_of_after_point_after_inverse,Lemma,False,5868,5879,12,5874,5879,6,0,,2,retiled_old_of_after_point;after_point_of_retiled_old,0,,False,False,"{""apply"": 0, ""assert"": 0, ""destruct"": 1, ""eapply"": 0, ""inversion"": 0, ""lia"": 0, ""nia"": 0, ""pose proof"": 0, ""repeat"": 0, ""rewrite"": 0, ""specialize"": 0, ""subst"": 0, ""unfold"": 1}"
compose_tiling_instr_point_ext_from_after_after_inverse,Lemma,False,5881,5896,16,5886,5896,11,1,flatten_instr_nth_after_implies_flatten_instr_nth_tiling_ext,2,compose_tiling_pinstr_ext;compose_tiling_instr_point_ext_from_after,0,,False,True,"{""apply"": 0, ""assert"": 0, ""destruct"": 2, ""eapply"": 0, ""inversion"": 0, ""lia"": 0, ""nia"": 0, ""pose proof"": 0, ""repeat"": 0, ""rewrite"": 0, ""specialize"": 0, ""subst"": 1, ""unfold"": 3}"
new_of_compose_tiling_ipl_ext_from_after,Lemma,False,5898,5911,14,5903,5911,9,1,flatten_instrs_after_implies_tiling_ext_exists,2,compose_tiling_ipl_ext_from_after;compose_tiling_instr_point_ext_from_after_new_of_ext,0,,False,True,"{""apply"": 0, ""assert"": 0, ""destruct"": 0, ""eapply"": 0, ""inversion"": 0, ""lia"": 0, ""nia"": 0, ""pose proof"": 0, ""repeat"": 0, ""rewrite"": 2, ""specialize"": 0, ""subst"": 0, ""unfold"": 1}"
old_of_compose_tiling_ipl_ext_from_after,Lemma,False,5913,5927,15,5918,5927,10,1,flatten_instrs_after_implies_tiling_ext_exists,3,retiled_old_ipl_from_after;compose_tiling_ipl_ext_from_after;compose_tiling_instr_point_ext_from_after_old_of_ext,0,,False,True,"{""apply"": 0, ""assert"": 0, ""destruct"": 0, ""eapply"": 0, ""inversion"": 0, ""lia"": 0, ""nia"": 0, ""pose proof"": 0, ""repeat"": 0, ""rewrite"": 2, ""specialize"": 0, ""subst"": 0, ""unfold"": 1}"
retiled_old_pinstr_eqdom_after,Lemma,False,5929,5940,12,5933,5940,8,1,retiled_old_pinstrs_eqdom_after_rel_list,1,retiled_old_pinstr,0,,False,False,"{""apply"": 0, ""assert"": 0, ""destruct"": 0, ""eapply"": 0, ""inversion"": 0, ""lia"": 0, ""nia"": 0, ""pose proof"": 0, ""repeat"": 1, ""rewrite"": 0, ""specialize"": 0, ""subst"": 0, ""unfold"": 1}"
tiling_rel_pinstr_list_compiled_witnesses,Lemma,False,5942,5962,21,5949,5962,14,1,tiling_rel_pprog_structure_compiled_retiled_old_eqdom,2,tiling_rel_pinstr_list;compiled_pinstr_tiling_witness,0,,False,False,"{""apply"": 0, ""assert"": 0, ""destruct"": 5, ""eapply"": 1, ""inversion"": 0, ""lia"": 0, ""nia"": 0, ""pose proof"": 0, ""repeat"": 0, ""rewrite"": 0, ""specialize"": 0, ""subst"": 0, ""unfold"": 0}"
retiled_old_pinstrs_eqdom_after_rel_list,Lemma,False,5964,5986,23,5975,5986,12,1,tiling_rel_pprog_structure_compiled_retiled_old_eqdom,2,retiled_old_pinstrs;retiled_old_pinstr_eqdom_after,0,,False,False,"{""apply"": 1, ""assert"": 0, ""destruct"": 3, ""eapply"": 1, ""inversion"": 1, ""lia"": 1, ""nia"": 0, ""pose proof"": 0, ""repeat"": 0, ""rewrite"": 0, ""specialize"": 0, ""subst"": 1, ""unfold"": 0}"
tiling_rel_pprog_structure_compiled_retiled_old_eqdom,Lemma,False,5988,6058,71,5999,6058,60,0,,7,tiling_rel_pprog_structure;compiled_pinstr_tiling_witness;tiling_rel_pprog_structure_compiled;tiling_rel_pinstr_list_lengths;retiled_old_pinstrs;tiling_rel_pinstr_list_compiled_witnesses;retiled_old_pinstrs_eqdom_after_rel_list,0,,False,False,"{""apply"": 0, ""assert"": 2, ""destruct"": 4, ""eapply"": 2, ""inversion"": 0, ""lia"": 1, ""nia"": 0, ""pose proof"": 3, ""repeat"": 0, ""rewrite"": 2, ""specialize"": 0, ""subst"": 1, ""unfold"": 2}"
after_point_of_retiled_old_after_inverse,Lemma,False,6060,6074,15,6065,6074,10,1,retiled_old_of_after_point_injective_on_after_points,2,retiled_old_of_after_point;after_point_of_retiled_old,0,,False,True,"{""apply"": 0, ""assert"": 0, ""destruct"": 2, ""eapply"": 0, ""inversion"": 0, ""lia"": 0, ""nia"": 0, ""pose proof"": 0, ""repeat"": 0, ""rewrite"": 0, ""specialize"": 0, ""subst"": 1, ""unfold"": 2}"
retiled_old_of_after_point_injective_on_after_points,Lemma,False,6076,6089,14,6083,6089,7,1,retiled_old_ipl_from_after_nodup,3,retiled_old_of_after_point;after_point_of_retiled_old;after_point_of_retiled_old_after_inverse,0,,False,True,"{""apply"": 1, ""assert"": 0, ""destruct"": 0, ""eapply"": 0, ""inversion"": 0, ""lia"": 0, ""nia"": 0, ""pose proof"": 0, ""repeat"": 0, ""rewrite"": 2, ""specialize"": 0, ""subst"": 0, ""unfold"": 0}"
retiled_old_of_after_point_of_retiled_old,Lemma,False,6091,6105,15,6096,6105,10,1,flatten_instr_nth_after_implies_flatten_instr_nth_retiled_old,3,retiled_old_pinstr;retiled_old_of_after_point;after_point_of_retiled_old,0,,False,True,"{""apply"": 0, ""assert"": 0, ""destruct"": 2, ""eapply"": 0, ""inversion"": 0, ""lia"": 0, ""nia"": 0, ""pose proof"": 0, ""repeat"": 0, ""rewrite"": 0, ""specialize"": 0, ""subst"": 1, ""unfold"": 2}"
retiled_old_ipl_from_after_nodup,Lemma,False,6107,6137,31,6112,6137,26,1,flatten_instr_nth_after_implies_flatten_instr_nth_retiled_old,2,retiled_old_ipl_from_after;retiled_old_of_after_point_injective_on_after_points,0,,False,True,"{""apply"": 6, ""assert"": 1, ""destruct"": 1, ""eapply"": 1, ""inversion"": 0, ""lia"": 0, ""nia"": 0, ""pose proof"": 0, ""repeat"": 0, ""rewrite"": 0, ""specialize"": 0, ""subst"": 1, ""unfold"": 1}"
compose_tiling_instr_point_ext_from_after_injective,Lemma,False,6139,6149,11,6144,6149,6,1,compose_tiling_ipl_ext_from_after_nodup,2,compose_tiling_instr_point_ext_from_after;compose_tiling_instr_point_ext_from_after_new_of_ext,0,,False,True,"{""apply"": 1, ""assert"": 0, ""destruct"": 0, ""eapply"": 0, ""inversion"": 0, ""lia"": 0, ""nia"": 0, ""pose proof"": 0, ""repeat"": 0, ""rewrite"": 1, ""specialize"": 0, ""subst"": 0, ""unfold"": 0}"
compose_tiling_ipl_ext_from_after_nodup,Lemma,False,6151,6174,24,6155,6174,20,1,flatten_instr_nth_after_implies_flatten_instr_nth_tiling_ext,2,compose_tiling_ipl_ext_from_after;compose_tiling_instr_point_ext_from_after_injective,0,,False,True,"{""apply"": 2, ""assert"": 1, ""destruct"": 1, ""eapply"": 1, ""inversion"": 0, ""lia"": 0, ""nia"": 0, ""pose proof"": 0, ""repeat"": 0, ""rewrite"": 0, ""specialize"": 0, ""subst"": 1, ""unfold"": 1}"
compose_tiling_instr_point_ext_from_after_preserves_np_lt,Lemma,False,6176,6191,16,6182,6191,10,1,compose_tiling_ipl_ext_from_after_hdrel,2,compose_tiling_instr_point_ext_from_after;compose_tiling_instr_point_ext_from_after_preserves_np_fields,0,,False,True,"{""apply"": 0, ""assert"": 0, ""destruct"": 2, ""eapply"": 0, ""inversion"": 0, ""lia"": 0, ""nia"": 0, ""pose proof"": 0, ""repeat"": 0, ""rewrite"": 1, ""specialize"": 0, ""subst"": 0, ""unfold"": 1}"
compose_tiling_ipl_ext_from_after_hdrel,Lemma,False,6193,6208,16,6200,6208,9,1,compose_tiling_ipl_ext_from_after_sorted,3,compose_tiling_instr_point_ext_from_after;compose_tiling_ipl_ext_from_after;compose_tiling_instr_point_ext_from_after_preserves_np_lt,0,,False,True,"{""apply"": 0, ""assert"": 0, ""destruct"": 0, ""eapply"": 1, ""inversion"": 0, ""lia"": 0, ""nia"": 0, ""pose proof"": 0, ""repeat"": 0, ""rewrite"": 0, ""specialize"": 0, ""subst"": 0, ""unfold"": 0}"
compose_tiling_ipl_ext_from_after_sorted,Lemma,False,6210,6225,16,6216,6225,10,1,flatten_instr_nth_after_implies_flatten_instr_nth_tiling_ext,2,compose_tiling_ipl_ext_from_after;compose_tiling_ipl_ext_from_after_hdrel,0,,False,True,"{""apply"": 0, ""assert"": 0, ""destruct"": 0, ""eapply"": 1, ""inversion"": 0, ""lia"": 0, ""nia"": 0, ""pose proof"": 0, ""repeat"": 0, ""rewrite"": 0, ""specialize"": 0, ""subst"": 0, ""unfold"": 1}"
flatten_instr_nth_after_implies_flatten_instr_nth_retiled_old,Theorem,False,6227,6297,71,6235,6297,63,1,flatten_instrs_after_implies_tiling_ext_exists,9,retiled_old_pinstr;after_point_of_retiled_old;retiled_old_ipl_from_after;retiled_old_of_after_point_preserves_np_fields;retiled_old_of_after_point_belongs_to;after_point_of_retiled_old_belongs_to;after_matches_tiling_witness;retiled_old_of_after_point_of_retiled_old;retiled_old_ipl_from_after_nodup,0,,False,True,"{""apply"": 4, ""assert"": 2, ""destruct"": 9, ""eapply"": 7, ""inversion"": 0, ""lia"": 0, ""nia"": 0, ""pose proof"": 0, ""repeat"": 0, ""rewrite"": 0, ""specialize"": 2, ""subst"": 2, ""unfold"": 4}"
flatten_instr_nth_after_implies_flatten_instr_nth_tiling_ext,Theorem,False,6299,6388,90,6307,6388,82,1,flatten_instrs_after_implies_tiling_ext_exists,8,current_src_transformation_of_pinstr;compose_tiling_pinstr_ext;compose_tiling_ipl_ext_from_after;compose_tiling_instr_point_ext_from_after_belongs_to_ext;after_matches_tiling_witness;compose_tiling_instr_point_ext_from_after_after_inverse;compose_tiling_ipl_ext_from_after_nodup;compose_tiling_ipl_ext_from_after_sorted,0,,False,True,"{""apply"": 4, ""assert"": 3, ""destruct"": 10, ""eapply"": 5, ""inversion"": 0, ""lia"": 1, ""nia"": 0, ""pose proof"": 0, ""repeat"": 0, ""rewrite"": 3, ""specialize"": 1, ""subst"": 2, ""unfold"": 8}"
nth_error_retiled_old_pinstrs,Lemma,False,6390,6409,20,6398,6409,12,2,flatten_instrs_retiled_old_member_nth_data;flatten_instrs_retiled_old_member_nth_data_source,2,retiled_old_pinstr;retiled_old_pinstrs,0,,False,True,"{""apply"": 0, ""assert"": 0, ""destruct"": 6, ""eapply"": 1, ""inversion"": 3, ""lia"": 0, ""nia"": 0, ""pose proof"": 0, ""repeat"": 0, ""rewrite"": 0, ""specialize"": 0, ""subst"": 1, ""unfold"": 0}"
nth_error_compose_tiling_pinstrs_ext_from_after,Lemma,False,6411,6430,20,6419,6430,12,0,,2,compose_tiling_pinstr_ext;compose_tiling_pinstrs_ext_from_after,13,src/TilingBandScheduleValidator.v:8786;src/TilingBandScheduleValidator.v:10588;src/TilingBandScheduleValidator.v:10596;src/TilingBandScheduleValidator.v:17804;src/TilingBandScheduleValidator.v:17810;src/TilingBandScheduleValidator.v:19633;src/TilingBandScheduleValidator.v:19639;src/TilingBandScheduleValidator.v:23246;src/TilingBandScheduleValidator.v:23252;src/TilingBandScheduleValidator.v:26753;src/TilingBandScheduleValidator.v:26759;src/TilingBandScheduleValidator.v:27714;src/TilingBandScheduleValidator.v:27720,True,True,"{""apply"": 0, ""assert"": 0, ""destruct"": 6, ""eapply"": 1, ""inversion"": 3, ""lia"": 0, ""nia"": 0, ""pose proof"": 0, ""repeat"": 0, ""rewrite"": 0, ""specialize"": 0, ""subst"": 1, ""unfold"": 0}"
retiled_old_pinstrs_preserve_length,Lemma,False,6432,6446,15,6438,6446,9,5,flatten_instrs_after_implies_tiling_ext_exists;flatten_instrs_retiled_old_implies_before_exists_perm;flatten_instrs_retiled_old_member_nth_data;flatten_instrs_retiled_old_member_nth_data_source;flatten_instrs_retiled_old_implies_before_exists_perm_source,1,retiled_old_pinstrs,1,src/TilingBandScheduleValidator.v:8465,True,True,"{""apply"": 0, ""assert"": 0, ""destruct"": 3, ""eapply"": 1, ""inversion"": 0, ""lia"": 1, ""nia"": 0, ""pose proof"": 0, ""repeat"": 0, ""rewrite"": 0, ""specialize"": 0, ""subst"": 0, ""unfold"": 0}"
compose_tiling_pinstrs_ext_from_after_preserve_length,Lemma,False,6448,6463,16,6455,6463,9,1,flatten_instrs_after_implies_tiling_ext_exists,1,compose_tiling_pinstrs_ext_from_after,3,src/TilingBandScheduleValidator.v:8741;src/TilingBandScheduleValidator.v:10548;src/TilingBandScheduleValidator.v:12879,True,True,"{""apply"": 0, ""assert"": 0, ""destruct"": 3, ""eapply"": 1, ""inversion"": 0, ""lia"": 1, ""nia"": 0, ""pose proof"": 0, ""repeat"": 0, ""rewrite"": 0, ""specialize"": 0, ""subst"": 0, ""unfold"": 0}"
retiled_old_pinstrs_app_singleton,Lemma,False,6465,6484,20,6476,6484,9,3,flatten_instrs_after_implies_tiling_ext_exists;flatten_instrs_retiled_old_implies_before_exists_perm;flatten_instrs_retiled_old_implies_before_exists_perm_source,2,retiled_old_pinstr;retiled_old_pinstrs,0,,False,True,"{""apply"": 0, ""assert"": 0, ""destruct"": 3, ""eapply"": 1, ""inversion"": 0, ""lia"": 1, ""nia"": 0, ""pose proof"": 0, ""repeat"": 0, ""rewrite"": 0, ""specialize"": 0, ""subst"": 0, ""unfold"": 0}"
compose_tiling_pinstrs_ext_from_after_app_singleton,Lemma,False,6486,6505,20,6497,6505,9,1,flatten_instrs_after_implies_tiling_ext_exists,2,compose_tiling_pinstr_ext;compose_tiling_pinstrs_ext_from_after,0,,False,True,"{""apply"": 0, ""assert"": 0, ""destruct"": 3, ""eapply"": 1, ""inversion"": 0, ""lia"": 1, ""nia"": 0, ""pose proof"": 0, ""repeat"": 0, ""rewrite"": 0, ""specialize"": 0, ""subst"": 0, ""unfold"": 0}"
flatten_instrs_after_implies_tiling_ext_exists,Theorem,False,6507,6691,185,6525,6691,167,1,tiling_after_to_retiled_old_poly_correct,16,compose_tiling_pinstr_ext;retiled_old_pinstr;Forall2_app_singleton_inv;retiled_old_ipl_from_after;compose_tiling_ipl_ext_from_after;retiled_old_pinstrs;compose_tiling_pinstrs_ext_from_after;after_matches_tiling_witness;new_of_compose_tiling_ipl_ext_from_after;old_of_compose_tiling_ipl_ext_from_after;flatten_instr_nth_after_implies_flatten_instr_nth_retiled_old;flatten_instr_nth_after_implies_flatten_instr_nth_tiling_ext;retiled_old_pinstrs_preserve_length;compose_tiling_pinstrs_ext_from_after_preserve_length;retiled_old_pinstrs_app_singleton;compose_tiling_pinstrs_ext_from_after_app_singleton,0,,False,True,"{""apply"": 4, ""assert"": 11, ""destruct"": 8, ""eapply"": 9, ""inversion"": 2, ""lia"": 8, ""nia"": 0, ""pose proof"": 2, ""repeat"": 0, ""rewrite"": 23, ""specialize"": 0, ""subst"": 2, ""unfold"": 2}"
flatten_instrs_retiled_old_implies_before_exists_perm,Theorem,False,6693,6933,241,6720,6931,212,0,,16,wf_statement_tiling_witness_with_param_dim;retiled_old_pinstr;tiling_rel_pprog_structure_compiled;tiling_rel_pprog_structure_compiled_lengths;tiling_rel_pprog_structure_compiled_app_singleton_inv;Forall2_app_singleton_inv;before_ipl_from_retiled_old;before_of_retiled_old_pprog_point;before_ipl_from_retiled_old_pprog;before_of_retiled_old_pprog_point_app_head;before_ipl_from_retiled_old_pprog_app;flatten_instr_nth_implies_ip_nth;flatten_instr_nth_retiled_old_implies_before_flatten_instr_nth_exists_perm;retiled_old_pinstrs;retiled_old_pinstrs_preserve_length;retiled_old_pinstrs_app_singleton,0,,False,False,"{""apply"": 7, ""assert"": 13, ""destruct"": 10, ""eapply"": 9, ""inversion"": 4, ""lia"": 10, ""nia"": 0, ""pose proof"": 3, ""repeat"": 0, ""rewrite"": 34, ""specialize"": 0, ""subst"": 4, ""unfold"": 3}"
tiling_after_to_retiled_old_poly_correct,Theorem,False,6935,7056,122,6960,7056,97,1,tiling_after_to_before_poly_correct_via_retiled_old,4,retiled_old_pinstrs;compose_tiling_pinstrs_ext_from_after;after_matches_tiling_witness;flatten_instrs_after_implies_tiling_ext_exists,0,,False,True,"{""apply"": 0, ""assert"": 2, ""destruct"": 5, ""eapply"": 12, ""inversion"": 2, ""lia"": 0, ""nia"": 0, ""pose proof"": 5, ""repeat"": 0, ""rewrite"": 8, ""specialize"": 0, ""subst"": 2, ""unfold"": 0}"
flatten_instrs_retiled_old_member_nth_data,Lemma,False,7058,7198,141,7094,7198,105,0,,9,wf_statement_tiling_witness_with_param_dim;Forall_nth_error;Forall2_nth_error;retiled_old_pinstr;tiling_rel_pprog_structure_compiled;tiling_rel_pprog_structure_compiled_lengths;retiled_old_pinstrs;nth_error_retiled_old_pinstrs;retiled_old_pinstrs_preserve_length,0,,False,False,"{""apply"": 0, ""assert"": 3, ""destruct"": 6, ""eapply"": 5, ""inversion"": 1, ""lia"": 3, ""nia"": 0, ""pose proof"": 5, ""repeat"": 0, ""rewrite"": 6, ""specialize"": 2, ""subst"": 2, ""unfold"": 2}"
before_ipl_from_retiled_old_nodup_source,Lemma,False,7200,7261,62,7226,7261,36,2,flatten_instr_nth_retiled_old_implies_before_flatten_instr_nth_exists_source;flatten_instr_nth_retiled_old_implies_before_flatten_instr_nth_exists_perm_source,12,wf_statement_tiling_witness_with_param_dim;NoDup_map_on;nth_error_map_some;tiling_rel_pinstr_structure_source;tiling_rel_pprog_structure_source;compiled_pinstr_tiling_witness;retiled_old_pinstr;wf_compiled_pinstr_tiling_witness;compiled_pinstr_tiling_witness_matches;tiling_rel_pprog_structure_source_nth;before_ipl_from_retiled_old;tiling_rel_pinstr_structure_source_before_of_retiled_old_point_injective,0,,False,True,"{""apply"": 0, ""assert"": 1, ""destruct"": 5, ""eapply"": 4, ""inversion"": 0, ""lia"": 0, ""nia"": 0, ""pose proof"": 4, ""repeat"": 0, ""rewrite"": 1, ""specialize"": 2, ""subst"": 0, ""unfold"": 0}"
flatten_instr_nth_retiled_old_implies_before_flatten_instr_nth_exists_source,Theorem,False,7263,7410,148,7292,7410,119,0,,18,wf_statement_tiling_witness_with_param_dim;tiling_rel_pprog_structure_source;compiled_pinstr_tiling_witness;retiled_old_pinstr;before_ipl_from_retiled_old;instr_point_np_ltb;instr_point_np_eqb;instr_point_np_ltb_trans;instr_point_np_eqb_trans;instr_point_np_eqb_refl;instr_point_np_eqb_symm;instr_point_np_cmp_total;instr_point_np_eqb_ltb_implies_ltb;instr_point_np_ltb_eqb_implies_ltb;sortedb_instr_point_np_implies_sorted_np;before_ipl_from_retiled_old_forward_source;before_ipl_from_retiled_old_backward_source;before_ipl_from_retiled_old_nodup_source,0,,False,False,"{""apply"": 0, ""assert"": 6, ""destruct"": 4, ""eapply"": 18, ""inversion"": 0, ""lia"": 0, ""nia"": 0, ""pose proof"": 0, ""repeat"": 1, ""rewrite"": 0, ""specialize"": 3, ""subst"": 3, ""unfold"": 0}"
flatten_instr_nth_retiled_old_implies_before_flatten_instr_nth_exists_perm_source,Theorem,False,7412,7580,169,7441,7580,140,1,flatten_instrs_retiled_old_implies_before_exists_perm_source,18,wf_statement_tiling_witness_with_param_dim;tiling_rel_pprog_structure_source;compiled_pinstr_tiling_witness;retiled_old_pinstr;before_ipl_from_retiled_old;instr_point_np_ltb;instr_point_np_eqb;instr_point_np_ltb_trans;instr_point_np_eqb_trans;instr_point_np_eqb_refl;instr_point_np_eqb_symm;instr_point_np_cmp_total;instr_point_np_eqb_ltb_implies_ltb;instr_point_np_ltb_eqb_implies_ltb;sortedb_instr_point_np_implies_sorted_np;before_ipl_from_retiled_old_forward_source;before_ipl_from_retiled_old_backward_source;before_ipl_from_retiled_old_nodup_source,0,,False,True,"{""apply"": 0, ""assert"": 6, ""destruct"": 4, ""eapply"": 20, ""inversion"": 0, ""lia"": 0, ""nia"": 0, ""pose proof"": 0, ""repeat"": 1, ""rewrite"": 0, ""specialize"": 3, ""subst"": 2, ""unfold"": 0}"
flatten_instrs_retiled_old_member_nth_data_source,Lemma,False,7582,7724,143,7618,7724,107,2,flatten_instrs_retiled_old_member_instr_semantics_iff_source;flatten_instrs_retiled_old_member_time_stamp_preserved_source,10,wf_statement_tiling_witness_with_param_dim;Forall_nth_error;Forall2_nth_error;tiling_rel_pprog_structure_source;compiled_pinstr_tiling_witness;retiled_old_pinstr;tiling_rel_pprog_structure_source_lengths;retiled_old_pinstrs;nth_error_retiled_old_pinstrs;retiled_old_pinstrs_preserve_length,0,,False,True,"{""apply"": 0, ""assert"": 3, ""destruct"": 6, ""eapply"": 5, ""inversion"": 1, ""lia"": 3, ""nia"": 0, ""pose proof"": 5, ""repeat"": 0, ""rewrite"": 7, ""specialize"": 2, ""subst"": 2, ""unfold"": 2}"
flatten_instrs_retiled_old_member_instr_semantics_iff_source,Theorem,False,7726,7783,58,7757,7783,27,1,tiling_retiled_old_to_before_poly_correct_with_env_len_source,8,wf_statement_tiling_witness_with_param_dim;Forall_nth_error;tiling_rel_pprog_structure_source;compiled_pinstr_tiling_witness;before_of_retiled_old_pprog_point;tiling_rel_pprog_structure_source_before_of_retiled_old_instr_semantics_iff_nth;retiled_old_pinstrs;flatten_instrs_retiled_old_member_nth_data_source,0,,False,True,"{""apply"": 0, ""assert"": 0, ""destruct"": 2, ""eapply"": 1, ""inversion"": 0, ""lia"": 0, ""nia"": 0, ""pose proof"": 1, ""repeat"": 0, ""rewrite"": 3, ""specialize"": 0, ""subst"": 0, ""unfold"": 1}"
flatten_instrs_retiled_old_member_time_stamp_preserved_source,Theorem,False,7785,7852,68,7811,7852,42,1,tiling_retiled_old_to_before_poly_correct_with_env_len_source,11,wf_statement_tiling_witness_with_param_dim;nth_error_map_some;tiling_rel_pinstr_structure_source;tiling_rel_pprog_structure_source;compiled_pinstr_tiling_witness;wf_compiled_pinstr_tiling_witness;tiling_rel_pprog_structure_source_nth;before_of_retiled_old_pprog_point;tiling_rel_pinstr_structure_source_before_of_retiled_old_time_stamp;retiled_old_pinstrs;flatten_instrs_retiled_old_member_nth_data_source,0,,False,True,"{""apply"": 0, ""assert"": 1, ""destruct"": 2, ""eapply"": 3, ""inversion"": 0, ""lia"": 0, ""nia"": 0, ""pose proof"": 0, ""repeat"": 0, ""rewrite"": 4, ""specialize"": 0, ""subst"": 0, ""unfold"": 1}"
flatten_instrs_retiled_old_implies_before_exists_perm_source,Theorem,False,7854,8108,255,7881,8108,228,1,tiling_retiled_old_to_before_poly_correct_with_env_len_source,17,wf_statement_tiling_witness_with_param_dim;tiling_rel_pprog_structure_source;compiled_pinstr_tiling_witness;retiled_old_pinstr;tiling_rel_pprog_structure_source_lengths;tiling_rel_pprog_structure_source_app_singleton_inv;Forall2_app_singleton_inv;before_ipl_from_retiled_old;before_of_retiled_old_pprog_point;before_ipl_from_retiled_old_pprog;before_of_retiled_old_pprog_point_app_head;before_ipl_from_retiled_old_pprog_app;flatten_instr_nth_implies_ip_nth;retiled_old_pinstrs;retiled_old_pinstrs_preserve_length;retiled_old_pinstrs_app_singleton;flatten_instr_nth_retiled_old_implies_before_flatten_instr_nth_exists_perm_source,0,,False,True,"{""apply"": 7, ""assert"": 14, ""destruct"": 10, ""eapply"": 9, ""inversion"": 4, ""lia"": 10, ""nia"": 0, ""pose proof"": 3, ""repeat"": 0, ""rewrite"": 37, ""specialize"": 0, ""subst"": 4, ""unfold"": 3}"
tiling_retiled_old_to_before_poly_correct_with_env_len_source,Theorem,False,8110,8207,98,8140,8207,68,1,tiling_retiled_old_to_before_instance_correct_source,10,wf_statement_tiling_witness_with_param_dim;tiling_rel_pprog_structure_source;compiled_pinstr_tiling_witness;before_ipl_from_retiled_old_pprog;instr_point_list_semantics_map_preserved;sorted_sched_map_time_stamp_preserved;retiled_old_pinstrs;flatten_instrs_retiled_old_member_instr_semantics_iff_source;flatten_instrs_retiled_old_member_time_stamp_preserved_source;flatten_instrs_retiled_old_implies_before_exists_perm_source,5,src/TilingBandScheduleValidator.v:8899;src/TilingBandScheduleValidator.v:10829;src/TilingBandScheduleValidator.v:11092;src/TilingBandScheduleValidator.v:12988;src/TilingBandScheduleValidator.v:13358,True,True,"{""apply"": 0, ""assert"": 3, ""destruct"": 1, ""eapply"": 11, ""inversion"": 2, ""lia"": 0, ""nia"": 0, ""pose proof"": 0, ""repeat"": 0, ""rewrite"": 0, ""specialize"": 0, ""subst"": 5, ""unfold"": 0}"
tiling_retiled_old_to_before_instance_correct_source,Theorem,False,8209,8277,69,8236,8277,42,0,,5,wf_statement_tiling_witness_with_param_dim;tiling_rel_pprog_structure_source;compiled_pinstr_tiling_witness;retiled_old_pinstrs;tiling_retiled_old_to_before_poly_correct_with_env_len_source,2,src/TilingValidator.v:991;src/TilingCanonicalScheduleValidator.v:241,True,True,"{""apply"": 0, ""assert"": 2, ""destruct"": 1, ""eapply"": 0, ""inversion"": 2, ""lia"": 0, ""nia"": 0, ""pose proof"": 1, ""repeat"": 0, ""rewrite"": 2, ""specialize"": 0, ""subst"": 2, ""unfold"": 0}"
tiling_retiled_old_to_before_poly_layer,Definition,False,8279,8296,18,,,0,2,tiling_after_to_before_poly_correct_via_retiled_old;tiling_after_to_before_instance_correct_via_retiled_old,1,retiled_old_pinstrs,5,src/TilingBandScheduleValidator.v:8895;src/TilingBandScheduleValidator.v:10825;src/TilingBandScheduleValidator.v:11088;src/TilingBandScheduleValidator.v:12984;src/TilingBandScheduleValidator.v:13354,True,True,"{""apply"": 0, ""assert"": 0, ""destruct"": 0, ""eapply"": 0, ""inversion"": 0, ""lia"": 0, ""nia"": 0, ""pose proof"": 0, ""repeat"": 0, ""rewrite"": 0, ""specialize"": 0, ""subst"": 0, ""unfold"": 0}"
tiling_after_to_before_poly_correct_via_retiled_old,Theorem,False,8298,8339,42,8324,8339,16,1,tiling_after_to_before_instance_correct_via_retiled_old,4,compose_tiling_pinstrs_ext_from_after;after_matches_tiling_witness;tiling_after_to_retiled_old_poly_correct;tiling_retiled_old_to_before_poly_layer,5,src/TilingBandScheduleValidator.v:8909;src/TilingBandScheduleValidator.v:10851;src/TilingBandScheduleValidator.v:11112;src/TilingBandScheduleValidator.v:12998;src/TilingBandScheduleValidator.v:13385,True,True,"{""apply"": 0, ""assert"": 0, ""destruct"": 2, ""eapply"": 1, ""inversion"": 0, ""lia"": 0, ""nia"": 0, ""pose proof"": 0, ""repeat"": 0, ""rewrite"": 0, ""specialize"": 0, ""subst"": 0, ""unfold"": 0}"
tiling_after_to_before_instance_correct_via_retiled_old,Theorem,False,8341,8389,49,8364,8387,24,0,,4,compose_tiling_pinstrs_ext_from_after;after_matches_tiling_witness;tiling_retiled_old_to_before_poly_layer;tiling_after_to_before_poly_correct_via_retiled_old,0,,False,False,"{""apply"": 0, ""assert"": 0, ""destruct"": 1, ""eapply"": 0, ""inversion"": 2, ""lia"": 0, ""nia"": 0, ""pose proof"": 0, ""repeat"": 0, ""rewrite"": 0, ""specialize"": 0, ""subst"": 2, ""unfold"": 0}"
