section,kind,local,name,line,end_line,span_lines,proof_group,proof_start,proof_end,proof_span_lines,proof_body_lines,proof_body_lines_unique,internal_dependency_count,internal_dependencies,internal_caller_count,internal_callers,self_ref_count,internal_nonheader_count,interstitial_ref_count,external_confirmed_count,external_confirmed_files,external_bare_candidate_count,reachable_from_confirmed_public,reference_class
Declarations,Inductive,False,raw_config,34,66,33,raw_config,,,0,0,0,32,RawParallelCurrentAffine;RawParallelCurrentAffineISS;RawParallelCurrentDefault;RawParallelCurrentDefaultISS;RawParallelCurrentDiamond;RawParallelCurrentDiamondISS;RawParallelCurrentIdentity;RawParallelCurrentIdentityISS;RawParallelCurrentIdentityTiled;RawParallelCurrentIdentityTiledISS;RawParallelCurrentManyAffine;RawParallelCurrentManyAffineISS;RawParallelCurrentManyDefault;RawParallelCurrentManyDefaultISS;RawParallelCurrentManyDiamond;RawParallelCurrentManyDiamondISS;RawParallelCurrentManyIdentity;RawParallelCurrentManyIdentityISS;RawParallelCurrentManyIdentityTiled;RawParallelCurrentManyIdentityTiledISS;RawSeq;RawUnsupported;RawVectorCurrentAffine;RawVectorCurrentAffineISS;RawVectorCurrentDefault;RawVectorCurrentDefaultISS;RawVectorCurrentDiamond;RawVectorCurrentDiamondISS;RawVectorCurrentIdentity;RawVectorCurrentIdentityISS;RawVectorCurrentIdentityTiled;RawVectorCurrentIdentityTiledISS,34,RawParallelCurrentAffine;RawParallelCurrentAffineISS;RawParallelCurrentDefault;RawParallelCurrentDefaultISS;RawParallelCurrentDiamond;RawParallelCurrentDiamondISS;RawParallelCurrentIdentity;RawParallelCurrentIdentityISS;RawParallelCurrentIdentityTiled;RawParallelCurrentIdentityTiledISS;RawParallelCurrentManyAffine;RawParallelCurrentManyAffineISS;RawParallelCurrentManyDefault;RawParallelCurrentManyDefaultISS;RawParallelCurrentManyDiamond;RawParallelCurrentManyDiamondISS;RawParallelCurrentManyIdentity;RawParallelCurrentManyIdentityISS;RawParallelCurrentManyIdentityTiled;RawParallelCurrentManyIdentityTiledISS;RawSeq;RawUnsupported;RawVectorCurrentAffine;RawVectorCurrentAffineISS;RawVectorCurrentDefault;RawVectorCurrentDefaultISS;RawVectorCurrentDiamond;RawVectorCurrentDiamondISS;RawVectorCurrentIdentity;RawVectorCurrentIdentityISS;RawVectorCurrentIdentityTiled;RawVectorCurrentIdentityTiledISS;check_config;compile,1,3,0,0,,10,False,internal-live
Declarations,Constructor,False,RawSeq,35,66,32,raw_config,,,0,0,0,33,RawParallelCurrentAffine;RawParallelCurrentAffineISS;RawParallelCurrentDefault;RawParallelCurrentDefaultISS;RawParallelCurrentDiamond;RawParallelCurrentDiamondISS;RawParallelCurrentIdentity;RawParallelCurrentIdentityISS;RawParallelCurrentIdentityTiled;RawParallelCurrentIdentityTiledISS;RawParallelCurrentManyAffine;RawParallelCurrentManyAffineISS;RawParallelCurrentManyDefault;RawParallelCurrentManyDefaultISS;RawParallelCurrentManyDiamond;RawParallelCurrentManyDiamondISS;RawParallelCurrentManyIdentity;RawParallelCurrentManyIdentityISS;RawParallelCurrentManyIdentityTiled;RawParallelCurrentManyIdentityTiledISS;RawSeq;RawUnsupported;RawVectorCurrentAffine;RawVectorCurrentAffineISS;RawVectorCurrentDefault;RawVectorCurrentDefaultISS;RawVectorCurrentDiamond;RawVectorCurrentDiamondISS;RawVectorCurrentIdentity;RawVectorCurrentIdentityISS;RawVectorCurrentIdentityTiled;RawVectorCurrentIdentityTiledISS;raw_config,33,RawParallelCurrentAffine;RawParallelCurrentAffineISS;RawParallelCurrentDefault;RawParallelCurrentDefaultISS;RawParallelCurrentDiamond;RawParallelCurrentDiamondISS;RawParallelCurrentIdentity;RawParallelCurrentIdentityISS;RawParallelCurrentIdentityTiled;RawParallelCurrentIdentityTiledISS;RawParallelCurrentManyAffine;RawParallelCurrentManyAffineISS;RawParallelCurrentManyDefault;RawParallelCurrentManyDefaultISS;RawParallelCurrentManyDiamond;RawParallelCurrentManyDiamondISS;RawParallelCurrentManyIdentity;RawParallelCurrentManyIdentityISS;RawParallelCurrentManyIdentityTiled;RawParallelCurrentManyIdentityTiledISS;RawUnsupported;RawVectorCurrentAffine;RawVectorCurrentAffineISS;RawVectorCurrentDefault;RawVectorCurrentDefaultISS;RawVectorCurrentDiamond;RawVectorCurrentDiamondISS;RawVectorCurrentIdentity;RawVectorCurrentIdentityISS;RawVectorCurrentIdentityTiled;RawVectorCurrentIdentityTiledISS;check_config;raw_config,0,1,0,0,,2,False,internal-live
Declarations,Constructor,False,RawParallelCurrentIdentity,36,66,31,raw_config,,,0,0,0,33,RawParallelCurrentAffine;RawParallelCurrentAffineISS;RawParallelCurrentDefault;RawParallelCurrentDefaultISS;RawParallelCurrentDiamond;RawParallelCurrentDiamondISS;RawParallelCurrentIdentity;RawParallelCurrentIdentityISS;RawParallelCurrentIdentityTiled;RawParallelCurrentIdentityTiledISS;RawParallelCurrentManyAffine;RawParallelCurrentManyAffineISS;RawParallelCurrentManyDefault;RawParallelCurrentManyDefaultISS;RawParallelCurrentManyDiamond;RawParallelCurrentManyDiamondISS;RawParallelCurrentManyIdentity;RawParallelCurrentManyIdentityISS;RawParallelCurrentManyIdentityTiled;RawParallelCurrentManyIdentityTiledISS;RawSeq;RawUnsupported;RawVectorCurrentAffine;RawVectorCurrentAffineISS;RawVectorCurrentDefault;RawVectorCurrentDefaultISS;RawVectorCurrentDiamond;RawVectorCurrentDiamondISS;RawVectorCurrentIdentity;RawVectorCurrentIdentityISS;RawVectorCurrentIdentityTiled;RawVectorCurrentIdentityTiledISS;raw_config,33,RawParallelCurrentAffine;RawParallelCurrentAffineISS;RawParallelCurrentDefault;RawParallelCurrentDefaultISS;RawParallelCurrentDiamond;RawParallelCurrentDiamondISS;RawParallelCurrentIdentityISS;RawParallelCurrentIdentityTiled;RawParallelCurrentIdentityTiledISS;RawParallelCurrentManyAffine;RawParallelCurrentManyAffineISS;RawParallelCurrentManyDefault;RawParallelCurrentManyDefaultISS;RawParallelCurrentManyDiamond;RawParallelCurrentManyDiamondISS;RawParallelCurrentManyIdentity;RawParallelCurrentManyIdentityISS;RawParallelCurrentManyIdentityTiled;RawParallelCurrentManyIdentityTiledISS;RawSeq;RawUnsupported;RawVectorCurrentAffine;RawVectorCurrentAffineISS;RawVectorCurrentDefault;RawVectorCurrentDefaultISS;RawVectorCurrentDiamond;RawVectorCurrentDiamondISS;RawVectorCurrentIdentity;RawVectorCurrentIdentityISS;RawVectorCurrentIdentityTiled;RawVectorCurrentIdentityTiledISS;check_config;raw_config,0,1,0,0,,2,False,internal-live
Declarations,Constructor,False,RawParallelCurrentIdentityTiled,37,66,30,raw_config,,,0,0,0,33,RawParallelCurrentAffine;RawParallelCurrentAffineISS;RawParallelCurrentDefault;RawParallelCurrentDefaultISS;RawParallelCurrentDiamond;RawParallelCurrentDiamondISS;RawParallelCurrentIdentity;RawParallelCurrentIdentityISS;RawParallelCurrentIdentityTiled;RawParallelCurrentIdentityTiledISS;RawParallelCurrentManyAffine;RawParallelCurrentManyAffineISS;RawParallelCurrentManyDefault;RawParallelCurrentManyDefaultISS;RawParallelCurrentManyDiamond;RawParallelCurrentManyDiamondISS;RawParallelCurrentManyIdentity;RawParallelCurrentManyIdentityISS;RawParallelCurrentManyIdentityTiled;RawParallelCurrentManyIdentityTiledISS;RawSeq;RawUnsupported;RawVectorCurrentAffine;RawVectorCurrentAffineISS;RawVectorCurrentDefault;RawVectorCurrentDefaultISS;RawVectorCurrentDiamond;RawVectorCurrentDiamondISS;RawVectorCurrentIdentity;RawVectorCurrentIdentityISS;RawVectorCurrentIdentityTiled;RawVectorCurrentIdentityTiledISS;raw_config,33,RawParallelCurrentAffine;RawParallelCurrentAffineISS;RawParallelCurrentDefault;RawParallelCurrentDefaultISS;RawParallelCurrentDiamond;RawParallelCurrentDiamondISS;RawParallelCurrentIdentity;RawParallelCurrentIdentityISS;RawParallelCurrentIdentityTiledISS;RawParallelCurrentManyAffine;RawParallelCurrentManyAffineISS;RawParallelCurrentManyDefault;RawParallelCurrentManyDefaultISS;RawParallelCurrentManyDiamond;RawParallelCurrentManyDiamondISS;RawParallelCurrentManyIdentity;RawParallelCurrentManyIdentityISS;RawParallelCurrentManyIdentityTiled;RawParallelCurrentManyIdentityTiledISS;RawSeq;RawUnsupported;RawVectorCurrentAffine;RawVectorCurrentAffineISS;RawVectorCurrentDefault;RawVectorCurrentDefaultISS;RawVectorCurrentDiamond;RawVectorCurrentDiamondISS;RawVectorCurrentIdentity;RawVectorCurrentIdentityISS;RawVectorCurrentIdentityTiled;RawVectorCurrentIdentityTiledISS;check_config;raw_config,0,1,0,0,,2,False,internal-live
Declarations,Constructor,False,RawParallelCurrentIdentityTiledISS,38,66,29,raw_config,,,0,0,0,33,RawParallelCurrentAffine;RawParallelCurrentAffineISS;RawParallelCurrentDefault;RawParallelCurrentDefaultISS;RawParallelCurrentDiamond;RawParallelCurrentDiamondISS;RawParallelCurrentIdentity;RawParallelCurrentIdentityISS;RawParallelCurrentIdentityTiled;RawParallelCurrentIdentityTiledISS;RawParallelCurrentManyAffine;RawParallelCurrentManyAffineISS;RawParallelCurrentManyDefault;RawParallelCurrentManyDefaultISS;RawParallelCurrentManyDiamond;RawParallelCurrentManyDiamondISS;RawParallelCurrentManyIdentity;RawParallelCurrentManyIdentityISS;RawParallelCurrentManyIdentityTiled;RawParallelCurrentManyIdentityTiledISS;RawSeq;RawUnsupported;RawVectorCurrentAffine;RawVectorCurrentAffineISS;RawVectorCurrentDefault;RawVectorCurrentDefaultISS;RawVectorCurrentDiamond;RawVectorCurrentDiamondISS;RawVectorCurrentIdentity;RawVectorCurrentIdentityISS;RawVectorCurrentIdentityTiled;RawVectorCurrentIdentityTiledISS;raw_config,33,RawParallelCurrentAffine;RawParallelCurrentAffineISS;RawParallelCurrentDefault;RawParallelCurrentDefaultISS;RawParallelCurrentDiamond;RawParallelCurrentDiamondISS;RawParallelCurrentIdentity;RawParallelCurrentIdentityISS;RawParallelCurrentIdentityTiled;RawParallelCurrentManyAffine;RawParallelCurrentManyAffineISS;RawParallelCurrentManyDefault;RawParallelCurrentManyDefaultISS;RawParallelCurrentManyDiamond;RawParallelCurrentManyDiamondISS;RawParallelCurrentManyIdentity;RawParallelCurrentManyIdentityISS;RawParallelCurrentManyIdentityTiled;RawParallelCurrentManyIdentityTiledISS;RawSeq;RawUnsupported;RawVectorCurrentAffine;RawVectorCurrentAffineISS;RawVectorCurrentDefault;RawVectorCurrentDefaultISS;RawVectorCurrentDiamond;RawVectorCurrentDiamondISS;RawVectorCurrentIdentity;RawVectorCurrentIdentityISS;RawVectorCurrentIdentityTiled;RawVectorCurrentIdentityTiledISS;check_config;raw_config,0,1,0,0,,2,False,internal-live
Declarations,Constructor,False,RawParallelCurrentAffine,39,66,28,raw_config,,,0,0,0,33,RawParallelCurrentAffine;RawParallelCurrentAffineISS;RawParallelCurrentDefault;RawParallelCurrentDefaultISS;RawParallelCurrentDiamond;RawParallelCurrentDiamondISS;RawParallelCurrentIdentity;RawParallelCurrentIdentityISS;RawParallelCurrentIdentityTiled;RawParallelCurrentIdentityTiledISS;RawParallelCurrentManyAffine;RawParallelCurrentManyAffineISS;RawParallelCurrentManyDefault;RawParallelCurrentManyDefaultISS;RawParallelCurrentManyDiamond;RawParallelCurrentManyDiamondISS;RawParallelCurrentManyIdentity;RawParallelCurrentManyIdentityISS;RawParallelCurrentManyIdentityTiled;RawParallelCurrentManyIdentityTiledISS;RawSeq;RawUnsupported;RawVectorCurrentAffine;RawVectorCurrentAffineISS;RawVectorCurrentDefault;RawVectorCurrentDefaultISS;RawVectorCurrentDiamond;RawVectorCurrentDiamondISS;RawVectorCurrentIdentity;RawVectorCurrentIdentityISS;RawVectorCurrentIdentityTiled;RawVectorCurrentIdentityTiledISS;raw_config,33,RawParallelCurrentAffineISS;RawParallelCurrentDefault;RawParallelCurrentDefaultISS;RawParallelCurrentDiamond;RawParallelCurrentDiamondISS;RawParallelCurrentIdentity;RawParallelCurrentIdentityISS;RawParallelCurrentIdentityTiled;RawParallelCurrentIdentityTiledISS;RawParallelCurrentManyAffine;RawParallelCurrentManyAffineISS;RawParallelCurrentManyDefault;RawParallelCurrentManyDefaultISS;RawParallelCurrentManyDiamond;RawParallelCurrentManyDiamondISS;RawParallelCurrentManyIdentity;RawParallelCurrentManyIdentityISS;RawParallelCurrentManyIdentityTiled;RawParallelCurrentManyIdentityTiledISS;RawSeq;RawUnsupported;RawVectorCurrentAffine;RawVectorCurrentAffineISS;RawVectorCurrentDefault;RawVectorCurrentDefaultISS;RawVectorCurrentDiamond;RawVectorCurrentDiamondISS;RawVectorCurrentIdentity;RawVectorCurrentIdentityISS;RawVectorCurrentIdentityTiled;RawVectorCurrentIdentityTiledISS;check_config;raw_config,0,1,0,0,,2,False,internal-live
Declarations,Constructor,False,RawParallelCurrentDefault,40,66,27,raw_config,,,0,0,0,33,RawParallelCurrentAffine;RawParallelCurrentAffineISS;RawParallelCurrentDefault;RawParallelCurrentDefaultISS;RawParallelCurrentDiamond;RawParallelCurrentDiamondISS;RawParallelCurrentIdentity;RawParallelCurrentIdentityISS;RawParallelCurrentIdentityTiled;RawParallelCurrentIdentityTiledISS;RawParallelCurrentManyAffine;RawParallelCurrentManyAffineISS;RawParallelCurrentManyDefault;RawParallelCurrentManyDefaultISS;RawParallelCurrentManyDiamond;RawParallelCurrentManyDiamondISS;RawParallelCurrentManyIdentity;RawParallelCurrentManyIdentityISS;RawParallelCurrentManyIdentityTiled;RawParallelCurrentManyIdentityTiledISS;RawSeq;RawUnsupported;RawVectorCurrentAffine;RawVectorCurrentAffineISS;RawVectorCurrentDefault;RawVectorCurrentDefaultISS;RawVectorCurrentDiamond;RawVectorCurrentDiamondISS;RawVectorCurrentIdentity;RawVectorCurrentIdentityISS;RawVectorCurrentIdentityTiled;RawVectorCurrentIdentityTiledISS;raw_config,33,RawParallelCurrentAffine;RawParallelCurrentAffineISS;RawParallelCurrentDefaultISS;RawParallelCurrentDiamond;RawParallelCurrentDiamondISS;RawParallelCurrentIdentity;RawParallelCurrentIdentityISS;RawParallelCurrentIdentityTiled;RawParallelCurrentIdentityTiledISS;RawParallelCurrentManyAffine;RawParallelCurrentManyAffineISS;RawParallelCurrentManyDefault;RawParallelCurrentManyDefaultISS;RawParallelCurrentManyDiamond;RawParallelCurrentManyDiamondISS;RawParallelCurrentManyIdentity;RawParallelCurrentManyIdentityISS;RawParallelCurrentManyIdentityTiled;RawParallelCurrentManyIdentityTiledISS;RawSeq;RawUnsupported;RawVectorCurrentAffine;RawVectorCurrentAffineISS;RawVectorCurrentDefault;RawVectorCurrentDefaultISS;RawVectorCurrentDiamond;RawVectorCurrentDiamondISS;RawVectorCurrentIdentity;RawVectorCurrentIdentityISS;RawVectorCurrentIdentityTiled;RawVectorCurrentIdentityTiledISS;check_config;raw_config,0,1,0,0,,2,False,internal-live
Declarations,Constructor,False,RawParallelCurrentDiamond,41,66,26,raw_config,,,0,0,0,33,RawParallelCurrentAffine;RawParallelCurrentAffineISS;RawParallelCurrentDefault;RawParallelCurrentDefaultISS;RawParallelCurrentDiamond;RawParallelCurrentDiamondISS;RawParallelCurrentIdentity;RawParallelCurrentIdentityISS;RawParallelCurrentIdentityTiled;RawParallelCurrentIdentityTiledISS;RawParallelCurrentManyAffine;RawParallelCurrentManyAffineISS;RawParallelCurrentManyDefault;RawParallelCurrentManyDefaultISS;RawParallelCurrentManyDiamond;RawParallelCurrentManyDiamondISS;RawParallelCurrentManyIdentity;RawParallelCurrentManyIdentityISS;RawParallelCurrentManyIdentityTiled;RawParallelCurrentManyIdentityTiledISS;RawSeq;RawUnsupported;RawVectorCurrentAffine;RawVectorCurrentAffineISS;RawVectorCurrentDefault;RawVectorCurrentDefaultISS;RawVectorCurrentDiamond;RawVectorCurrentDiamondISS;RawVectorCurrentIdentity;RawVectorCurrentIdentityISS;RawVectorCurrentIdentityTiled;RawVectorCurrentIdentityTiledISS;raw_config,33,RawParallelCurrentAffine;RawParallelCurrentAffineISS;RawParallelCurrentDefault;RawParallelCurrentDefaultISS;RawParallelCurrentDiamondISS;RawParallelCurrentIdentity;RawParallelCurrentIdentityISS;RawParallelCurrentIdentityTiled;RawParallelCurrentIdentityTiledISS;RawParallelCurrentManyAffine;RawParallelCurrentManyAffineISS;RawParallelCurrentManyDefault;RawParallelCurrentManyDefaultISS;RawParallelCurrentManyDiamond;RawParallelCurrentManyDiamondISS;RawParallelCurrentManyIdentity;RawParallelCurrentManyIdentityISS;RawParallelCurrentManyIdentityTiled;RawParallelCurrentManyIdentityTiledISS;RawSeq;RawUnsupported;RawVectorCurrentAffine;RawVectorCurrentAffineISS;RawVectorCurrentDefault;RawVectorCurrentDefaultISS;RawVectorCurrentDiamond;RawVectorCurrentDiamondISS;RawVectorCurrentIdentity;RawVectorCurrentIdentityISS;RawVectorCurrentIdentityTiled;RawVectorCurrentIdentityTiledISS;check_config;raw_config,0,1,0,0,,2,False,internal-live
Declarations,Constructor,False,RawParallelCurrentDiamondISS,42,66,25,raw_config,,,0,0,0,33,RawParallelCurrentAffine;RawParallelCurrentAffineISS;RawParallelCurrentDefault;RawParallelCurrentDefaultISS;RawParallelCurrentDiamond;RawParallelCurrentDiamondISS;RawParallelCurrentIdentity;RawParallelCurrentIdentityISS;RawParallelCurrentIdentityTiled;RawParallelCurrentIdentityTiledISS;RawParallelCurrentManyAffine;RawParallelCurrentManyAffineISS;RawParallelCurrentManyDefault;RawParallelCurrentManyDefaultISS;RawParallelCurrentManyDiamond;RawParallelCurrentManyDiamondISS;RawParallelCurrentManyIdentity;RawParallelCurrentManyIdentityISS;RawParallelCurrentManyIdentityTiled;RawParallelCurrentManyIdentityTiledISS;RawSeq;RawUnsupported;RawVectorCurrentAffine;RawVectorCurrentAffineISS;RawVectorCurrentDefault;RawVectorCurrentDefaultISS;RawVectorCurrentDiamond;RawVectorCurrentDiamondISS;RawVectorCurrentIdentity;RawVectorCurrentIdentityISS;RawVectorCurrentIdentityTiled;RawVectorCurrentIdentityTiledISS;raw_config,33,RawParallelCurrentAffine;RawParallelCurrentAffineISS;RawParallelCurrentDefault;RawParallelCurrentDefaultISS;RawParallelCurrentDiamond;RawParallelCurrentIdentity;RawParallelCurrentIdentityISS;RawParallelCurrentIdentityTiled;RawParallelCurrentIdentityTiledISS;RawParallelCurrentManyAffine;RawParallelCurrentManyAffineISS;RawParallelCurrentManyDefault;RawParallelCurrentManyDefaultISS;RawParallelCurrentManyDiamond;RawParallelCurrentManyDiamondISS;RawParallelCurrentManyIdentity;RawParallelCurrentManyIdentityISS;RawParallelCurrentManyIdentityTiled;RawParallelCurrentManyIdentityTiledISS;RawSeq;RawUnsupported;RawVectorCurrentAffine;RawVectorCurrentAffineISS;RawVectorCurrentDefault;RawVectorCurrentDefaultISS;RawVectorCurrentDiamond;RawVectorCurrentDiamondISS;RawVectorCurrentIdentity;RawVectorCurrentIdentityISS;RawVectorCurrentIdentityTiled;RawVectorCurrentIdentityTiledISS;check_config;raw_config,0,1,0,0,,2,False,internal-live
Declarations,Constructor,False,RawParallelCurrentIdentityISS,43,66,24,raw_config,,,0,0,0,33,RawParallelCurrentAffine;RawParallelCurrentAffineISS;RawParallelCurrentDefault;RawParallelCurrentDefaultISS;RawParallelCurrentDiamond;RawParallelCurrentDiamondISS;RawParallelCurrentIdentity;RawParallelCurrentIdentityISS;RawParallelCurrentIdentityTiled;RawParallelCurrentIdentityTiledISS;RawParallelCurrentManyAffine;RawParallelCurrentManyAffineISS;RawParallelCurrentManyDefault;RawParallelCurrentManyDefaultISS;RawParallelCurrentManyDiamond;RawParallelCurrentManyDiamondISS;RawParallelCurrentManyIdentity;RawParallelCurrentManyIdentityISS;RawParallelCurrentManyIdentityTiled;RawParallelCurrentManyIdentityTiledISS;RawSeq;RawUnsupported;RawVectorCurrentAffine;RawVectorCurrentAffineISS;RawVectorCurrentDefault;RawVectorCurrentDefaultISS;RawVectorCurrentDiamond;RawVectorCurrentDiamondISS;RawVectorCurrentIdentity;RawVectorCurrentIdentityISS;RawVectorCurrentIdentityTiled;RawVectorCurrentIdentityTiledISS;raw_config,33,RawParallelCurrentAffine;RawParallelCurrentAffineISS;RawParallelCurrentDefault;RawParallelCurrentDefaultISS;RawParallelCurrentDiamond;RawParallelCurrentDiamondISS;RawParallelCurrentIdentity;RawParallelCurrentIdentityTiled;RawParallelCurrentIdentityTiledISS;RawParallelCurrentManyAffine;RawParallelCurrentManyAffineISS;RawParallelCurrentManyDefault;RawParallelCurrentManyDefaultISS;RawParallelCurrentManyDiamond;RawParallelCurrentManyDiamondISS;RawParallelCurrentManyIdentity;RawParallelCurrentManyIdentityISS;RawParallelCurrentManyIdentityTiled;RawParallelCurrentManyIdentityTiledISS;RawSeq;RawUnsupported;RawVectorCurrentAffine;RawVectorCurrentAffineISS;RawVectorCurrentDefault;RawVectorCurrentDefaultISS;RawVectorCurrentDiamond;RawVectorCurrentDiamondISS;RawVectorCurrentIdentity;RawVectorCurrentIdentityISS;RawVectorCurrentIdentityTiled;RawVectorCurrentIdentityTiledISS;check_config;raw_config,0,1,0,0,,2,False,internal-live
Declarations,Constructor,False,RawParallelCurrentAffineISS,44,66,23,raw_config,,,0,0,0,33,RawParallelCurrentAffine;RawParallelCurrentAffineISS;RawParallelCurrentDefault;RawParallelCurrentDefaultISS;RawParallelCurrentDiamond;RawParallelCurrentDiamondISS;RawParallelCurrentIdentity;RawParallelCurrentIdentityISS;RawParallelCurrentIdentityTiled;RawParallelCurrentIdentityTiledISS;RawParallelCurrentManyAffine;RawParallelCurrentManyAffineISS;RawParallelCurrentManyDefault;RawParallelCurrentManyDefaultISS;RawParallelCurrentManyDiamond;RawParallelCurrentManyDiamondISS;RawParallelCurrentManyIdentity;RawParallelCurrentManyIdentityISS;RawParallelCurrentManyIdentityTiled;RawParallelCurrentManyIdentityTiledISS;RawSeq;RawUnsupported;RawVectorCurrentAffine;RawVectorCurrentAffineISS;RawVectorCurrentDefault;RawVectorCurrentDefaultISS;RawVectorCurrentDiamond;RawVectorCurrentDiamondISS;RawVectorCurrentIdentity;RawVectorCurrentIdentityISS;RawVectorCurrentIdentityTiled;RawVectorCurrentIdentityTiledISS;raw_config,33,RawParallelCurrentAffine;RawParallelCurrentDefault;RawParallelCurrentDefaultISS;RawParallelCurrentDiamond;RawParallelCurrentDiamondISS;RawParallelCurrentIdentity;RawParallelCurrentIdentityISS;RawParallelCurrentIdentityTiled;RawParallelCurrentIdentityTiledISS;RawParallelCurrentManyAffine;RawParallelCurrentManyAffineISS;RawParallelCurrentManyDefault;RawParallelCurrentManyDefaultISS;RawParallelCurrentManyDiamond;RawParallelCurrentManyDiamondISS;RawParallelCurrentManyIdentity;RawParallelCurrentManyIdentityISS;RawParallelCurrentManyIdentityTiled;RawParallelCurrentManyIdentityTiledISS;RawSeq;RawUnsupported;RawVectorCurrentAffine;RawVectorCurrentAffineISS;RawVectorCurrentDefault;RawVectorCurrentDefaultISS;RawVectorCurrentDiamond;RawVectorCurrentDiamondISS;RawVectorCurrentIdentity;RawVectorCurrentIdentityISS;RawVectorCurrentIdentityTiled;RawVectorCurrentIdentityTiledISS;check_config;raw_config,0,1,0,0,,2,False,internal-live
Declarations,Constructor,False,RawParallelCurrentDefaultISS,45,66,22,raw_config,,,0,0,0,33,RawParallelCurrentAffine;RawParallelCurrentAffineISS;RawParallelCurrentDefault;RawParallelCurrentDefaultISS;RawParallelCurrentDiamond;RawParallelCurrentDiamondISS;RawParallelCurrentIdentity;RawParallelCurrentIdentityISS;RawParallelCurrentIdentityTiled;RawParallelCurrentIdentityTiledISS;RawParallelCurrentManyAffine;RawParallelCurrentManyAffineISS;RawParallelCurrentManyDefault;RawParallelCurrentManyDefaultISS;RawParallelCurrentManyDiamond;RawParallelCurrentManyDiamondISS;RawParallelCurrentManyIdentity;RawParallelCurrentManyIdentityISS;RawParallelCurrentManyIdentityTiled;RawParallelCurrentManyIdentityTiledISS;RawSeq;RawUnsupported;RawVectorCurrentAffine;RawVectorCurrentAffineISS;RawVectorCurrentDefault;RawVectorCurrentDefaultISS;RawVectorCurrentDiamond;RawVectorCurrentDiamondISS;RawVectorCurrentIdentity;RawVectorCurrentIdentityISS;RawVectorCurrentIdentityTiled;RawVectorCurrentIdentityTiledISS;raw_config,33,RawParallelCurrentAffine;RawParallelCurrentAffineISS;RawParallelCurrentDefault;RawParallelCurrentDiamond;RawParallelCurrentDiamondISS;RawParallelCurrentIdentity;RawParallelCurrentIdentityISS;RawParallelCurrentIdentityTiled;RawParallelCurrentIdentityTiledISS;RawParallelCurrentManyAffine;RawParallelCurrentManyAffineISS;RawParallelCurrentManyDefault;RawParallelCurrentManyDefaultISS;RawParallelCurrentManyDiamond;RawParallelCurrentManyDiamondISS;RawParallelCurrentManyIdentity;RawParallelCurrentManyIdentityISS;RawParallelCurrentManyIdentityTiled;RawParallelCurrentManyIdentityTiledISS;RawSeq;RawUnsupported;RawVectorCurrentAffine;RawVectorCurrentAffineISS;RawVectorCurrentDefault;RawVectorCurrentDefaultISS;RawVectorCurrentDiamond;RawVectorCurrentDiamondISS;RawVectorCurrentIdentity;RawVectorCurrentIdentityISS;RawVectorCurrentIdentityTiled;RawVectorCurrentIdentityTiledISS;check_config;raw_config,0,1,0,0,,2,False,internal-live
Declarations,Constructor,False,RawVectorCurrentIdentity,46,66,21,raw_config,,,0,0,0,33,RawParallelCurrentAffine;RawParallelCurrentAffineISS;RawParallelCurrentDefault;RawParallelCurrentDefaultISS;RawParallelCurrentDiamond;RawParallelCurrentDiamondISS;RawParallelCurrentIdentity;RawParallelCurrentIdentityISS;RawParallelCurrentIdentityTiled;RawParallelCurrentIdentityTiledISS;RawParallelCurrentManyAffine;RawParallelCurrentManyAffineISS;RawParallelCurrentManyDefault;RawParallelCurrentManyDefaultISS;RawParallelCurrentManyDiamond;RawParallelCurrentManyDiamondISS;RawParallelCurrentManyIdentity;RawParallelCurrentManyIdentityISS;RawParallelCurrentManyIdentityTiled;RawParallelCurrentManyIdentityTiledISS;RawSeq;RawUnsupported;RawVectorCurrentAffine;RawVectorCurrentAffineISS;RawVectorCurrentDefault;RawVectorCurrentDefaultISS;RawVectorCurrentDiamond;RawVectorCurrentDiamondISS;RawVectorCurrentIdentity;RawVectorCurrentIdentityISS;RawVectorCurrentIdentityTiled;RawVectorCurrentIdentityTiledISS;raw_config,33,RawParallelCurrentAffine;RawParallelCurrentAffineISS;RawParallelCurrentDefault;RawParallelCurrentDefaultISS;RawParallelCurrentDiamond;RawParallelCurrentDiamondISS;RawParallelCurrentIdentity;RawParallelCurrentIdentityISS;RawParallelCurrentIdentityTiled;RawParallelCurrentIdentityTiledISS;RawParallelCurrentManyAffine;RawParallelCurrentManyAffineISS;RawParallelCurrentManyDefault;RawParallelCurrentManyDefaultISS;RawParallelCurrentManyDiamond;RawParallelCurrentManyDiamondISS;RawParallelCurrentManyIdentity;RawParallelCurrentManyIdentityISS;RawParallelCurrentManyIdentityTiled;RawParallelCurrentManyIdentityTiledISS;RawSeq;RawUnsupported;RawVectorCurrentAffine;RawVectorCurrentAffineISS;RawVectorCurrentDefault;RawVectorCurrentDefaultISS;RawVectorCurrentDiamond;RawVectorCurrentDiamondISS;RawVectorCurrentIdentityISS;RawVectorCurrentIdentityTiled;RawVectorCurrentIdentityTiledISS;check_config;raw_config,0,1,0,0,,2,False,internal-live
Declarations,Constructor,False,RawVectorCurrentIdentityTiled,47,66,20,raw_config,,,0,0,0,33,RawParallelCurrentAffine;RawParallelCurrentAffineISS;RawParallelCurrentDefault;RawParallelCurrentDefaultISS;RawParallelCurrentDiamond;RawParallelCurrentDiamondISS;RawParallelCurrentIdentity;RawParallelCurrentIdentityISS;RawParallelCurrentIdentityTiled;RawParallelCurrentIdentityTiledISS;RawParallelCurrentManyAffine;RawParallelCurrentManyAffineISS;RawParallelCurrentManyDefault;RawParallelCurrentManyDefaultISS;RawParallelCurrentManyDiamond;RawParallelCurrentManyDiamondISS;RawParallelCurrentManyIdentity;RawParallelCurrentManyIdentityISS;RawParallelCurrentManyIdentityTiled;RawParallelCurrentManyIdentityTiledISS;RawSeq;RawUnsupported;RawVectorCurrentAffine;RawVectorCurrentAffineISS;RawVectorCurrentDefault;RawVectorCurrentDefaultISS;RawVectorCurrentDiamond;RawVectorCurrentDiamondISS;RawVectorCurrentIdentity;RawVectorCurrentIdentityISS;RawVectorCurrentIdentityTiled;RawVectorCurrentIdentityTiledISS;raw_config,33,RawParallelCurrentAffine;RawParallelCurrentAffineISS;RawParallelCurrentDefault;RawParallelCurrentDefaultISS;RawParallelCurrentDiamond;RawParallelCurrentDiamondISS;RawParallelCurrentIdentity;RawParallelCurrentIdentityISS;RawParallelCurrentIdentityTiled;RawParallelCurrentIdentityTiledISS;RawParallelCurrentManyAffine;RawParallelCurrentManyAffineISS;RawParallelCurrentManyDefault;RawParallelCurrentManyDefaultISS;RawParallelCurrentManyDiamond;RawParallelCurrentManyDiamondISS;RawParallelCurrentManyIdentity;RawParallelCurrentManyIdentityISS;RawParallelCurrentManyIdentityTiled;RawParallelCurrentManyIdentityTiledISS;RawSeq;RawUnsupported;RawVectorCurrentAffine;RawVectorCurrentAffineISS;RawVectorCurrentDefault;RawVectorCurrentDefaultISS;RawVectorCurrentDiamond;RawVectorCurrentDiamondISS;RawVectorCurrentIdentity;RawVectorCurrentIdentityISS;RawVectorCurrentIdentityTiledISS;check_config;raw_config,0,1,0,0,,2,False,internal-live
Declarations,Constructor,False,RawVectorCurrentIdentityTiledISS,48,66,19,raw_config,,,0,0,0,33,RawParallelCurrentAffine;RawParallelCurrentAffineISS;RawParallelCurrentDefault;RawParallelCurrentDefaultISS;RawParallelCurrentDiamond;RawParallelCurrentDiamondISS;RawParallelCurrentIdentity;RawParallelCurrentIdentityISS;RawParallelCurrentIdentityTiled;RawParallelCurrentIdentityTiledISS;RawParallelCurrentManyAffine;RawParallelCurrentManyAffineISS;RawParallelCurrentManyDefault;RawParallelCurrentManyDefaultISS;RawParallelCurrentManyDiamond;RawParallelCurrentManyDiamondISS;RawParallelCurrentManyIdentity;RawParallelCurrentManyIdentityISS;RawParallelCurrentManyIdentityTiled;RawParallelCurrentManyIdentityTiledISS;RawSeq;RawUnsupported;RawVectorCurrentAffine;RawVectorCurrentAffineISS;RawVectorCurrentDefault;RawVectorCurrentDefaultISS;RawVectorCurrentDiamond;RawVectorCurrentDiamondISS;RawVectorCurrentIdentity;RawVectorCurrentIdentityISS;RawVectorCurrentIdentityTiled;RawVectorCurrentIdentityTiledISS;raw_config,33,RawParallelCurrentAffine;RawParallelCurrentAffineISS;RawParallelCurrentDefault;RawParallelCurrentDefaultISS;RawParallelCurrentDiamond;RawParallelCurrentDiamondISS;RawParallelCurrentIdentity;RawParallelCurrentIdentityISS;RawParallelCurrentIdentityTiled;RawParallelCurrentIdentityTiledISS;RawParallelCurrentManyAffine;RawParallelCurrentManyAffineISS;RawParallelCurrentManyDefault;RawParallelCurrentManyDefaultISS;RawParallelCurrentManyDiamond;RawParallelCurrentManyDiamondISS;RawParallelCurrentManyIdentity;RawParallelCurrentManyIdentityISS;RawParallelCurrentManyIdentityTiled;RawParallelCurrentManyIdentityTiledISS;RawSeq;RawUnsupported;RawVectorCurrentAffine;RawVectorCurrentAffineISS;RawVectorCurrentDefault;RawVectorCurrentDefaultISS;RawVectorCurrentDiamond;RawVectorCurrentDiamondISS;RawVectorCurrentIdentity;RawVectorCurrentIdentityISS;RawVectorCurrentIdentityTiled;check_config;raw_config,0,1,0,0,,2,False,internal-live
Declarations,Constructor,False,RawVectorCurrentAffine,49,66,18,raw_config,,,0,0,0,33,RawParallelCurrentAffine;RawParallelCurrentAffineISS;RawParallelCurrentDefault;RawParallelCurrentDefaultISS;RawParallelCurrentDiamond;RawParallelCurrentDiamondISS;RawParallelCurrentIdentity;RawParallelCurrentIdentityISS;RawParallelCurrentIdentityTiled;RawParallelCurrentIdentityTiledISS;RawParallelCurrentManyAffine;RawParallelCurrentManyAffineISS;RawParallelCurrentManyDefault;RawParallelCurrentManyDefaultISS;RawParallelCurrentManyDiamond;RawParallelCurrentManyDiamondISS;RawParallelCurrentManyIdentity;RawParallelCurrentManyIdentityISS;RawParallelCurrentManyIdentityTiled;RawParallelCurrentManyIdentityTiledISS;RawSeq;RawUnsupported;RawVectorCurrentAffine;RawVectorCurrentAffineISS;RawVectorCurrentDefault;RawVectorCurrentDefaultISS;RawVectorCurrentDiamond;RawVectorCurrentDiamondISS;RawVectorCurrentIdentity;RawVectorCurrentIdentityISS;RawVectorCurrentIdentityTiled;RawVectorCurrentIdentityTiledISS;raw_config,33,RawParallelCurrentAffine;RawParallelCurrentAffineISS;RawParallelCurrentDefault;RawParallelCurrentDefaultISS;RawParallelCurrentDiamond;RawParallelCurrentDiamondISS;RawParallelCurrentIdentity;RawParallelCurrentIdentityISS;RawParallelCurrentIdentityTiled;RawParallelCurrentIdentityTiledISS;RawParallelCurrentManyAffine;RawParallelCurrentManyAffineISS;RawParallelCurrentManyDefault;RawParallelCurrentManyDefaultISS;RawParallelCurrentManyDiamond;RawParallelCurrentManyDiamondISS;RawParallelCurrentManyIdentity;RawParallelCurrentManyIdentityISS;RawParallelCurrentManyIdentityTiled;RawParallelCurrentManyIdentityTiledISS;RawSeq;RawUnsupported;RawVectorCurrentAffineISS;RawVectorCurrentDefault;RawVectorCurrentDefaultISS;RawVectorCurrentDiamond;RawVectorCurrentDiamondISS;RawVectorCurrentIdentity;RawVectorCurrentIdentityISS;RawVectorCurrentIdentityTiled;RawVectorCurrentIdentityTiledISS;check_config;raw_config,0,1,0,0,,2,False,internal-live
Declarations,Constructor,False,RawVectorCurrentDefault,50,66,17,raw_config,,,0,0,0,33,RawParallelCurrentAffine;RawParallelCurrentAffineISS;RawParallelCurrentDefault;RawParallelCurrentDefaultISS;RawParallelCurrentDiamond;RawParallelCurrentDiamondISS;RawParallelCurrentIdentity;RawParallelCurrentIdentityISS;RawParallelCurrentIdentityTiled;RawParallelCurrentIdentityTiledISS;RawParallelCurrentManyAffine;RawParallelCurrentManyAffineISS;RawParallelCurrentManyDefault;RawParallelCurrentManyDefaultISS;RawParallelCurrentManyDiamond;RawParallelCurrentManyDiamondISS;RawParallelCurrentManyIdentity;RawParallelCurrentManyIdentityISS;RawParallelCurrentManyIdentityTiled;RawParallelCurrentManyIdentityTiledISS;RawSeq;RawUnsupported;RawVectorCurrentAffine;RawVectorCurrentAffineISS;RawVectorCurrentDefault;RawVectorCurrentDefaultISS;RawVectorCurrentDiamond;RawVectorCurrentDiamondISS;RawVectorCurrentIdentity;RawVectorCurrentIdentityISS;RawVectorCurrentIdentityTiled;RawVectorCurrentIdentityTiledISS;raw_config,33,RawParallelCurrentAffine;RawParallelCurrentAffineISS;RawParallelCurrentDefault;RawParallelCurrentDefaultISS;RawParallelCurrentDiamond;RawParallelCurrentDiamondISS;RawParallelCurrentIdentity;RawParallelCurrentIdentityISS;RawParallelCurrentIdentityTiled;RawParallelCurrentIdentityTiledISS;RawParallelCurrentManyAffine;RawParallelCurrentManyAffineISS;RawParallelCurrentManyDefault;RawParallelCurrentManyDefaultISS;RawParallelCurrentManyDiamond;RawParallelCurrentManyDiamondISS;RawParallelCurrentManyIdentity;RawParallelCurrentManyIdentityISS;RawParallelCurrentManyIdentityTiled;RawParallelCurrentManyIdentityTiledISS;RawSeq;RawUnsupported;RawVectorCurrentAffine;RawVectorCurrentAffineISS;RawVectorCurrentDefaultISS;RawVectorCurrentDiamond;RawVectorCurrentDiamondISS;RawVectorCurrentIdentity;RawVectorCurrentIdentityISS;RawVectorCurrentIdentityTiled;RawVectorCurrentIdentityTiledISS;check_config;raw_config,0,1,0,0,,2,False,internal-live
Declarations,Constructor,False,RawVectorCurrentDiamond,51,66,16,raw_config,,,0,0,0,33,RawParallelCurrentAffine;RawParallelCurrentAffineISS;RawParallelCurrentDefault;RawParallelCurrentDefaultISS;RawParallelCurrentDiamond;RawParallelCurrentDiamondISS;RawParallelCurrentIdentity;RawParallelCurrentIdentityISS;RawParallelCurrentIdentityTiled;RawParallelCurrentIdentityTiledISS;RawParallelCurrentManyAffine;RawParallelCurrentManyAffineISS;RawParallelCurrentManyDefault;RawParallelCurrentManyDefaultISS;RawParallelCurrentManyDiamond;RawParallelCurrentManyDiamondISS;RawParallelCurrentManyIdentity;RawParallelCurrentManyIdentityISS;RawParallelCurrentManyIdentityTiled;RawParallelCurrentManyIdentityTiledISS;RawSeq;RawUnsupported;RawVectorCurrentAffine;RawVectorCurrentAffineISS;RawVectorCurrentDefault;RawVectorCurrentDefaultISS;RawVectorCurrentDiamond;RawVectorCurrentDiamondISS;RawVectorCurrentIdentity;RawVectorCurrentIdentityISS;RawVectorCurrentIdentityTiled;RawVectorCurrentIdentityTiledISS;raw_config,33,RawParallelCurrentAffine;RawParallelCurrentAffineISS;RawParallelCurrentDefault;RawParallelCurrentDefaultISS;RawParallelCurrentDiamond;RawParallelCurrentDiamondISS;RawParallelCurrentIdentity;RawParallelCurrentIdentityISS;RawParallelCurrentIdentityTiled;RawParallelCurrentIdentityTiledISS;RawParallelCurrentManyAffine;RawParallelCurrentManyAffineISS;RawParallelCurrentManyDefault;RawParallelCurrentManyDefaultISS;RawParallelCurrentManyDiamond;RawParallelCurrentManyDiamondISS;RawParallelCurrentManyIdentity;RawParallelCurrentManyIdentityISS;RawParallelCurrentManyIdentityTiled;RawParallelCurrentManyIdentityTiledISS;RawSeq;RawUnsupported;RawVectorCurrentAffine;RawVectorCurrentAffineISS;RawVectorCurrentDefault;RawVectorCurrentDefaultISS;RawVectorCurrentDiamondISS;RawVectorCurrentIdentity;RawVectorCurrentIdentityISS;RawVectorCurrentIdentityTiled;RawVectorCurrentIdentityTiledISS;check_config;raw_config,0,1,0,0,,2,False,internal-live
Declarations,Constructor,False,RawVectorCurrentDiamondISS,52,66,15,raw_config,,,0,0,0,33,RawParallelCurrentAffine;RawParallelCurrentAffineISS;RawParallelCurrentDefault;RawParallelCurrentDefaultISS;RawParallelCurrentDiamond;RawParallelCurrentDiamondISS;RawParallelCurrentIdentity;RawParallelCurrentIdentityISS;RawParallelCurrentIdentityTiled;RawParallelCurrentIdentityTiledISS;RawParallelCurrentManyAffine;RawParallelCurrentManyAffineISS;RawParallelCurrentManyDefault;RawParallelCurrentManyDefaultISS;RawParallelCurrentManyDiamond;RawParallelCurrentManyDiamondISS;RawParallelCurrentManyIdentity;RawParallelCurrentManyIdentityISS;RawParallelCurrentManyIdentityTiled;RawParallelCurrentManyIdentityTiledISS;RawSeq;RawUnsupported;RawVectorCurrentAffine;RawVectorCurrentAffineISS;RawVectorCurrentDefault;RawVectorCurrentDefaultISS;RawVectorCurrentDiamond;RawVectorCurrentDiamondISS;RawVectorCurrentIdentity;RawVectorCurrentIdentityISS;RawVectorCurrentIdentityTiled;RawVectorCurrentIdentityTiledISS;raw_config,33,RawParallelCurrentAffine;RawParallelCurrentAffineISS;RawParallelCurrentDefault;RawParallelCurrentDefaultISS;RawParallelCurrentDiamond;RawParallelCurrentDiamondISS;RawParallelCurrentIdentity;RawParallelCurrentIdentityISS;RawParallelCurrentIdentityTiled;RawParallelCurrentIdentityTiledISS;RawParallelCurrentManyAffine;RawParallelCurrentManyAffineISS;RawParallelCurrentManyDefault;RawParallelCurrentManyDefaultISS;RawParallelCurrentManyDiamond;RawParallelCurrentManyDiamondISS;RawParallelCurrentManyIdentity;RawParallelCurrentManyIdentityISS;RawParallelCurrentManyIdentityTiled;RawParallelCurrentManyIdentityTiledISS;RawSeq;RawUnsupported;RawVectorCurrentAffine;RawVectorCurrentAffineISS;RawVectorCurrentDefault;RawVectorCurrentDefaultISS;RawVectorCurrentDiamond;RawVectorCurrentIdentity;RawVectorCurrentIdentityISS;RawVectorCurrentIdentityTiled;RawVectorCurrentIdentityTiledISS;check_config;raw_config,0,1,0,0,,2,False,internal-live
Declarations,Constructor,False,RawVectorCurrentIdentityISS,53,66,14,raw_config,,,0,0,0,33,RawParallelCurrentAffine;RawParallelCurrentAffineISS;RawParallelCurrentDefault;RawParallelCurrentDefaultISS;RawParallelCurrentDiamond;RawParallelCurrentDiamondISS;RawParallelCurrentIdentity;RawParallelCurrentIdentityISS;RawParallelCurrentIdentityTiled;RawParallelCurrentIdentityTiledISS;RawParallelCurrentManyAffine;RawParallelCurrentManyAffineISS;RawParallelCurrentManyDefault;RawParallelCurrentManyDefaultISS;RawParallelCurrentManyDiamond;RawParallelCurrentManyDiamondISS;RawParallelCurrentManyIdentity;RawParallelCurrentManyIdentityISS;RawParallelCurrentManyIdentityTiled;RawParallelCurrentManyIdentityTiledISS;RawSeq;RawUnsupported;RawVectorCurrentAffine;RawVectorCurrentAffineISS;RawVectorCurrentDefault;RawVectorCurrentDefaultISS;RawVectorCurrentDiamond;RawVectorCurrentDiamondISS;RawVectorCurrentIdentity;RawVectorCurrentIdentityISS;RawVectorCurrentIdentityTiled;RawVectorCurrentIdentityTiledISS;raw_config,33,RawParallelCurrentAffine;RawParallelCurrentAffineISS;RawParallelCurrentDefault;RawParallelCurrentDefaultISS;RawParallelCurrentDiamond;RawParallelCurrentDiamondISS;RawParallelCurrentIdentity;RawParallelCurrentIdentityISS;RawParallelCurrentIdentityTiled;RawParallelCurrentIdentityTiledISS;RawParallelCurrentManyAffine;RawParallelCurrentManyAffineISS;RawParallelCurrentManyDefault;RawParallelCurrentManyDefaultISS;RawParallelCurrentManyDiamond;RawParallelCurrentManyDiamondISS;RawParallelCurrentManyIdentity;RawParallelCurrentManyIdentityISS;RawParallelCurrentManyIdentityTiled;RawParallelCurrentManyIdentityTiledISS;RawSeq;RawUnsupported;RawVectorCurrentAffine;RawVectorCurrentAffineISS;RawVectorCurrentDefault;RawVectorCurrentDefaultISS;RawVectorCurrentDiamond;RawVectorCurrentDiamondISS;RawVectorCurrentIdentity;RawVectorCurrentIdentityTiled;RawVectorCurrentIdentityTiledISS;check_config;raw_config,0,1,0,0,,2,False,internal-live
Declarations,Constructor,False,RawVectorCurrentAffineISS,54,66,13,raw_config,,,0,0,0,33,RawParallelCurrentAffine;RawParallelCurrentAffineISS;RawParallelCurrentDefault;RawParallelCurrentDefaultISS;RawParallelCurrentDiamond;RawParallelCurrentDiamondISS;RawParallelCurrentIdentity;RawParallelCurrentIdentityISS;RawParallelCurrentIdentityTiled;RawParallelCurrentIdentityTiledISS;RawParallelCurrentManyAffine;RawParallelCurrentManyAffineISS;RawParallelCurrentManyDefault;RawParallelCurrentManyDefaultISS;RawParallelCurrentManyDiamond;RawParallelCurrentManyDiamondISS;RawParallelCurrentManyIdentity;RawParallelCurrentManyIdentityISS;RawParallelCurrentManyIdentityTiled;RawParallelCurrentManyIdentityTiledISS;RawSeq;RawUnsupported;RawVectorCurrentAffine;RawVectorCurrentAffineISS;RawVectorCurrentDefault;RawVectorCurrentDefaultISS;RawVectorCurrentDiamond;RawVectorCurrentDiamondISS;RawVectorCurrentIdentity;RawVectorCurrentIdentityISS;RawVectorCurrentIdentityTiled;RawVectorCurrentIdentityTiledISS;raw_config,33,RawParallelCurrentAffine;RawParallelCurrentAffineISS;RawParallelCurrentDefault;RawParallelCurrentDefaultISS;RawParallelCurrentDiamond;RawParallelCurrentDiamondISS;RawParallelCurrentIdentity;RawParallelCurrentIdentityISS;RawParallelCurrentIdentityTiled;RawParallelCurrentIdentityTiledISS;RawParallelCurrentManyAffine;RawParallelCurrentManyAffineISS;RawParallelCurrentManyDefault;RawParallelCurrentManyDefaultISS;RawParallelCurrentManyDiamond;RawParallelCurrentManyDiamondISS;RawParallelCurrentManyIdentity;RawParallelCurrentManyIdentityISS;RawParallelCurrentManyIdentityTiled;RawParallelCurrentManyIdentityTiledISS;RawSeq;RawUnsupported;RawVectorCurrentAffine;RawVectorCurrentDefault;RawVectorCurrentDefaultISS;RawVectorCurrentDiamond;RawVectorCurrentDiamondISS;RawVectorCurrentIdentity;RawVectorCurrentIdentityISS;RawVectorCurrentIdentityTiled;RawVectorCurrentIdentityTiledISS;check_config;raw_config,0,1,0,0,,2,False,internal-live
Declarations,Constructor,False,RawVectorCurrentDefaultISS,55,66,12,raw_config,,,0,0,0,33,RawParallelCurrentAffine;RawParallelCurrentAffineISS;RawParallelCurrentDefault;RawParallelCurrentDefaultISS;RawParallelCurrentDiamond;RawParallelCurrentDiamondISS;RawParallelCurrentIdentity;RawParallelCurrentIdentityISS;RawParallelCurrentIdentityTiled;RawParallelCurrentIdentityTiledISS;RawParallelCurrentManyAffine;RawParallelCurrentManyAffineISS;RawParallelCurrentManyDefault;RawParallelCurrentManyDefaultISS;RawParallelCurrentManyDiamond;RawParallelCurrentManyDiamondISS;RawParallelCurrentManyIdentity;RawParallelCurrentManyIdentityISS;RawParallelCurrentManyIdentityTiled;RawParallelCurrentManyIdentityTiledISS;RawSeq;RawUnsupported;RawVectorCurrentAffine;RawVectorCurrentAffineISS;RawVectorCurrentDefault;RawVectorCurrentDefaultISS;RawVectorCurrentDiamond;RawVectorCurrentDiamondISS;RawVectorCurrentIdentity;RawVectorCurrentIdentityISS;RawVectorCurrentIdentityTiled;RawVectorCurrentIdentityTiledISS;raw_config,33,RawParallelCurrentAffine;RawParallelCurrentAffineISS;RawParallelCurrentDefault;RawParallelCurrentDefaultISS;RawParallelCurrentDiamond;RawParallelCurrentDiamondISS;RawParallelCurrentIdentity;RawParallelCurrentIdentityISS;RawParallelCurrentIdentityTiled;RawParallelCurrentIdentityTiledISS;RawParallelCurrentManyAffine;RawParallelCurrentManyAffineISS;RawParallelCurrentManyDefault;RawParallelCurrentManyDefaultISS;RawParallelCurrentManyDiamond;RawParallelCurrentManyDiamondISS;RawParallelCurrentManyIdentity;RawParallelCurrentManyIdentityISS;RawParallelCurrentManyIdentityTiled;RawParallelCurrentManyIdentityTiledISS;RawSeq;RawUnsupported;RawVectorCurrentAffine;RawVectorCurrentAffineISS;RawVectorCurrentDefault;RawVectorCurrentDiamond;RawVectorCurrentDiamondISS;RawVectorCurrentIdentity;RawVectorCurrentIdentityISS;RawVectorCurrentIdentityTiled;RawVectorCurrentIdentityTiledISS;check_config;raw_config,0,1,0,0,,2,False,internal-live
Declarations,Constructor,False,RawParallelCurrentManyIdentity,56,66,11,raw_config,,,0,0,0,33,RawParallelCurrentAffine;RawParallelCurrentAffineISS;RawParallelCurrentDefault;RawParallelCurrentDefaultISS;RawParallelCurrentDiamond;RawParallelCurrentDiamondISS;RawParallelCurrentIdentity;RawParallelCurrentIdentityISS;RawParallelCurrentIdentityTiled;RawParallelCurrentIdentityTiledISS;RawParallelCurrentManyAffine;RawParallelCurrentManyAffineISS;RawParallelCurrentManyDefault;RawParallelCurrentManyDefaultISS;RawParallelCurrentManyDiamond;RawParallelCurrentManyDiamondISS;RawParallelCurrentManyIdentity;RawParallelCurrentManyIdentityISS;RawParallelCurrentManyIdentityTiled;RawParallelCurrentManyIdentityTiledISS;RawSeq;RawUnsupported;RawVectorCurrentAffine;RawVectorCurrentAffineISS;RawVectorCurrentDefault;RawVectorCurrentDefaultISS;RawVectorCurrentDiamond;RawVectorCurrentDiamondISS;RawVectorCurrentIdentity;RawVectorCurrentIdentityISS;RawVectorCurrentIdentityTiled;RawVectorCurrentIdentityTiledISS;raw_config,33,RawParallelCurrentAffine;RawParallelCurrentAffineISS;RawParallelCurrentDefault;RawParallelCurrentDefaultISS;RawParallelCurrentDiamond;RawParallelCurrentDiamondISS;RawParallelCurrentIdentity;RawParallelCurrentIdentityISS;RawParallelCurrentIdentityTiled;RawParallelCurrentIdentityTiledISS;RawParallelCurrentManyAffine;RawParallelCurrentManyAffineISS;RawParallelCurrentManyDefault;RawParallelCurrentManyDefaultISS;RawParallelCurrentManyDiamond;RawParallelCurrentManyDiamondISS;RawParallelCurrentManyIdentityISS;RawParallelCurrentManyIdentityTiled;RawParallelCurrentManyIdentityTiledISS;RawSeq;RawUnsupported;RawVectorCurrentAffine;RawVectorCurrentAffineISS;RawVectorCurrentDefault;RawVectorCurrentDefaultISS;RawVectorCurrentDiamond;RawVectorCurrentDiamondISS;RawVectorCurrentIdentity;RawVectorCurrentIdentityISS;RawVectorCurrentIdentityTiled;RawVectorCurrentIdentityTiledISS;check_config;raw_config,0,1,0,0,,2,False,internal-live
Declarations,Constructor,False,RawParallelCurrentManyIdentityTiled,57,66,10,raw_config,,,0,0,0,33,RawParallelCurrentAffine;RawParallelCurrentAffineISS;RawParallelCurrentDefault;RawParallelCurrentDefaultISS;RawParallelCurrentDiamond;RawParallelCurrentDiamondISS;RawParallelCurrentIdentity;RawParallelCurrentIdentityISS;RawParallelCurrentIdentityTiled;RawParallelCurrentIdentityTiledISS;RawParallelCurrentManyAffine;RawParallelCurrentManyAffineISS;RawParallelCurrentManyDefault;RawParallelCurrentManyDefaultISS;RawParallelCurrentManyDiamond;RawParallelCurrentManyDiamondISS;RawParallelCurrentManyIdentity;RawParallelCurrentManyIdentityISS;RawParallelCurrentManyIdentityTiled;RawParallelCurrentManyIdentityTiledISS;RawSeq;RawUnsupported;RawVectorCurrentAffine;RawVectorCurrentAffineISS;RawVectorCurrentDefault;RawVectorCurrentDefaultISS;RawVectorCurrentDiamond;RawVectorCurrentDiamondISS;RawVectorCurrentIdentity;RawVectorCurrentIdentityISS;RawVectorCurrentIdentityTiled;RawVectorCurrentIdentityTiledISS;raw_config,33,RawParallelCurrentAffine;RawParallelCurrentAffineISS;RawParallelCurrentDefault;RawParallelCurrentDefaultISS;RawParallelCurrentDiamond;RawParallelCurrentDiamondISS;RawParallelCurrentIdentity;RawParallelCurrentIdentityISS;RawParallelCurrentIdentityTiled;RawParallelCurrentIdentityTiledISS;RawParallelCurrentManyAffine;RawParallelCurrentManyAffineISS;RawParallelCurrentManyDefault;RawParallelCurrentManyDefaultISS;RawParallelCurrentManyDiamond;RawParallelCurrentManyDiamondISS;RawParallelCurrentManyIdentity;RawParallelCurrentManyIdentityISS;RawParallelCurrentManyIdentityTiledISS;RawSeq;RawUnsupported;RawVectorCurrentAffine;RawVectorCurrentAffineISS;RawVectorCurrentDefault;RawVectorCurrentDefaultISS;RawVectorCurrentDiamond;RawVectorCurrentDiamondISS;RawVectorCurrentIdentity;RawVectorCurrentIdentityISS;RawVectorCurrentIdentityTiled;RawVectorCurrentIdentityTiledISS;check_config;raw_config,0,1,0,0,,2,False,internal-live
Declarations,Constructor,False,RawParallelCurrentManyIdentityTiledISS,58,66,9,raw_config,,,0,0,0,33,RawParallelCurrentAffine;RawParallelCurrentAffineISS;RawParallelCurrentDefault;RawParallelCurrentDefaultISS;RawParallelCurrentDiamond;RawParallelCurrentDiamondISS;RawParallelCurrentIdentity;RawParallelCurrentIdentityISS;RawParallelCurrentIdentityTiled;RawParallelCurrentIdentityTiledISS;RawParallelCurrentManyAffine;RawParallelCurrentManyAffineISS;RawParallelCurrentManyDefault;RawParallelCurrentManyDefaultISS;RawParallelCurrentManyDiamond;RawParallelCurrentManyDiamondISS;RawParallelCurrentManyIdentity;RawParallelCurrentManyIdentityISS;RawParallelCurrentManyIdentityTiled;RawParallelCurrentManyIdentityTiledISS;RawSeq;RawUnsupported;RawVectorCurrentAffine;RawVectorCurrentAffineISS;RawVectorCurrentDefault;RawVectorCurrentDefaultISS;RawVectorCurrentDiamond;RawVectorCurrentDiamondISS;RawVectorCurrentIdentity;RawVectorCurrentIdentityISS;RawVectorCurrentIdentityTiled;RawVectorCurrentIdentityTiledISS;raw_config,33,RawParallelCurrentAffine;RawParallelCurrentAffineISS;RawParallelCurrentDefault;RawParallelCurrentDefaultISS;RawParallelCurrentDiamond;RawParallelCurrentDiamondISS;RawParallelCurrentIdentity;RawParallelCurrentIdentityISS;RawParallelCurrentIdentityTiled;RawParallelCurrentIdentityTiledISS;RawParallelCurrentManyAffine;RawParallelCurrentManyAffineISS;RawParallelCurrentManyDefault;RawParallelCurrentManyDefaultISS;RawParallelCurrentManyDiamond;RawParallelCurrentManyDiamondISS;RawParallelCurrentManyIdentity;RawParallelCurrentManyIdentityISS;RawParallelCurrentManyIdentityTiled;RawSeq;RawUnsupported;RawVectorCurrentAffine;RawVectorCurrentAffineISS;RawVectorCurrentDefault;RawVectorCurrentDefaultISS;RawVectorCurrentDiamond;RawVectorCurrentDiamondISS;RawVectorCurrentIdentity;RawVectorCurrentIdentityISS;RawVectorCurrentIdentityTiled;RawVectorCurrentIdentityTiledISS;check_config;raw_config,0,1,0,0,,2,False,internal-live
Declarations,Constructor,False,RawParallelCurrentManyAffine,59,66,8,raw_config,,,0,0,0,33,RawParallelCurrentAffine;RawParallelCurrentAffineISS;RawParallelCurrentDefault;RawParallelCurrentDefaultISS;RawParallelCurrentDiamond;RawParallelCurrentDiamondISS;RawParallelCurrentIdentity;RawParallelCurrentIdentityISS;RawParallelCurrentIdentityTiled;RawParallelCurrentIdentityTiledISS;RawParallelCurrentManyAffine;RawParallelCurrentManyAffineISS;RawParallelCurrentManyDefault;RawParallelCurrentManyDefaultISS;RawParallelCurrentManyDiamond;RawParallelCurrentManyDiamondISS;RawParallelCurrentManyIdentity;RawParallelCurrentManyIdentityISS;RawParallelCurrentManyIdentityTiled;RawParallelCurrentManyIdentityTiledISS;RawSeq;RawUnsupported;RawVectorCurrentAffine;RawVectorCurrentAffineISS;RawVectorCurrentDefault;RawVectorCurrentDefaultISS;RawVectorCurrentDiamond;RawVectorCurrentDiamondISS;RawVectorCurrentIdentity;RawVectorCurrentIdentityISS;RawVectorCurrentIdentityTiled;RawVectorCurrentIdentityTiledISS;raw_config,33,RawParallelCurrentAffine;RawParallelCurrentAffineISS;RawParallelCurrentDefault;RawParallelCurrentDefaultISS;RawParallelCurrentDiamond;RawParallelCurrentDiamondISS;RawParallelCurrentIdentity;RawParallelCurrentIdentityISS;RawParallelCurrentIdentityTiled;RawParallelCurrentIdentityTiledISS;RawParallelCurrentManyAffineISS;RawParallelCurrentManyDefault;RawParallelCurrentManyDefaultISS;RawParallelCurrentManyDiamond;RawParallelCurrentManyDiamondISS;RawParallelCurrentManyIdentity;RawParallelCurrentManyIdentityISS;RawParallelCurrentManyIdentityTiled;RawParallelCurrentManyIdentityTiledISS;RawSeq;RawUnsupported;RawVectorCurrentAffine;RawVectorCurrentAffineISS;RawVectorCurrentDefault;RawVectorCurrentDefaultISS;RawVectorCurrentDiamond;RawVectorCurrentDiamondISS;RawVectorCurrentIdentity;RawVectorCurrentIdentityISS;RawVectorCurrentIdentityTiled;RawVectorCurrentIdentityTiledISS;check_config;raw_config,0,1,0,0,,2,False,internal-live
Declarations,Constructor,False,RawParallelCurrentManyDefault,60,66,7,raw_config,,,0,0,0,33,RawParallelCurrentAffine;RawParallelCurrentAffineISS;RawParallelCurrentDefault;RawParallelCurrentDefaultISS;RawParallelCurrentDiamond;RawParallelCurrentDiamondISS;RawParallelCurrentIdentity;RawParallelCurrentIdentityISS;RawParallelCurrentIdentityTiled;RawParallelCurrentIdentityTiledISS;RawParallelCurrentManyAffine;RawParallelCurrentManyAffineISS;RawParallelCurrentManyDefault;RawParallelCurrentManyDefaultISS;RawParallelCurrentManyDiamond;RawParallelCurrentManyDiamondISS;RawParallelCurrentManyIdentity;RawParallelCurrentManyIdentityISS;RawParallelCurrentManyIdentityTiled;RawParallelCurrentManyIdentityTiledISS;RawSeq;RawUnsupported;RawVectorCurrentAffine;RawVectorCurrentAffineISS;RawVectorCurrentDefault;RawVectorCurrentDefaultISS;RawVectorCurrentDiamond;RawVectorCurrentDiamondISS;RawVectorCurrentIdentity;RawVectorCurrentIdentityISS;RawVectorCurrentIdentityTiled;RawVectorCurrentIdentityTiledISS;raw_config,33,RawParallelCurrentAffine;RawParallelCurrentAffineISS;RawParallelCurrentDefault;RawParallelCurrentDefaultISS;RawParallelCurrentDiamond;RawParallelCurrentDiamondISS;RawParallelCurrentIdentity;RawParallelCurrentIdentityISS;RawParallelCurrentIdentityTiled;RawParallelCurrentIdentityTiledISS;RawParallelCurrentManyAffine;RawParallelCurrentManyAffineISS;RawParallelCurrentManyDefaultISS;RawParallelCurrentManyDiamond;RawParallelCurrentManyDiamondISS;RawParallelCurrentManyIdentity;RawParallelCurrentManyIdentityISS;RawParallelCurrentManyIdentityTiled;RawParallelCurrentManyIdentityTiledISS;RawSeq;RawUnsupported;RawVectorCurrentAffine;RawVectorCurrentAffineISS;RawVectorCurrentDefault;RawVectorCurrentDefaultISS;RawVectorCurrentDiamond;RawVectorCurrentDiamondISS;RawVectorCurrentIdentity;RawVectorCurrentIdentityISS;RawVectorCurrentIdentityTiled;RawVectorCurrentIdentityTiledISS;check_config;raw_config,0,1,0,0,,2,False,internal-live
Declarations,Constructor,False,RawParallelCurrentManyDiamond,61,66,6,raw_config,,,0,0,0,33,RawParallelCurrentAffine;RawParallelCurrentAffineISS;RawParallelCurrentDefault;RawParallelCurrentDefaultISS;RawParallelCurrentDiamond;RawParallelCurrentDiamondISS;RawParallelCurrentIdentity;RawParallelCurrentIdentityISS;RawParallelCurrentIdentityTiled;RawParallelCurrentIdentityTiledISS;RawParallelCurrentManyAffine;RawParallelCurrentManyAffineISS;RawParallelCurrentManyDefault;RawParallelCurrentManyDefaultISS;RawParallelCurrentManyDiamond;RawParallelCurrentManyDiamondISS;RawParallelCurrentManyIdentity;RawParallelCurrentManyIdentityISS;RawParallelCurrentManyIdentityTiled;RawParallelCurrentManyIdentityTiledISS;RawSeq;RawUnsupported;RawVectorCurrentAffine;RawVectorCurrentAffineISS;RawVectorCurrentDefault;RawVectorCurrentDefaultISS;RawVectorCurrentDiamond;RawVectorCurrentDiamondISS;RawVectorCurrentIdentity;RawVectorCurrentIdentityISS;RawVectorCurrentIdentityTiled;RawVectorCurrentIdentityTiledISS;raw_config,33,RawParallelCurrentAffine;RawParallelCurrentAffineISS;RawParallelCurrentDefault;RawParallelCurrentDefaultISS;RawParallelCurrentDiamond;RawParallelCurrentDiamondISS;RawParallelCurrentIdentity;RawParallelCurrentIdentityISS;RawParallelCurrentIdentityTiled;RawParallelCurrentIdentityTiledISS;RawParallelCurrentManyAffine;RawParallelCurrentManyAffineISS;RawParallelCurrentManyDefault;RawParallelCurrentManyDefaultISS;RawParallelCurrentManyDiamondISS;RawParallelCurrentManyIdentity;RawParallelCurrentManyIdentityISS;RawParallelCurrentManyIdentityTiled;RawParallelCurrentManyIdentityTiledISS;RawSeq;RawUnsupported;RawVectorCurrentAffine;RawVectorCurrentAffineISS;RawVectorCurrentDefault;RawVectorCurrentDefaultISS;RawVectorCurrentDiamond;RawVectorCurrentDiamondISS;RawVectorCurrentIdentity;RawVectorCurrentIdentityISS;RawVectorCurrentIdentityTiled;RawVectorCurrentIdentityTiledISS;check_config;raw_config,0,1,0,0,,2,False,internal-live
Declarations,Constructor,False,RawParallelCurrentManyDiamondISS,62,66,5,raw_config,,,0,0,0,33,RawParallelCurrentAffine;RawParallelCurrentAffineISS;RawParallelCurrentDefault;RawParallelCurrentDefaultISS;RawParallelCurrentDiamond;RawParallelCurrentDiamondISS;RawParallelCurrentIdentity;RawParallelCurrentIdentityISS;RawParallelCurrentIdentityTiled;RawParallelCurrentIdentityTiledISS;RawParallelCurrentManyAffine;RawParallelCurrentManyAffineISS;RawParallelCurrentManyDefault;RawParallelCurrentManyDefaultISS;RawParallelCurrentManyDiamond;RawParallelCurrentManyDiamondISS;RawParallelCurrentManyIdentity;RawParallelCurrentManyIdentityISS;RawParallelCurrentManyIdentityTiled;RawParallelCurrentManyIdentityTiledISS;RawSeq;RawUnsupported;RawVectorCurrentAffine;RawVectorCurrentAffineISS;RawVectorCurrentDefault;RawVectorCurrentDefaultISS;RawVectorCurrentDiamond;RawVectorCurrentDiamondISS;RawVectorCurrentIdentity;RawVectorCurrentIdentityISS;RawVectorCurrentIdentityTiled;RawVectorCurrentIdentityTiledISS;raw_config,33,RawParallelCurrentAffine;RawParallelCurrentAffineISS;RawParallelCurrentDefault;RawParallelCurrentDefaultISS;RawParallelCurrentDiamond;RawParallelCurrentDiamondISS;RawParallelCurrentIdentity;RawParallelCurrentIdentityISS;RawParallelCurrentIdentityTiled;RawParallelCurrentIdentityTiledISS;RawParallelCurrentManyAffine;RawParallelCurrentManyAffineISS;RawParallelCurrentManyDefault;RawParallelCurrentManyDefaultISS;RawParallelCurrentManyDiamond;RawParallelCurrentManyIdentity;RawParallelCurrentManyIdentityISS;RawParallelCurrentManyIdentityTiled;RawParallelCurrentManyIdentityTiledISS;RawSeq;RawUnsupported;RawVectorCurrentAffine;RawVectorCurrentAffineISS;RawVectorCurrentDefault;RawVectorCurrentDefaultISS;RawVectorCurrentDiamond;RawVectorCurrentDiamondISS;RawVectorCurrentIdentity;RawVectorCurrentIdentityISS;RawVectorCurrentIdentityTiled;RawVectorCurrentIdentityTiledISS;check_config;raw_config,0,1,0,0,,2,False,internal-live
Declarations,Constructor,False,RawParallelCurrentManyIdentityISS,63,66,4,raw_config,,,0,0,0,33,RawParallelCurrentAffine;RawParallelCurrentAffineISS;RawParallelCurrentDefault;RawParallelCurrentDefaultISS;RawParallelCurrentDiamond;RawParallelCurrentDiamondISS;RawParallelCurrentIdentity;RawParallelCurrentIdentityISS;RawParallelCurrentIdentityTiled;RawParallelCurrentIdentityTiledISS;RawParallelCurrentManyAffine;RawParallelCurrentManyAffineISS;RawParallelCurrentManyDefault;RawParallelCurrentManyDefaultISS;RawParallelCurrentManyDiamond;RawParallelCurrentManyDiamondISS;RawParallelCurrentManyIdentity;RawParallelCurrentManyIdentityISS;RawParallelCurrentManyIdentityTiled;RawParallelCurrentManyIdentityTiledISS;RawSeq;RawUnsupported;RawVectorCurrentAffine;RawVectorCurrentAffineISS;RawVectorCurrentDefault;RawVectorCurrentDefaultISS;RawVectorCurrentDiamond;RawVectorCurrentDiamondISS;RawVectorCurrentIdentity;RawVectorCurrentIdentityISS;RawVectorCurrentIdentityTiled;RawVectorCurrentIdentityTiledISS;raw_config,33,RawParallelCurrentAffine;RawParallelCurrentAffineISS;RawParallelCurrentDefault;RawParallelCurrentDefaultISS;RawParallelCurrentDiamond;RawParallelCurrentDiamondISS;RawParallelCurrentIdentity;RawParallelCurrentIdentityISS;RawParallelCurrentIdentityTiled;RawParallelCurrentIdentityTiledISS;RawParallelCurrentManyAffine;RawParallelCurrentManyAffineISS;RawParallelCurrentManyDefault;RawParallelCurrentManyDefaultISS;RawParallelCurrentManyDiamond;RawParallelCurrentManyDiamondISS;RawParallelCurrentManyIdentity;RawParallelCurrentManyIdentityTiled;RawParallelCurrentManyIdentityTiledISS;RawSeq;RawUnsupported;RawVectorCurrentAffine;RawVectorCurrentAffineISS;RawVectorCurrentDefault;RawVectorCurrentDefaultISS;RawVectorCurrentDiamond;RawVectorCurrentDiamondISS;RawVectorCurrentIdentity;RawVectorCurrentIdentityISS;RawVectorCurrentIdentityTiled;RawVectorCurrentIdentityTiledISS;check_config;raw_config,0,1,0,0,,2,False,internal-live
Declarations,Constructor,False,RawParallelCurrentManyAffineISS,64,66,3,raw_config,,,0,0,0,33,RawParallelCurrentAffine;RawParallelCurrentAffineISS;RawParallelCurrentDefault;RawParallelCurrentDefaultISS;RawParallelCurrentDiamond;RawParallelCurrentDiamondISS;RawParallelCurrentIdentity;RawParallelCurrentIdentityISS;RawParallelCurrentIdentityTiled;RawParallelCurrentIdentityTiledISS;RawParallelCurrentManyAffine;RawParallelCurrentManyAffineISS;RawParallelCurrentManyDefault;RawParallelCurrentManyDefaultISS;RawParallelCurrentManyDiamond;RawParallelCurrentManyDiamondISS;RawParallelCurrentManyIdentity;RawParallelCurrentManyIdentityISS;RawParallelCurrentManyIdentityTiled;RawParallelCurrentManyIdentityTiledISS;RawSeq;RawUnsupported;RawVectorCurrentAffine;RawVectorCurrentAffineISS;RawVectorCurrentDefault;RawVectorCurrentDefaultISS;RawVectorCurrentDiamond;RawVectorCurrentDiamondISS;RawVectorCurrentIdentity;RawVectorCurrentIdentityISS;RawVectorCurrentIdentityTiled;RawVectorCurrentIdentityTiledISS;raw_config,33,RawParallelCurrentAffine;RawParallelCurrentAffineISS;RawParallelCurrentDefault;RawParallelCurrentDefaultISS;RawParallelCurrentDiamond;RawParallelCurrentDiamondISS;RawParallelCurrentIdentity;RawParallelCurrentIdentityISS;RawParallelCurrentIdentityTiled;RawParallelCurrentIdentityTiledISS;RawParallelCurrentManyAffine;RawParallelCurrentManyDefault;RawParallelCurrentManyDefaultISS;RawParallelCurrentManyDiamond;RawParallelCurrentManyDiamondISS;RawParallelCurrentManyIdentity;RawParallelCurrentManyIdentityISS;RawParallelCurrentManyIdentityTiled;RawParallelCurrentManyIdentityTiledISS;RawSeq;RawUnsupported;RawVectorCurrentAffine;RawVectorCurrentAffineISS;RawVectorCurrentDefault;RawVectorCurrentDefaultISS;RawVectorCurrentDiamond;RawVectorCurrentDiamondISS;RawVectorCurrentIdentity;RawVectorCurrentIdentityISS;RawVectorCurrentIdentityTiled;RawVectorCurrentIdentityTiledISS;check_config;raw_config,0,1,0,0,,2,False,internal-live
Declarations,Constructor,False,RawParallelCurrentManyDefaultISS,65,66,2,raw_config,,,0,0,0,33,RawParallelCurrentAffine;RawParallelCurrentAffineISS;RawParallelCurrentDefault;RawParallelCurrentDefaultISS;RawParallelCurrentDiamond;RawParallelCurrentDiamondISS;RawParallelCurrentIdentity;RawParallelCurrentIdentityISS;RawParallelCurrentIdentityTiled;RawParallelCurrentIdentityTiledISS;RawParallelCurrentManyAffine;RawParallelCurrentManyAffineISS;RawParallelCurrentManyDefault;RawParallelCurrentManyDefaultISS;RawParallelCurrentManyDiamond;RawParallelCurrentManyDiamondISS;RawParallelCurrentManyIdentity;RawParallelCurrentManyIdentityISS;RawParallelCurrentManyIdentityTiled;RawParallelCurrentManyIdentityTiledISS;RawSeq;RawUnsupported;RawVectorCurrentAffine;RawVectorCurrentAffineISS;RawVectorCurrentDefault;RawVectorCurrentDefaultISS;RawVectorCurrentDiamond;RawVectorCurrentDiamondISS;RawVectorCurrentIdentity;RawVectorCurrentIdentityISS;RawVectorCurrentIdentityTiled;RawVectorCurrentIdentityTiledISS;raw_config,33,RawParallelCurrentAffine;RawParallelCurrentAffineISS;RawParallelCurrentDefault;RawParallelCurrentDefaultISS;RawParallelCurrentDiamond;RawParallelCurrentDiamondISS;RawParallelCurrentIdentity;RawParallelCurrentIdentityISS;RawParallelCurrentIdentityTiled;RawParallelCurrentIdentityTiledISS;RawParallelCurrentManyAffine;RawParallelCurrentManyAffineISS;RawParallelCurrentManyDefault;RawParallelCurrentManyDiamond;RawParallelCurrentManyDiamondISS;RawParallelCurrentManyIdentity;RawParallelCurrentManyIdentityISS;RawParallelCurrentManyIdentityTiled;RawParallelCurrentManyIdentityTiledISS;RawSeq;RawUnsupported;RawVectorCurrentAffine;RawVectorCurrentAffineISS;RawVectorCurrentDefault;RawVectorCurrentDefaultISS;RawVectorCurrentDiamond;RawVectorCurrentDiamondISS;RawVectorCurrentIdentity;RawVectorCurrentIdentityISS;RawVectorCurrentIdentityTiled;RawVectorCurrentIdentityTiledISS;check_config;raw_config,0,1,0,0,,2,False,internal-live
Declarations,Constructor,False,RawUnsupported,66,66,1,raw_config,,,0,0,0,33,RawParallelCurrentAffine;RawParallelCurrentAffineISS;RawParallelCurrentDefault;RawParallelCurrentDefaultISS;RawParallelCurrentDiamond;RawParallelCurrentDiamondISS;RawParallelCurrentIdentity;RawParallelCurrentIdentityISS;RawParallelCurrentIdentityTiled;RawParallelCurrentIdentityTiledISS;RawParallelCurrentManyAffine;RawParallelCurrentManyAffineISS;RawParallelCurrentManyDefault;RawParallelCurrentManyDefaultISS;RawParallelCurrentManyDiamond;RawParallelCurrentManyDiamondISS;RawParallelCurrentManyIdentity;RawParallelCurrentManyIdentityISS;RawParallelCurrentManyIdentityTiled;RawParallelCurrentManyIdentityTiledISS;RawSeq;RawUnsupported;RawVectorCurrentAffine;RawVectorCurrentAffineISS;RawVectorCurrentDefault;RawVectorCurrentDefaultISS;RawVectorCurrentDiamond;RawVectorCurrentDiamondISS;RawVectorCurrentIdentity;RawVectorCurrentIdentityISS;RawVectorCurrentIdentityTiled;RawVectorCurrentIdentityTiledISS;raw_config,34,RawParallelCurrentAffine;RawParallelCurrentAffineISS;RawParallelCurrentDefault;RawParallelCurrentDefaultISS;RawParallelCurrentDiamond;RawParallelCurrentDiamondISS;RawParallelCurrentIdentity;RawParallelCurrentIdentityISS;RawParallelCurrentIdentityTiled;RawParallelCurrentIdentityTiledISS;RawParallelCurrentManyAffine;RawParallelCurrentManyAffineISS;RawParallelCurrentManyDefault;RawParallelCurrentManyDefaultISS;RawParallelCurrentManyDiamond;RawParallelCurrentManyDiamondISS;RawParallelCurrentManyIdentity;RawParallelCurrentManyIdentityISS;RawParallelCurrentManyIdentityTiled;RawParallelCurrentManyIdentityTiledISS;RawSeq;RawVectorCurrentAffine;RawVectorCurrentAffineISS;RawVectorCurrentDefault;RawVectorCurrentDefaultISS;RawVectorCurrentDiamond;RawVectorCurrentDiamondISS;RawVectorCurrentIdentity;RawVectorCurrentIdentityISS;RawVectorCurrentIdentityTiled;RawVectorCurrentIdentityTiledISS;check_config;compile_unsupported_no_result;raw_config,0,2,0,0,,9,False,internal-live
Declarations,Inductive,False,verified_config,68,99,32,verified_config,,,0,0,0,31,VParallelCurrentAffine;VParallelCurrentAffineISS;VParallelCurrentDefault;VParallelCurrentDefaultISS;VParallelCurrentDiamond;VParallelCurrentDiamondISS;VParallelCurrentIdentity;VParallelCurrentIdentityISS;VParallelCurrentIdentityTiled;VParallelCurrentIdentityTiledISS;VParallelCurrentManyAffine;VParallelCurrentManyAffineISS;VParallelCurrentManyDefault;VParallelCurrentManyDefaultISS;VParallelCurrentManyDiamond;VParallelCurrentManyDiamondISS;VParallelCurrentManyIdentity;VParallelCurrentManyIdentityISS;VParallelCurrentManyIdentityTiled;VParallelCurrentManyIdentityTiledISS;VSeq;VVectorCurrentAffine;VVectorCurrentAffineISS;VVectorCurrentDefault;VVectorCurrentDefaultISS;VVectorCurrentDiamond;VVectorCurrentDiamondISS;VVectorCurrentIdentity;VVectorCurrentIdentityISS;VVectorCurrentIdentityTiled;VVectorCurrentIdentityTiledISS,34,VParallelCurrentAffine;VParallelCurrentAffineISS;VParallelCurrentDefault;VParallelCurrentDefaultISS;VParallelCurrentDiamond;VParallelCurrentDiamondISS;VParallelCurrentIdentity;VParallelCurrentIdentityISS;VParallelCurrentIdentityTiled;VParallelCurrentIdentityTiledISS;VParallelCurrentManyAffine;VParallelCurrentManyAffineISS;VParallelCurrentManyDefault;VParallelCurrentManyDefaultISS;VParallelCurrentManyDiamond;VParallelCurrentManyDiamondISS;VParallelCurrentManyIdentity;VParallelCurrentManyIdentityISS;VParallelCurrentManyIdentityTiled;VParallelCurrentManyIdentityTiledISS;VSeq;VVectorCurrentAffine;VVectorCurrentAffineISS;VVectorCurrentDefault;VVectorCurrentDefaultISS;VVectorCurrentDiamond;VVectorCurrentDiamondISS;VVectorCurrentIdentity;VVectorCurrentIdentityISS;VVectorCurrentIdentityTiled;VVectorCurrentIdentityTiledISS;check_config;compile_seq_verified;compile_verified,1,4,0,0,,11,False,internal-live
Declarations,Constructor,False,VSeq,69,99,31,verified_config,,,0,0,0,32,VParallelCurrentAffine;VParallelCurrentAffineISS;VParallelCurrentDefault;VParallelCurrentDefaultISS;VParallelCurrentDiamond;VParallelCurrentDiamondISS;VParallelCurrentIdentity;VParallelCurrentIdentityISS;VParallelCurrentIdentityTiled;VParallelCurrentIdentityTiledISS;VParallelCurrentManyAffine;VParallelCurrentManyAffineISS;VParallelCurrentManyDefault;VParallelCurrentManyDefaultISS;VParallelCurrentManyDiamond;VParallelCurrentManyDiamondISS;VParallelCurrentManyIdentity;VParallelCurrentManyIdentityISS;VParallelCurrentManyIdentityTiled;VParallelCurrentManyIdentityTiledISS;VSeq;VVectorCurrentAffine;VVectorCurrentAffineISS;VVectorCurrentDefault;VVectorCurrentDefaultISS;VVectorCurrentDiamond;VVectorCurrentDiamondISS;VVectorCurrentIdentity;VVectorCurrentIdentityISS;VVectorCurrentIdentityTiled;VVectorCurrentIdentityTiledISS;verified_config,33,VParallelCurrentAffine;VParallelCurrentAffineISS;VParallelCurrentDefault;VParallelCurrentDefaultISS;VParallelCurrentDiamond;VParallelCurrentDiamondISS;VParallelCurrentIdentity;VParallelCurrentIdentityISS;VParallelCurrentIdentityTiled;VParallelCurrentIdentityTiledISS;VParallelCurrentManyAffine;VParallelCurrentManyAffineISS;VParallelCurrentManyDefault;VParallelCurrentManyDefaultISS;VParallelCurrentManyDiamond;VParallelCurrentManyDiamondISS;VParallelCurrentManyIdentity;VParallelCurrentManyIdentityISS;VParallelCurrentManyIdentityTiled;VParallelCurrentManyIdentityTiledISS;VVectorCurrentAffine;VVectorCurrentAffineISS;VVectorCurrentDefault;VVectorCurrentDefaultISS;VVectorCurrentDiamond;VVectorCurrentDiamondISS;VVectorCurrentIdentity;VVectorCurrentIdentityISS;VVectorCurrentIdentityTiled;VVectorCurrentIdentityTiledISS;check_config;compile_verified;verified_config,0,2,0,0,,3,False,internal-live
Declarations,Constructor,False,VParallelCurrentIdentity,70,99,30,verified_config,,,0,0,0,32,VParallelCurrentAffine;VParallelCurrentAffineISS;VParallelCurrentDefault;VParallelCurrentDefaultISS;VParallelCurrentDiamond;VParallelCurrentDiamondISS;VParallelCurrentIdentity;VParallelCurrentIdentityISS;VParallelCurrentIdentityTiled;VParallelCurrentIdentityTiledISS;VParallelCurrentManyAffine;VParallelCurrentManyAffineISS;VParallelCurrentManyDefault;VParallelCurrentManyDefaultISS;VParallelCurrentManyDiamond;VParallelCurrentManyDiamondISS;VParallelCurrentManyIdentity;VParallelCurrentManyIdentityISS;VParallelCurrentManyIdentityTiled;VParallelCurrentManyIdentityTiledISS;VSeq;VVectorCurrentAffine;VVectorCurrentAffineISS;VVectorCurrentDefault;VVectorCurrentDefaultISS;VVectorCurrentDiamond;VVectorCurrentDiamondISS;VVectorCurrentIdentity;VVectorCurrentIdentityISS;VVectorCurrentIdentityTiled;VVectorCurrentIdentityTiledISS;verified_config,33,VParallelCurrentAffine;VParallelCurrentAffineISS;VParallelCurrentDefault;VParallelCurrentDefaultISS;VParallelCurrentDiamond;VParallelCurrentDiamondISS;VParallelCurrentIdentityISS;VParallelCurrentIdentityTiled;VParallelCurrentIdentityTiledISS;VParallelCurrentManyAffine;VParallelCurrentManyAffineISS;VParallelCurrentManyDefault;VParallelCurrentManyDefaultISS;VParallelCurrentManyDiamond;VParallelCurrentManyDiamondISS;VParallelCurrentManyIdentity;VParallelCurrentManyIdentityISS;VParallelCurrentManyIdentityTiled;VParallelCurrentManyIdentityTiledISS;VSeq;VVectorCurrentAffine;VVectorCurrentAffineISS;VVectorCurrentDefault;VVectorCurrentDefaultISS;VVectorCurrentDiamond;VVectorCurrentDiamondISS;VVectorCurrentIdentity;VVectorCurrentIdentityISS;VVectorCurrentIdentityTiled;VVectorCurrentIdentityTiledISS;check_config;compile_verified;verified_config,0,2,0,0,,3,False,internal-live
Declarations,Constructor,False,VParallelCurrentIdentityTiled,71,99,29,verified_config,,,0,0,0,32,VParallelCurrentAffine;VParallelCurrentAffineISS;VParallelCurrentDefault;VParallelCurrentDefaultISS;VParallelCurrentDiamond;VParallelCurrentDiamondISS;VParallelCurrentIdentity;VParallelCurrentIdentityISS;VParallelCurrentIdentityTiled;VParallelCurrentIdentityTiledISS;VParallelCurrentManyAffine;VParallelCurrentManyAffineISS;VParallelCurrentManyDefault;VParallelCurrentManyDefaultISS;VParallelCurrentManyDiamond;VParallelCurrentManyDiamondISS;VParallelCurrentManyIdentity;VParallelCurrentManyIdentityISS;VParallelCurrentManyIdentityTiled;VParallelCurrentManyIdentityTiledISS;VSeq;VVectorCurrentAffine;VVectorCurrentAffineISS;VVectorCurrentDefault;VVectorCurrentDefaultISS;VVectorCurrentDiamond;VVectorCurrentDiamondISS;VVectorCurrentIdentity;VVectorCurrentIdentityISS;VVectorCurrentIdentityTiled;VVectorCurrentIdentityTiledISS;verified_config,33,VParallelCurrentAffine;VParallelCurrentAffineISS;VParallelCurrentDefault;VParallelCurrentDefaultISS;VParallelCurrentDiamond;VParallelCurrentDiamondISS;VParallelCurrentIdentity;VParallelCurrentIdentityISS;VParallelCurrentIdentityTiledISS;VParallelCurrentManyAffine;VParallelCurrentManyAffineISS;VParallelCurrentManyDefault;VParallelCurrentManyDefaultISS;VParallelCurrentManyDiamond;VParallelCurrentManyDiamondISS;VParallelCurrentManyIdentity;VParallelCurrentManyIdentityISS;VParallelCurrentManyIdentityTiled;VParallelCurrentManyIdentityTiledISS;VSeq;VVectorCurrentAffine;VVectorCurrentAffineISS;VVectorCurrentDefault;VVectorCurrentDefaultISS;VVectorCurrentDiamond;VVectorCurrentDiamondISS;VVectorCurrentIdentity;VVectorCurrentIdentityISS;VVectorCurrentIdentityTiled;VVectorCurrentIdentityTiledISS;check_config;compile_verified;verified_config,0,2,0,0,,3,False,internal-live
Declarations,Constructor,False,VParallelCurrentIdentityTiledISS,72,99,28,verified_config,,,0,0,0,32,VParallelCurrentAffine;VParallelCurrentAffineISS;VParallelCurrentDefault;VParallelCurrentDefaultISS;VParallelCurrentDiamond;VParallelCurrentDiamondISS;VParallelCurrentIdentity;VParallelCurrentIdentityISS;VParallelCurrentIdentityTiled;VParallelCurrentIdentityTiledISS;VParallelCurrentManyAffine;VParallelCurrentManyAffineISS;VParallelCurrentManyDefault;VParallelCurrentManyDefaultISS;VParallelCurrentManyDiamond;VParallelCurrentManyDiamondISS;VParallelCurrentManyIdentity;VParallelCurrentManyIdentityISS;VParallelCurrentManyIdentityTiled;VParallelCurrentManyIdentityTiledISS;VSeq;VVectorCurrentAffine;VVectorCurrentAffineISS;VVectorCurrentDefault;VVectorCurrentDefaultISS;VVectorCurrentDiamond;VVectorCurrentDiamondISS;VVectorCurrentIdentity;VVectorCurrentIdentityISS;VVectorCurrentIdentityTiled;VVectorCurrentIdentityTiledISS;verified_config,33,VParallelCurrentAffine;VParallelCurrentAffineISS;VParallelCurrentDefault;VParallelCurrentDefaultISS;VParallelCurrentDiamond;VParallelCurrentDiamondISS;VParallelCurrentIdentity;VParallelCurrentIdentityISS;VParallelCurrentIdentityTiled;VParallelCurrentManyAffine;VParallelCurrentManyAffineISS;VParallelCurrentManyDefault;VParallelCurrentManyDefaultISS;VParallelCurrentManyDiamond;VParallelCurrentManyDiamondISS;VParallelCurrentManyIdentity;VParallelCurrentManyIdentityISS;VParallelCurrentManyIdentityTiled;VParallelCurrentManyIdentityTiledISS;VSeq;VVectorCurrentAffine;VVectorCurrentAffineISS;VVectorCurrentDefault;VVectorCurrentDefaultISS;VVectorCurrentDiamond;VVectorCurrentDiamondISS;VVectorCurrentIdentity;VVectorCurrentIdentityISS;VVectorCurrentIdentityTiled;VVectorCurrentIdentityTiledISS;check_config;compile_verified;verified_config,0,2,0,0,,3,False,internal-live
Declarations,Constructor,False,VParallelCurrentAffine,73,99,27,verified_config,,,0,0,0,32,VParallelCurrentAffine;VParallelCurrentAffineISS;VParallelCurrentDefault;VParallelCurrentDefaultISS;VParallelCurrentDiamond;VParallelCurrentDiamondISS;VParallelCurrentIdentity;VParallelCurrentIdentityISS;VParallelCurrentIdentityTiled;VParallelCurrentIdentityTiledISS;VParallelCurrentManyAffine;VParallelCurrentManyAffineISS;VParallelCurrentManyDefault;VParallelCurrentManyDefaultISS;VParallelCurrentManyDiamond;VParallelCurrentManyDiamondISS;VParallelCurrentManyIdentity;VParallelCurrentManyIdentityISS;VParallelCurrentManyIdentityTiled;VParallelCurrentManyIdentityTiledISS;VSeq;VVectorCurrentAffine;VVectorCurrentAffineISS;VVectorCurrentDefault;VVectorCurrentDefaultISS;VVectorCurrentDiamond;VVectorCurrentDiamondISS;VVectorCurrentIdentity;VVectorCurrentIdentityISS;VVectorCurrentIdentityTiled;VVectorCurrentIdentityTiledISS;verified_config,33,VParallelCurrentAffineISS;VParallelCurrentDefault;VParallelCurrentDefaultISS;VParallelCurrentDiamond;VParallelCurrentDiamondISS;VParallelCurrentIdentity;VParallelCurrentIdentityISS;VParallelCurrentIdentityTiled;VParallelCurrentIdentityTiledISS;VParallelCurrentManyAffine;VParallelCurrentManyAffineISS;VParallelCurrentManyDefault;VParallelCurrentManyDefaultISS;VParallelCurrentManyDiamond;VParallelCurrentManyDiamondISS;VParallelCurrentManyIdentity;VParallelCurrentManyIdentityISS;VParallelCurrentManyIdentityTiled;VParallelCurrentManyIdentityTiledISS;VSeq;VVectorCurrentAffine;VVectorCurrentAffineISS;VVectorCurrentDefault;VVectorCurrentDefaultISS;VVectorCurrentDiamond;VVectorCurrentDiamondISS;VVectorCurrentIdentity;VVectorCurrentIdentityISS;VVectorCurrentIdentityTiled;VVectorCurrentIdentityTiledISS;check_config;compile_verified;verified_config,0,2,0,0,,3,False,internal-live
Declarations,Constructor,False,VParallelCurrentDefault,74,99,26,verified_config,,,0,0,0,32,VParallelCurrentAffine;VParallelCurrentAffineISS;VParallelCurrentDefault;VParallelCurrentDefaultISS;VParallelCurrentDiamond;VParallelCurrentDiamondISS;VParallelCurrentIdentity;VParallelCurrentIdentityISS;VParallelCurrentIdentityTiled;VParallelCurrentIdentityTiledISS;VParallelCurrentManyAffine;VParallelCurrentManyAffineISS;VParallelCurrentManyDefault;VParallelCurrentManyDefaultISS;VParallelCurrentManyDiamond;VParallelCurrentManyDiamondISS;VParallelCurrentManyIdentity;VParallelCurrentManyIdentityISS;VParallelCurrentManyIdentityTiled;VParallelCurrentManyIdentityTiledISS;VSeq;VVectorCurrentAffine;VVectorCurrentAffineISS;VVectorCurrentDefault;VVectorCurrentDefaultISS;VVectorCurrentDiamond;VVectorCurrentDiamondISS;VVectorCurrentIdentity;VVectorCurrentIdentityISS;VVectorCurrentIdentityTiled;VVectorCurrentIdentityTiledISS;verified_config,33,VParallelCurrentAffine;VParallelCurrentAffineISS;VParallelCurrentDefaultISS;VParallelCurrentDiamond;VParallelCurrentDiamondISS;VParallelCurrentIdentity;VParallelCurrentIdentityISS;VParallelCurrentIdentityTiled;VParallelCurrentIdentityTiledISS;VParallelCurrentManyAffine;VParallelCurrentManyAffineISS;VParallelCurrentManyDefault;VParallelCurrentManyDefaultISS;VParallelCurrentManyDiamond;VParallelCurrentManyDiamondISS;VParallelCurrentManyIdentity;VParallelCurrentManyIdentityISS;VParallelCurrentManyIdentityTiled;VParallelCurrentManyIdentityTiledISS;VSeq;VVectorCurrentAffine;VVectorCurrentAffineISS;VVectorCurrentDefault;VVectorCurrentDefaultISS;VVectorCurrentDiamond;VVectorCurrentDiamondISS;VVectorCurrentIdentity;VVectorCurrentIdentityISS;VVectorCurrentIdentityTiled;VVectorCurrentIdentityTiledISS;check_config;compile_verified;verified_config,0,2,0,0,,3,False,internal-live
Declarations,Constructor,False,VParallelCurrentDiamond,75,99,25,verified_config,,,0,0,0,32,VParallelCurrentAffine;VParallelCurrentAffineISS;VParallelCurrentDefault;VParallelCurrentDefaultISS;VParallelCurrentDiamond;VParallelCurrentDiamondISS;VParallelCurrentIdentity;VParallelCurrentIdentityISS;VParallelCurrentIdentityTiled;VParallelCurrentIdentityTiledISS;VParallelCurrentManyAffine;VParallelCurrentManyAffineISS;VParallelCurrentManyDefault;VParallelCurrentManyDefaultISS;VParallelCurrentManyDiamond;VParallelCurrentManyDiamondISS;VParallelCurrentManyIdentity;VParallelCurrentManyIdentityISS;VParallelCurrentManyIdentityTiled;VParallelCurrentManyIdentityTiledISS;VSeq;VVectorCurrentAffine;VVectorCurrentAffineISS;VVectorCurrentDefault;VVectorCurrentDefaultISS;VVectorCurrentDiamond;VVectorCurrentDiamondISS;VVectorCurrentIdentity;VVectorCurrentIdentityISS;VVectorCurrentIdentityTiled;VVectorCurrentIdentityTiledISS;verified_config,33,VParallelCurrentAffine;VParallelCurrentAffineISS;VParallelCurrentDefault;VParallelCurrentDefaultISS;VParallelCurrentDiamondISS;VParallelCurrentIdentity;VParallelCurrentIdentityISS;VParallelCurrentIdentityTiled;VParallelCurrentIdentityTiledISS;VParallelCurrentManyAffine;VParallelCurrentManyAffineISS;VParallelCurrentManyDefault;VParallelCurrentManyDefaultISS;VParallelCurrentManyDiamond;VParallelCurrentManyDiamondISS;VParallelCurrentManyIdentity;VParallelCurrentManyIdentityISS;VParallelCurrentManyIdentityTiled;VParallelCurrentManyIdentityTiledISS;VSeq;VVectorCurrentAffine;VVectorCurrentAffineISS;VVectorCurrentDefault;VVectorCurrentDefaultISS;VVectorCurrentDiamond;VVectorCurrentDiamondISS;VVectorCurrentIdentity;VVectorCurrentIdentityISS;VVectorCurrentIdentityTiled;VVectorCurrentIdentityTiledISS;check_config;compile_verified;verified_config,0,2,0,0,,3,False,internal-live
Declarations,Constructor,False,VParallelCurrentDiamondISS,76,99,24,verified_config,,,0,0,0,32,VParallelCurrentAffine;VParallelCurrentAffineISS;VParallelCurrentDefault;VParallelCurrentDefaultISS;VParallelCurrentDiamond;VParallelCurrentDiamondISS;VParallelCurrentIdentity;VParallelCurrentIdentityISS;VParallelCurrentIdentityTiled;VParallelCurrentIdentityTiledISS;VParallelCurrentManyAffine;VParallelCurrentManyAffineISS;VParallelCurrentManyDefault;VParallelCurrentManyDefaultISS;VParallelCurrentManyDiamond;VParallelCurrentManyDiamondISS;VParallelCurrentManyIdentity;VParallelCurrentManyIdentityISS;VParallelCurrentManyIdentityTiled;VParallelCurrentManyIdentityTiledISS;VSeq;VVectorCurrentAffine;VVectorCurrentAffineISS;VVectorCurrentDefault;VVectorCurrentDefaultISS;VVectorCurrentDiamond;VVectorCurrentDiamondISS;VVectorCurrentIdentity;VVectorCurrentIdentityISS;VVectorCurrentIdentityTiled;VVectorCurrentIdentityTiledISS;verified_config,33,VParallelCurrentAffine;VParallelCurrentAffineISS;VParallelCurrentDefault;VParallelCurrentDefaultISS;VParallelCurrentDiamond;VParallelCurrentIdentity;VParallelCurrentIdentityISS;VParallelCurrentIdentityTiled;VParallelCurrentIdentityTiledISS;VParallelCurrentManyAffine;VParallelCurrentManyAffineISS;VParallelCurrentManyDefault;VParallelCurrentManyDefaultISS;VParallelCurrentManyDiamond;VParallelCurrentManyDiamondISS;VParallelCurrentManyIdentity;VParallelCurrentManyIdentityISS;VParallelCurrentManyIdentityTiled;VParallelCurrentManyIdentityTiledISS;VSeq;VVectorCurrentAffine;VVectorCurrentAffineISS;VVectorCurrentDefault;VVectorCurrentDefaultISS;VVectorCurrentDiamond;VVectorCurrentDiamondISS;VVectorCurrentIdentity;VVectorCurrentIdentityISS;VVectorCurrentIdentityTiled;VVectorCurrentIdentityTiledISS;check_config;compile_verified;verified_config,0,2,0,0,,3,False,internal-live
Declarations,Constructor,False,VParallelCurrentIdentityISS,77,99,23,verified_config,,,0,0,0,32,VParallelCurrentAffine;VParallelCurrentAffineISS;VParallelCurrentDefault;VParallelCurrentDefaultISS;VParallelCurrentDiamond;VParallelCurrentDiamondISS;VParallelCurrentIdentity;VParallelCurrentIdentityISS;VParallelCurrentIdentityTiled;VParallelCurrentIdentityTiledISS;VParallelCurrentManyAffine;VParallelCurrentManyAffineISS;VParallelCurrentManyDefault;VParallelCurrentManyDefaultISS;VParallelCurrentManyDiamond;VParallelCurrentManyDiamondISS;VParallelCurrentManyIdentity;VParallelCurrentManyIdentityISS;VParallelCurrentManyIdentityTiled;VParallelCurrentManyIdentityTiledISS;VSeq;VVectorCurrentAffine;VVectorCurrentAffineISS;VVectorCurrentDefault;VVectorCurrentDefaultISS;VVectorCurrentDiamond;VVectorCurrentDiamondISS;VVectorCurrentIdentity;VVectorCurrentIdentityISS;VVectorCurrentIdentityTiled;VVectorCurrentIdentityTiledISS;verified_config,33,VParallelCurrentAffine;VParallelCurrentAffineISS;VParallelCurrentDefault;VParallelCurrentDefaultISS;VParallelCurrentDiamond;VParallelCurrentDiamondISS;VParallelCurrentIdentity;VParallelCurrentIdentityTiled;VParallelCurrentIdentityTiledISS;VParallelCurrentManyAffine;VParallelCurrentManyAffineISS;VParallelCurrentManyDefault;VParallelCurrentManyDefaultISS;VParallelCurrentManyDiamond;VParallelCurrentManyDiamondISS;VParallelCurrentManyIdentity;VParallelCurrentManyIdentityISS;VParallelCurrentManyIdentityTiled;VParallelCurrentManyIdentityTiledISS;VSeq;VVectorCurrentAffine;VVectorCurrentAffineISS;VVectorCurrentDefault;VVectorCurrentDefaultISS;VVectorCurrentDiamond;VVectorCurrentDiamondISS;VVectorCurrentIdentity;VVectorCurrentIdentityISS;VVectorCurrentIdentityTiled;VVectorCurrentIdentityTiledISS;check_config;compile_verified;verified_config,0,2,0,0,,3,False,internal-live
Declarations,Constructor,False,VParallelCurrentAffineISS,78,99,22,verified_config,,,0,0,0,32,VParallelCurrentAffine;VParallelCurrentAffineISS;VParallelCurrentDefault;VParallelCurrentDefaultISS;VParallelCurrentDiamond;VParallelCurrentDiamondISS;VParallelCurrentIdentity;VParallelCurrentIdentityISS;VParallelCurrentIdentityTiled;VParallelCurrentIdentityTiledISS;VParallelCurrentManyAffine;VParallelCurrentManyAffineISS;VParallelCurrentManyDefault;VParallelCurrentManyDefaultISS;VParallelCurrentManyDiamond;VParallelCurrentManyDiamondISS;VParallelCurrentManyIdentity;VParallelCurrentManyIdentityISS;VParallelCurrentManyIdentityTiled;VParallelCurrentManyIdentityTiledISS;VSeq;VVectorCurrentAffine;VVectorCurrentAffineISS;VVectorCurrentDefault;VVectorCurrentDefaultISS;VVectorCurrentDiamond;VVectorCurrentDiamondISS;VVectorCurrentIdentity;VVectorCurrentIdentityISS;VVectorCurrentIdentityTiled;VVectorCurrentIdentityTiledISS;verified_config,33,VParallelCurrentAffine;VParallelCurrentDefault;VParallelCurrentDefaultISS;VParallelCurrentDiamond;VParallelCurrentDiamondISS;VParallelCurrentIdentity;VParallelCurrentIdentityISS;VParallelCurrentIdentityTiled;VParallelCurrentIdentityTiledISS;VParallelCurrentManyAffine;VParallelCurrentManyAffineISS;VParallelCurrentManyDefault;VParallelCurrentManyDefaultISS;VParallelCurrentManyDiamond;VParallelCurrentManyDiamondISS;VParallelCurrentManyIdentity;VParallelCurrentManyIdentityISS;VParallelCurrentManyIdentityTiled;VParallelCurrentManyIdentityTiledISS;VSeq;VVectorCurrentAffine;VVectorCurrentAffineISS;VVectorCurrentDefault;VVectorCurrentDefaultISS;VVectorCurrentDiamond;VVectorCurrentDiamondISS;VVectorCurrentIdentity;VVectorCurrentIdentityISS;VVectorCurrentIdentityTiled;VVectorCurrentIdentityTiledISS;check_config;compile_verified;verified_config,0,2,0,0,,3,False,internal-live
Declarations,Constructor,False,VParallelCurrentDefaultISS,79,99,21,verified_config,,,0,0,0,32,VParallelCurrentAffine;VParallelCurrentAffineISS;VParallelCurrentDefault;VParallelCurrentDefaultISS;VParallelCurrentDiamond;VParallelCurrentDiamondISS;VParallelCurrentIdentity;VParallelCurrentIdentityISS;VParallelCurrentIdentityTiled;VParallelCurrentIdentityTiledISS;VParallelCurrentManyAffine;VParallelCurrentManyAffineISS;VParallelCurrentManyDefault;VParallelCurrentManyDefaultISS;VParallelCurrentManyDiamond;VParallelCurrentManyDiamondISS;VParallelCurrentManyIdentity;VParallelCurrentManyIdentityISS;VParallelCurrentManyIdentityTiled;VParallelCurrentManyIdentityTiledISS;VSeq;VVectorCurrentAffine;VVectorCurrentAffineISS;VVectorCurrentDefault;VVectorCurrentDefaultISS;VVectorCurrentDiamond;VVectorCurrentDiamondISS;VVectorCurrentIdentity;VVectorCurrentIdentityISS;VVectorCurrentIdentityTiled;VVectorCurrentIdentityTiledISS;verified_config,33,VParallelCurrentAffine;VParallelCurrentAffineISS;VParallelCurrentDefault;VParallelCurrentDiamond;VParallelCurrentDiamondISS;VParallelCurrentIdentity;VParallelCurrentIdentityISS;VParallelCurrentIdentityTiled;VParallelCurrentIdentityTiledISS;VParallelCurrentManyAffine;VParallelCurrentManyAffineISS;VParallelCurrentManyDefault;VParallelCurrentManyDefaultISS;VParallelCurrentManyDiamond;VParallelCurrentManyDiamondISS;VParallelCurrentManyIdentity;VParallelCurrentManyIdentityISS;VParallelCurrentManyIdentityTiled;VParallelCurrentManyIdentityTiledISS;VSeq;VVectorCurrentAffine;VVectorCurrentAffineISS;VVectorCurrentDefault;VVectorCurrentDefaultISS;VVectorCurrentDiamond;VVectorCurrentDiamondISS;VVectorCurrentIdentity;VVectorCurrentIdentityISS;VVectorCurrentIdentityTiled;VVectorCurrentIdentityTiledISS;check_config;compile_verified;verified_config,0,2,0,0,,3,False,internal-live
Declarations,Constructor,False,VVectorCurrentIdentity,80,99,20,verified_config,,,0,0,0,32,VParallelCurrentAffine;VParallelCurrentAffineISS;VParallelCurrentDefault;VParallelCurrentDefaultISS;VParallelCurrentDiamond;VParallelCurrentDiamondISS;VParallelCurrentIdentity;VParallelCurrentIdentityISS;VParallelCurrentIdentityTiled;VParallelCurrentIdentityTiledISS;VParallelCurrentManyAffine;VParallelCurrentManyAffineISS;VParallelCurrentManyDefault;VParallelCurrentManyDefaultISS;VParallelCurrentManyDiamond;VParallelCurrentManyDiamondISS;VParallelCurrentManyIdentity;VParallelCurrentManyIdentityISS;VParallelCurrentManyIdentityTiled;VParallelCurrentManyIdentityTiledISS;VSeq;VVectorCurrentAffine;VVectorCurrentAffineISS;VVectorCurrentDefault;VVectorCurrentDefaultISS;VVectorCurrentDiamond;VVectorCurrentDiamondISS;VVectorCurrentIdentity;VVectorCurrentIdentityISS;VVectorCurrentIdentityTiled;VVectorCurrentIdentityTiledISS;verified_config,33,VParallelCurrentAffine;VParallelCurrentAffineISS;VParallelCurrentDefault;VParallelCurrentDefaultISS;VParallelCurrentDiamond;VParallelCurrentDiamondISS;VParallelCurrentIdentity;VParallelCurrentIdentityISS;VParallelCurrentIdentityTiled;VParallelCurrentIdentityTiledISS;VParallelCurrentManyAffine;VParallelCurrentManyAffineISS;VParallelCurrentManyDefault;VParallelCurrentManyDefaultISS;VParallelCurrentManyDiamond;VParallelCurrentManyDiamondISS;VParallelCurrentManyIdentity;VParallelCurrentManyIdentityISS;VParallelCurrentManyIdentityTiled;VParallelCurrentManyIdentityTiledISS;VSeq;VVectorCurrentAffine;VVectorCurrentAffineISS;VVectorCurrentDefault;VVectorCurrentDefaultISS;VVectorCurrentDiamond;VVectorCurrentDiamondISS;VVectorCurrentIdentityISS;VVectorCurrentIdentityTiled;VVectorCurrentIdentityTiledISS;check_config;compile_verified;verified_config,0,2,0,0,,3,False,internal-live
Declarations,Constructor,False,VVectorCurrentIdentityTiled,81,99,19,verified_config,,,0,0,0,32,VParallelCurrentAffine;VParallelCurrentAffineISS;VParallelCurrentDefault;VParallelCurrentDefaultISS;VParallelCurrentDiamond;VParallelCurrentDiamondISS;VParallelCurrentIdentity;VParallelCurrentIdentityISS;VParallelCurrentIdentityTiled;VParallelCurrentIdentityTiledISS;VParallelCurrentManyAffine;VParallelCurrentManyAffineISS;VParallelCurrentManyDefault;VParallelCurrentManyDefaultISS;VParallelCurrentManyDiamond;VParallelCurrentManyDiamondISS;VParallelCurrentManyIdentity;VParallelCurrentManyIdentityISS;VParallelCurrentManyIdentityTiled;VParallelCurrentManyIdentityTiledISS;VSeq;VVectorCurrentAffine;VVectorCurrentAffineISS;VVectorCurrentDefault;VVectorCurrentDefaultISS;VVectorCurrentDiamond;VVectorCurrentDiamondISS;VVectorCurrentIdentity;VVectorCurrentIdentityISS;VVectorCurrentIdentityTiled;VVectorCurrentIdentityTiledISS;verified_config,33,VParallelCurrentAffine;VParallelCurrentAffineISS;VParallelCurrentDefault;VParallelCurrentDefaultISS;VParallelCurrentDiamond;VParallelCurrentDiamondISS;VParallelCurrentIdentity;VParallelCurrentIdentityISS;VParallelCurrentIdentityTiled;VParallelCurrentIdentityTiledISS;VParallelCurrentManyAffine;VParallelCurrentManyAffineISS;VParallelCurrentManyDefault;VParallelCurrentManyDefaultISS;VParallelCurrentManyDiamond;VParallelCurrentManyDiamondISS;VParallelCurrentManyIdentity;VParallelCurrentManyIdentityISS;VParallelCurrentManyIdentityTiled;VParallelCurrentManyIdentityTiledISS;VSeq;VVectorCurrentAffine;VVectorCurrentAffineISS;VVectorCurrentDefault;VVectorCurrentDefaultISS;VVectorCurrentDiamond;VVectorCurrentDiamondISS;VVectorCurrentIdentity;VVectorCurrentIdentityISS;VVectorCurrentIdentityTiledISS;check_config;compile_verified;verified_config,0,2,0,0,,3,False,internal-live
Declarations,Constructor,False,VVectorCurrentIdentityTiledISS,82,99,18,verified_config,,,0,0,0,32,VParallelCurrentAffine;VParallelCurrentAffineISS;VParallelCurrentDefault;VParallelCurrentDefaultISS;VParallelCurrentDiamond;VParallelCurrentDiamondISS;VParallelCurrentIdentity;VParallelCurrentIdentityISS;VParallelCurrentIdentityTiled;VParallelCurrentIdentityTiledISS;VParallelCurrentManyAffine;VParallelCurrentManyAffineISS;VParallelCurrentManyDefault;VParallelCurrentManyDefaultISS;VParallelCurrentManyDiamond;VParallelCurrentManyDiamondISS;VParallelCurrentManyIdentity;VParallelCurrentManyIdentityISS;VParallelCurrentManyIdentityTiled;VParallelCurrentManyIdentityTiledISS;VSeq;VVectorCurrentAffine;VVectorCurrentAffineISS;VVectorCurrentDefault;VVectorCurrentDefaultISS;VVectorCurrentDiamond;VVectorCurrentDiamondISS;VVectorCurrentIdentity;VVectorCurrentIdentityISS;VVectorCurrentIdentityTiled;VVectorCurrentIdentityTiledISS;verified_config,33,VParallelCurrentAffine;VParallelCurrentAffineISS;VParallelCurrentDefault;VParallelCurrentDefaultISS;VParallelCurrentDiamond;VParallelCurrentDiamondISS;VParallelCurrentIdentity;VParallelCurrentIdentityISS;VParallelCurrentIdentityTiled;VParallelCurrentIdentityTiledISS;VParallelCurrentManyAffine;VParallelCurrentManyAffineISS;VParallelCurrentManyDefault;VParallelCurrentManyDefaultISS;VParallelCurrentManyDiamond;VParallelCurrentManyDiamondISS;VParallelCurrentManyIdentity;VParallelCurrentManyIdentityISS;VParallelCurrentManyIdentityTiled;VParallelCurrentManyIdentityTiledISS;VSeq;VVectorCurrentAffine;VVectorCurrentAffineISS;VVectorCurrentDefault;VVectorCurrentDefaultISS;VVectorCurrentDiamond;VVectorCurrentDiamondISS;VVectorCurrentIdentity;VVectorCurrentIdentityISS;VVectorCurrentIdentityTiled;check_config;compile_verified;verified_config,0,2,0,0,,3,False,internal-live
Declarations,Constructor,False,VVectorCurrentAffine,83,99,17,verified_config,,,0,0,0,32,VParallelCurrentAffine;VParallelCurrentAffineISS;VParallelCurrentDefault;VParallelCurrentDefaultISS;VParallelCurrentDiamond;VParallelCurrentDiamondISS;VParallelCurrentIdentity;VParallelCurrentIdentityISS;VParallelCurrentIdentityTiled;VParallelCurrentIdentityTiledISS;VParallelCurrentManyAffine;VParallelCurrentManyAffineISS;VParallelCurrentManyDefault;VParallelCurrentManyDefaultISS;VParallelCurrentManyDiamond;VParallelCurrentManyDiamondISS;VParallelCurrentManyIdentity;VParallelCurrentManyIdentityISS;VParallelCurrentManyIdentityTiled;VParallelCurrentManyIdentityTiledISS;VSeq;VVectorCurrentAffine;VVectorCurrentAffineISS;VVectorCurrentDefault;VVectorCurrentDefaultISS;VVectorCurrentDiamond;VVectorCurrentDiamondISS;VVectorCurrentIdentity;VVectorCurrentIdentityISS;VVectorCurrentIdentityTiled;VVectorCurrentIdentityTiledISS;verified_config,33,VParallelCurrentAffine;VParallelCurrentAffineISS;VParallelCurrentDefault;VParallelCurrentDefaultISS;VParallelCurrentDiamond;VParallelCurrentDiamondISS;VParallelCurrentIdentity;VParallelCurrentIdentityISS;VParallelCurrentIdentityTiled;VParallelCurrentIdentityTiledISS;VParallelCurrentManyAffine;VParallelCurrentManyAffineISS;VParallelCurrentManyDefault;VParallelCurrentManyDefaultISS;VParallelCurrentManyDiamond;VParallelCurrentManyDiamondISS;VParallelCurrentManyIdentity;VParallelCurrentManyIdentityISS;VParallelCurrentManyIdentityTiled;VParallelCurrentManyIdentityTiledISS;VSeq;VVectorCurrentAffineISS;VVectorCurrentDefault;VVectorCurrentDefaultISS;VVectorCurrentDiamond;VVectorCurrentDiamondISS;VVectorCurrentIdentity;VVectorCurrentIdentityISS;VVectorCurrentIdentityTiled;VVectorCurrentIdentityTiledISS;check_config;compile_verified;verified_config,0,2,0,0,,3,False,internal-live
Declarations,Constructor,False,VVectorCurrentDefault,84,99,16,verified_config,,,0,0,0,32,VParallelCurrentAffine;VParallelCurrentAffineISS;VParallelCurrentDefault;VParallelCurrentDefaultISS;VParallelCurrentDiamond;VParallelCurrentDiamondISS;VParallelCurrentIdentity;VParallelCurrentIdentityISS;VParallelCurrentIdentityTiled;VParallelCurrentIdentityTiledISS;VParallelCurrentManyAffine;VParallelCurrentManyAffineISS;VParallelCurrentManyDefault;VParallelCurrentManyDefaultISS;VParallelCurrentManyDiamond;VParallelCurrentManyDiamondISS;VParallelCurrentManyIdentity;VParallelCurrentManyIdentityISS;VParallelCurrentManyIdentityTiled;VParallelCurrentManyIdentityTiledISS;VSeq;VVectorCurrentAffine;VVectorCurrentAffineISS;VVectorCurrentDefault;VVectorCurrentDefaultISS;VVectorCurrentDiamond;VVectorCurrentDiamondISS;VVectorCurrentIdentity;VVectorCurrentIdentityISS;VVectorCurrentIdentityTiled;VVectorCurrentIdentityTiledISS;verified_config,33,VParallelCurrentAffine;VParallelCurrentAffineISS;VParallelCurrentDefault;VParallelCurrentDefaultISS;VParallelCurrentDiamond;VParallelCurrentDiamondISS;VParallelCurrentIdentity;VParallelCurrentIdentityISS;VParallelCurrentIdentityTiled;VParallelCurrentIdentityTiledISS;VParallelCurrentManyAffine;VParallelCurrentManyAffineISS;VParallelCurrentManyDefault;VParallelCurrentManyDefaultISS;VParallelCurrentManyDiamond;VParallelCurrentManyDiamondISS;VParallelCurrentManyIdentity;VParallelCurrentManyIdentityISS;VParallelCurrentManyIdentityTiled;VParallelCurrentManyIdentityTiledISS;VSeq;VVectorCurrentAffine;VVectorCurrentAffineISS;VVectorCurrentDefaultISS;VVectorCurrentDiamond;VVectorCurrentDiamondISS;VVectorCurrentIdentity;VVectorCurrentIdentityISS;VVectorCurrentIdentityTiled;VVectorCurrentIdentityTiledISS;check_config;compile_verified;verified_config,0,2,0,0,,3,False,internal-live
Declarations,Constructor,False,VVectorCurrentDiamond,85,99,15,verified_config,,,0,0,0,32,VParallelCurrentAffine;VParallelCurrentAffineISS;VParallelCurrentDefault;VParallelCurrentDefaultISS;VParallelCurrentDiamond;VParallelCurrentDiamondISS;VParallelCurrentIdentity;VParallelCurrentIdentityISS;VParallelCurrentIdentityTiled;VParallelCurrentIdentityTiledISS;VParallelCurrentManyAffine;VParallelCurrentManyAffineISS;VParallelCurrentManyDefault;VParallelCurrentManyDefaultISS;VParallelCurrentManyDiamond;VParallelCurrentManyDiamondISS;VParallelCurrentManyIdentity;VParallelCurrentManyIdentityISS;VParallelCurrentManyIdentityTiled;VParallelCurrentManyIdentityTiledISS;VSeq;VVectorCurrentAffine;VVectorCurrentAffineISS;VVectorCurrentDefault;VVectorCurrentDefaultISS;VVectorCurrentDiamond;VVectorCurrentDiamondISS;VVectorCurrentIdentity;VVectorCurrentIdentityISS;VVectorCurrentIdentityTiled;VVectorCurrentIdentityTiledISS;verified_config,33,VParallelCurrentAffine;VParallelCurrentAffineISS;VParallelCurrentDefault;VParallelCurrentDefaultISS;VParallelCurrentDiamond;VParallelCurrentDiamondISS;VParallelCurrentIdentity;VParallelCurrentIdentityISS;VParallelCurrentIdentityTiled;VParallelCurrentIdentityTiledISS;VParallelCurrentManyAffine;VParallelCurrentManyAffineISS;VParallelCurrentManyDefault;VParallelCurrentManyDefaultISS;VParallelCurrentManyDiamond;VParallelCurrentManyDiamondISS;VParallelCurrentManyIdentity;VParallelCurrentManyIdentityISS;VParallelCurrentManyIdentityTiled;VParallelCurrentManyIdentityTiledISS;VSeq;VVectorCurrentAffine;VVectorCurrentAffineISS;VVectorCurrentDefault;VVectorCurrentDefaultISS;VVectorCurrentDiamondISS;VVectorCurrentIdentity;VVectorCurrentIdentityISS;VVectorCurrentIdentityTiled;VVectorCurrentIdentityTiledISS;check_config;compile_verified;verified_config,0,2,0,0,,3,False,internal-live
Declarations,Constructor,False,VVectorCurrentDiamondISS,86,99,14,verified_config,,,0,0,0,32,VParallelCurrentAffine;VParallelCurrentAffineISS;VParallelCurrentDefault;VParallelCurrentDefaultISS;VParallelCurrentDiamond;VParallelCurrentDiamondISS;VParallelCurrentIdentity;VParallelCurrentIdentityISS;VParallelCurrentIdentityTiled;VParallelCurrentIdentityTiledISS;VParallelCurrentManyAffine;VParallelCurrentManyAffineISS;VParallelCurrentManyDefault;VParallelCurrentManyDefaultISS;VParallelCurrentManyDiamond;VParallelCurrentManyDiamondISS;VParallelCurrentManyIdentity;VParallelCurrentManyIdentityISS;VParallelCurrentManyIdentityTiled;VParallelCurrentManyIdentityTiledISS;VSeq;VVectorCurrentAffine;VVectorCurrentAffineISS;VVectorCurrentDefault;VVectorCurrentDefaultISS;VVectorCurrentDiamond;VVectorCurrentDiamondISS;VVectorCurrentIdentity;VVectorCurrentIdentityISS;VVectorCurrentIdentityTiled;VVectorCurrentIdentityTiledISS;verified_config,33,VParallelCurrentAffine;VParallelCurrentAffineISS;VParallelCurrentDefault;VParallelCurrentDefaultISS;VParallelCurrentDiamond;VParallelCurrentDiamondISS;VParallelCurrentIdentity;VParallelCurrentIdentityISS;VParallelCurrentIdentityTiled;VParallelCurrentIdentityTiledISS;VParallelCurrentManyAffine;VParallelCurrentManyAffineISS;VParallelCurrentManyDefault;VParallelCurrentManyDefaultISS;VParallelCurrentManyDiamond;VParallelCurrentManyDiamondISS;VParallelCurrentManyIdentity;VParallelCurrentManyIdentityISS;VParallelCurrentManyIdentityTiled;VParallelCurrentManyIdentityTiledISS;VSeq;VVectorCurrentAffine;VVectorCurrentAffineISS;VVectorCurrentDefault;VVectorCurrentDefaultISS;VVectorCurrentDiamond;VVectorCurrentIdentity;VVectorCurrentIdentityISS;VVectorCurrentIdentityTiled;VVectorCurrentIdentityTiledISS;check_config;compile_verified;verified_config,0,2,0,0,,3,False,internal-live
Declarations,Constructor,False,VVectorCurrentIdentityISS,87,99,13,verified_config,,,0,0,0,32,VParallelCurrentAffine;VParallelCurrentAffineISS;VParallelCurrentDefault;VParallelCurrentDefaultISS;VParallelCurrentDiamond;VParallelCurrentDiamondISS;VParallelCurrentIdentity;VParallelCurrentIdentityISS;VParallelCurrentIdentityTiled;VParallelCurrentIdentityTiledISS;VParallelCurrentManyAffine;VParallelCurrentManyAffineISS;VParallelCurrentManyDefault;VParallelCurrentManyDefaultISS;VParallelCurrentManyDiamond;VParallelCurrentManyDiamondISS;VParallelCurrentManyIdentity;VParallelCurrentManyIdentityISS;VParallelCurrentManyIdentityTiled;VParallelCurrentManyIdentityTiledISS;VSeq;VVectorCurrentAffine;VVectorCurrentAffineISS;VVectorCurrentDefault;VVectorCurrentDefaultISS;VVectorCurrentDiamond;VVectorCurrentDiamondISS;VVectorCurrentIdentity;VVectorCurrentIdentityISS;VVectorCurrentIdentityTiled;VVectorCurrentIdentityTiledISS;verified_config,33,VParallelCurrentAffine;VParallelCurrentAffineISS;VParallelCurrentDefault;VParallelCurrentDefaultISS;VParallelCurrentDiamond;VParallelCurrentDiamondISS;VParallelCurrentIdentity;VParallelCurrentIdentityISS;VParallelCurrentIdentityTiled;VParallelCurrentIdentityTiledISS;VParallelCurrentManyAffine;VParallelCurrentManyAffineISS;VParallelCurrentManyDefault;VParallelCurrentManyDefaultISS;VParallelCurrentManyDiamond;VParallelCurrentManyDiamondISS;VParallelCurrentManyIdentity;VParallelCurrentManyIdentityISS;VParallelCurrentManyIdentityTiled;VParallelCurrentManyIdentityTiledISS;VSeq;VVectorCurrentAffine;VVectorCurrentAffineISS;VVectorCurrentDefault;VVectorCurrentDefaultISS;VVectorCurrentDiamond;VVectorCurrentDiamondISS;VVectorCurrentIdentity;VVectorCurrentIdentityTiled;VVectorCurrentIdentityTiledISS;check_config;compile_verified;verified_config,0,2,0,0,,3,False,internal-live
Declarations,Constructor,False,VVectorCurrentAffineISS,88,99,12,verified_config,,,0,0,0,32,VParallelCurrentAffine;VParallelCurrentAffineISS;VParallelCurrentDefault;VParallelCurrentDefaultISS;VParallelCurrentDiamond;VParallelCurrentDiamondISS;VParallelCurrentIdentity;VParallelCurrentIdentityISS;VParallelCurrentIdentityTiled;VParallelCurrentIdentityTiledISS;VParallelCurrentManyAffine;VParallelCurrentManyAffineISS;VParallelCurrentManyDefault;VParallelCurrentManyDefaultISS;VParallelCurrentManyDiamond;VParallelCurrentManyDiamondISS;VParallelCurrentManyIdentity;VParallelCurrentManyIdentityISS;VParallelCurrentManyIdentityTiled;VParallelCurrentManyIdentityTiledISS;VSeq;VVectorCurrentAffine;VVectorCurrentAffineISS;VVectorCurrentDefault;VVectorCurrentDefaultISS;VVectorCurrentDiamond;VVectorCurrentDiamondISS;VVectorCurrentIdentity;VVectorCurrentIdentityISS;VVectorCurrentIdentityTiled;VVectorCurrentIdentityTiledISS;verified_config,33,VParallelCurrentAffine;VParallelCurrentAffineISS;VParallelCurrentDefault;VParallelCurrentDefaultISS;VParallelCurrentDiamond;VParallelCurrentDiamondISS;VParallelCurrentIdentity;VParallelCurrentIdentityISS;VParallelCurrentIdentityTiled;VParallelCurrentIdentityTiledISS;VParallelCurrentManyAffine;VParallelCurrentManyAffineISS;VParallelCurrentManyDefault;VParallelCurrentManyDefaultISS;VParallelCurrentManyDiamond;VParallelCurrentManyDiamondISS;VParallelCurrentManyIdentity;VParallelCurrentManyIdentityISS;VParallelCurrentManyIdentityTiled;VParallelCurrentManyIdentityTiledISS;VSeq;VVectorCurrentAffine;VVectorCurrentDefault;VVectorCurrentDefaultISS;VVectorCurrentDiamond;VVectorCurrentDiamondISS;VVectorCurrentIdentity;VVectorCurrentIdentityISS;VVectorCurrentIdentityTiled;VVectorCurrentIdentityTiledISS;check_config;compile_verified;verified_config,0,2,0,0,,3,False,internal-live
Declarations,Constructor,False,VVectorCurrentDefaultISS,89,99,11,verified_config,,,0,0,0,32,VParallelCurrentAffine;VParallelCurrentAffineISS;VParallelCurrentDefault;VParallelCurrentDefaultISS;VParallelCurrentDiamond;VParallelCurrentDiamondISS;VParallelCurrentIdentity;VParallelCurrentIdentityISS;VParallelCurrentIdentityTiled;VParallelCurrentIdentityTiledISS;VParallelCurrentManyAffine;VParallelCurrentManyAffineISS;VParallelCurrentManyDefault;VParallelCurrentManyDefaultISS;VParallelCurrentManyDiamond;VParallelCurrentManyDiamondISS;VParallelCurrentManyIdentity;VParallelCurrentManyIdentityISS;VParallelCurrentManyIdentityTiled;VParallelCurrentManyIdentityTiledISS;VSeq;VVectorCurrentAffine;VVectorCurrentAffineISS;VVectorCurrentDefault;VVectorCurrentDefaultISS;VVectorCurrentDiamond;VVectorCurrentDiamondISS;VVectorCurrentIdentity;VVectorCurrentIdentityISS;VVectorCurrentIdentityTiled;VVectorCurrentIdentityTiledISS;verified_config,33,VParallelCurrentAffine;VParallelCurrentAffineISS;VParallelCurrentDefault;VParallelCurrentDefaultISS;VParallelCurrentDiamond;VParallelCurrentDiamondISS;VParallelCurrentIdentity;VParallelCurrentIdentityISS;VParallelCurrentIdentityTiled;VParallelCurrentIdentityTiledISS;VParallelCurrentManyAffine;VParallelCurrentManyAffineISS;VParallelCurrentManyDefault;VParallelCurrentManyDefaultISS;VParallelCurrentManyDiamond;VParallelCurrentManyDiamondISS;VParallelCurrentManyIdentity;VParallelCurrentManyIdentityISS;VParallelCurrentManyIdentityTiled;VParallelCurrentManyIdentityTiledISS;VSeq;VVectorCurrentAffine;VVectorCurrentAffineISS;VVectorCurrentDefault;VVectorCurrentDiamond;VVectorCurrentDiamondISS;VVectorCurrentIdentity;VVectorCurrentIdentityISS;VVectorCurrentIdentityTiled;VVectorCurrentIdentityTiledISS;check_config;compile_verified;verified_config,0,2,0,0,,3,False,internal-live
Declarations,Constructor,False,VParallelCurrentManyIdentity,90,99,10,verified_config,,,0,0,0,32,VParallelCurrentAffine;VParallelCurrentAffineISS;VParallelCurrentDefault;VParallelCurrentDefaultISS;VParallelCurrentDiamond;VParallelCurrentDiamondISS;VParallelCurrentIdentity;VParallelCurrentIdentityISS;VParallelCurrentIdentityTiled;VParallelCurrentIdentityTiledISS;VParallelCurrentManyAffine;VParallelCurrentManyAffineISS;VParallelCurrentManyDefault;VParallelCurrentManyDefaultISS;VParallelCurrentManyDiamond;VParallelCurrentManyDiamondISS;VParallelCurrentManyIdentity;VParallelCurrentManyIdentityISS;VParallelCurrentManyIdentityTiled;VParallelCurrentManyIdentityTiledISS;VSeq;VVectorCurrentAffine;VVectorCurrentAffineISS;VVectorCurrentDefault;VVectorCurrentDefaultISS;VVectorCurrentDiamond;VVectorCurrentDiamondISS;VVectorCurrentIdentity;VVectorCurrentIdentityISS;VVectorCurrentIdentityTiled;VVectorCurrentIdentityTiledISS;verified_config,33,VParallelCurrentAffine;VParallelCurrentAffineISS;VParallelCurrentDefault;VParallelCurrentDefaultISS;VParallelCurrentDiamond;VParallelCurrentDiamondISS;VParallelCurrentIdentity;VParallelCurrentIdentityISS;VParallelCurrentIdentityTiled;VParallelCurrentIdentityTiledISS;VParallelCurrentManyAffine;VParallelCurrentManyAffineISS;VParallelCurrentManyDefault;VParallelCurrentManyDefaultISS;VParallelCurrentManyDiamond;VParallelCurrentManyDiamondISS;VParallelCurrentManyIdentityISS;VParallelCurrentManyIdentityTiled;VParallelCurrentManyIdentityTiledISS;VSeq;VVectorCurrentAffine;VVectorCurrentAffineISS;VVectorCurrentDefault;VVectorCurrentDefaultISS;VVectorCurrentDiamond;VVectorCurrentDiamondISS;VVectorCurrentIdentity;VVectorCurrentIdentityISS;VVectorCurrentIdentityTiled;VVectorCurrentIdentityTiledISS;check_config;compile_verified;verified_config,0,2,0,0,,3,False,internal-live
Declarations,Constructor,False,VParallelCurrentManyIdentityTiled,91,99,9,verified_config,,,0,0,0,32,VParallelCurrentAffine;VParallelCurrentAffineISS;VParallelCurrentDefault;VParallelCurrentDefaultISS;VParallelCurrentDiamond;VParallelCurrentDiamondISS;VParallelCurrentIdentity;VParallelCurrentIdentityISS;VParallelCurrentIdentityTiled;VParallelCurrentIdentityTiledISS;VParallelCurrentManyAffine;VParallelCurrentManyAffineISS;VParallelCurrentManyDefault;VParallelCurrentManyDefaultISS;VParallelCurrentManyDiamond;VParallelCurrentManyDiamondISS;VParallelCurrentManyIdentity;VParallelCurrentManyIdentityISS;VParallelCurrentManyIdentityTiled;VParallelCurrentManyIdentityTiledISS;VSeq;VVectorCurrentAffine;VVectorCurrentAffineISS;VVectorCurrentDefault;VVectorCurrentDefaultISS;VVectorCurrentDiamond;VVectorCurrentDiamondISS;VVectorCurrentIdentity;VVectorCurrentIdentityISS;VVectorCurrentIdentityTiled;VVectorCurrentIdentityTiledISS;verified_config,33,VParallelCurrentAffine;VParallelCurrentAffineISS;VParallelCurrentDefault;VParallelCurrentDefaultISS;VParallelCurrentDiamond;VParallelCurrentDiamondISS;VParallelCurrentIdentity;VParallelCurrentIdentityISS;VParallelCurrentIdentityTiled;VParallelCurrentIdentityTiledISS;VParallelCurrentManyAffine;VParallelCurrentManyAffineISS;VParallelCurrentManyDefault;VParallelCurrentManyDefaultISS;VParallelCurrentManyDiamond;VParallelCurrentManyDiamondISS;VParallelCurrentManyIdentity;VParallelCurrentManyIdentityISS;VParallelCurrentManyIdentityTiledISS;VSeq;VVectorCurrentAffine;VVectorCurrentAffineISS;VVectorCurrentDefault;VVectorCurrentDefaultISS;VVectorCurrentDiamond;VVectorCurrentDiamondISS;VVectorCurrentIdentity;VVectorCurrentIdentityISS;VVectorCurrentIdentityTiled;VVectorCurrentIdentityTiledISS;check_config;compile_verified;verified_config,0,2,0,0,,3,False,internal-live
Declarations,Constructor,False,VParallelCurrentManyIdentityTiledISS,92,99,8,verified_config,,,0,0,0,32,VParallelCurrentAffine;VParallelCurrentAffineISS;VParallelCurrentDefault;VParallelCurrentDefaultISS;VParallelCurrentDiamond;VParallelCurrentDiamondISS;VParallelCurrentIdentity;VParallelCurrentIdentityISS;VParallelCurrentIdentityTiled;VParallelCurrentIdentityTiledISS;VParallelCurrentManyAffine;VParallelCurrentManyAffineISS;VParallelCurrentManyDefault;VParallelCurrentManyDefaultISS;VParallelCurrentManyDiamond;VParallelCurrentManyDiamondISS;VParallelCurrentManyIdentity;VParallelCurrentManyIdentityISS;VParallelCurrentManyIdentityTiled;VParallelCurrentManyIdentityTiledISS;VSeq;VVectorCurrentAffine;VVectorCurrentAffineISS;VVectorCurrentDefault;VVectorCurrentDefaultISS;VVectorCurrentDiamond;VVectorCurrentDiamondISS;VVectorCurrentIdentity;VVectorCurrentIdentityISS;VVectorCurrentIdentityTiled;VVectorCurrentIdentityTiledISS;verified_config,33,VParallelCurrentAffine;VParallelCurrentAffineISS;VParallelCurrentDefault;VParallelCurrentDefaultISS;VParallelCurrentDiamond;VParallelCurrentDiamondISS;VParallelCurrentIdentity;VParallelCurrentIdentityISS;VParallelCurrentIdentityTiled;VParallelCurrentIdentityTiledISS;VParallelCurrentManyAffine;VParallelCurrentManyAffineISS;VParallelCurrentManyDefault;VParallelCurrentManyDefaultISS;VParallelCurrentManyDiamond;VParallelCurrentManyDiamondISS;VParallelCurrentManyIdentity;VParallelCurrentManyIdentityISS;VParallelCurrentManyIdentityTiled;VSeq;VVectorCurrentAffine;VVectorCurrentAffineISS;VVectorCurrentDefault;VVectorCurrentDefaultISS;VVectorCurrentDiamond;VVectorCurrentDiamondISS;VVectorCurrentIdentity;VVectorCurrentIdentityISS;VVectorCurrentIdentityTiled;VVectorCurrentIdentityTiledISS;check_config;compile_verified;verified_config,0,2,0,0,,3,False,internal-live
Declarations,Constructor,False,VParallelCurrentManyAffine,93,99,7,verified_config,,,0,0,0,32,VParallelCurrentAffine;VParallelCurrentAffineISS;VParallelCurrentDefault;VParallelCurrentDefaultISS;VParallelCurrentDiamond;VParallelCurrentDiamondISS;VParallelCurrentIdentity;VParallelCurrentIdentityISS;VParallelCurrentIdentityTiled;VParallelCurrentIdentityTiledISS;VParallelCurrentManyAffine;VParallelCurrentManyAffineISS;VParallelCurrentManyDefault;VParallelCurrentManyDefaultISS;VParallelCurrentManyDiamond;VParallelCurrentManyDiamondISS;VParallelCurrentManyIdentity;VParallelCurrentManyIdentityISS;VParallelCurrentManyIdentityTiled;VParallelCurrentManyIdentityTiledISS;VSeq;VVectorCurrentAffine;VVectorCurrentAffineISS;VVectorCurrentDefault;VVectorCurrentDefaultISS;VVectorCurrentDiamond;VVectorCurrentDiamondISS;VVectorCurrentIdentity;VVectorCurrentIdentityISS;VVectorCurrentIdentityTiled;VVectorCurrentIdentityTiledISS;verified_config,33,VParallelCurrentAffine;VParallelCurrentAffineISS;VParallelCurrentDefault;VParallelCurrentDefaultISS;VParallelCurrentDiamond;VParallelCurrentDiamondISS;VParallelCurrentIdentity;VParallelCurrentIdentityISS;VParallelCurrentIdentityTiled;VParallelCurrentIdentityTiledISS;VParallelCurrentManyAffineISS;VParallelCurrentManyDefault;VParallelCurrentManyDefaultISS;VParallelCurrentManyDiamond;VParallelCurrentManyDiamondISS;VParallelCurrentManyIdentity;VParallelCurrentManyIdentityISS;VParallelCurrentManyIdentityTiled;VParallelCurrentManyIdentityTiledISS;VSeq;VVectorCurrentAffine;VVectorCurrentAffineISS;VVectorCurrentDefault;VVectorCurrentDefaultISS;VVectorCurrentDiamond;VVectorCurrentDiamondISS;VVectorCurrentIdentity;VVectorCurrentIdentityISS;VVectorCurrentIdentityTiled;VVectorCurrentIdentityTiledISS;check_config;compile_verified;verified_config,0,2,0,0,,3,False,internal-live
Declarations,Constructor,False,VParallelCurrentManyDefault,94,99,6,verified_config,,,0,0,0,32,VParallelCurrentAffine;VParallelCurrentAffineISS;VParallelCurrentDefault;VParallelCurrentDefaultISS;VParallelCurrentDiamond;VParallelCurrentDiamondISS;VParallelCurrentIdentity;VParallelCurrentIdentityISS;VParallelCurrentIdentityTiled;VParallelCurrentIdentityTiledISS;VParallelCurrentManyAffine;VParallelCurrentManyAffineISS;VParallelCurrentManyDefault;VParallelCurrentManyDefaultISS;VParallelCurrentManyDiamond;VParallelCurrentManyDiamondISS;VParallelCurrentManyIdentity;VParallelCurrentManyIdentityISS;VParallelCurrentManyIdentityTiled;VParallelCurrentManyIdentityTiledISS;VSeq;VVectorCurrentAffine;VVectorCurrentAffineISS;VVectorCurrentDefault;VVectorCurrentDefaultISS;VVectorCurrentDiamond;VVectorCurrentDiamondISS;VVectorCurrentIdentity;VVectorCurrentIdentityISS;VVectorCurrentIdentityTiled;VVectorCurrentIdentityTiledISS;verified_config,33,VParallelCurrentAffine;VParallelCurrentAffineISS;VParallelCurrentDefault;VParallelCurrentDefaultISS;VParallelCurrentDiamond;VParallelCurrentDiamondISS;VParallelCurrentIdentity;VParallelCurrentIdentityISS;VParallelCurrentIdentityTiled;VParallelCurrentIdentityTiledISS;VParallelCurrentManyAffine;VParallelCurrentManyAffineISS;VParallelCurrentManyDefaultISS;VParallelCurrentManyDiamond;VParallelCurrentManyDiamondISS;VParallelCurrentManyIdentity;VParallelCurrentManyIdentityISS;VParallelCurrentManyIdentityTiled;VParallelCurrentManyIdentityTiledISS;VSeq;VVectorCurrentAffine;VVectorCurrentAffineISS;VVectorCurrentDefault;VVectorCurrentDefaultISS;VVectorCurrentDiamond;VVectorCurrentDiamondISS;VVectorCurrentIdentity;VVectorCurrentIdentityISS;VVectorCurrentIdentityTiled;VVectorCurrentIdentityTiledISS;check_config;compile_verified;verified_config,0,2,0,0,,3,False,internal-live
Declarations,Constructor,False,VParallelCurrentManyDiamond,95,99,5,verified_config,,,0,0,0,32,VParallelCurrentAffine;VParallelCurrentAffineISS;VParallelCurrentDefault;VParallelCurrentDefaultISS;VParallelCurrentDiamond;VParallelCurrentDiamondISS;VParallelCurrentIdentity;VParallelCurrentIdentityISS;VParallelCurrentIdentityTiled;VParallelCurrentIdentityTiledISS;VParallelCurrentManyAffine;VParallelCurrentManyAffineISS;VParallelCurrentManyDefault;VParallelCurrentManyDefaultISS;VParallelCurrentManyDiamond;VParallelCurrentManyDiamondISS;VParallelCurrentManyIdentity;VParallelCurrentManyIdentityISS;VParallelCurrentManyIdentityTiled;VParallelCurrentManyIdentityTiledISS;VSeq;VVectorCurrentAffine;VVectorCurrentAffineISS;VVectorCurrentDefault;VVectorCurrentDefaultISS;VVectorCurrentDiamond;VVectorCurrentDiamondISS;VVectorCurrentIdentity;VVectorCurrentIdentityISS;VVectorCurrentIdentityTiled;VVectorCurrentIdentityTiledISS;verified_config,33,VParallelCurrentAffine;VParallelCurrentAffineISS;VParallelCurrentDefault;VParallelCurrentDefaultISS;VParallelCurrentDiamond;VParallelCurrentDiamondISS;VParallelCurrentIdentity;VParallelCurrentIdentityISS;VParallelCurrentIdentityTiled;VParallelCurrentIdentityTiledISS;VParallelCurrentManyAffine;VParallelCurrentManyAffineISS;VParallelCurrentManyDefault;VParallelCurrentManyDefaultISS;VParallelCurrentManyDiamondISS;VParallelCurrentManyIdentity;VParallelCurrentManyIdentityISS;VParallelCurrentManyIdentityTiled;VParallelCurrentManyIdentityTiledISS;VSeq;VVectorCurrentAffine;VVectorCurrentAffineISS;VVectorCurrentDefault;VVectorCurrentDefaultISS;VVectorCurrentDiamond;VVectorCurrentDiamondISS;VVectorCurrentIdentity;VVectorCurrentIdentityISS;VVectorCurrentIdentityTiled;VVectorCurrentIdentityTiledISS;check_config;compile_verified;verified_config,0,2,0,0,,3,False,internal-live
Declarations,Constructor,False,VParallelCurrentManyDiamondISS,96,99,4,verified_config,,,0,0,0,32,VParallelCurrentAffine;VParallelCurrentAffineISS;VParallelCurrentDefault;VParallelCurrentDefaultISS;VParallelCurrentDiamond;VParallelCurrentDiamondISS;VParallelCurrentIdentity;VParallelCurrentIdentityISS;VParallelCurrentIdentityTiled;VParallelCurrentIdentityTiledISS;VParallelCurrentManyAffine;VParallelCurrentManyAffineISS;VParallelCurrentManyDefault;VParallelCurrentManyDefaultISS;VParallelCurrentManyDiamond;VParallelCurrentManyDiamondISS;VParallelCurrentManyIdentity;VParallelCurrentManyIdentityISS;VParallelCurrentManyIdentityTiled;VParallelCurrentManyIdentityTiledISS;VSeq;VVectorCurrentAffine;VVectorCurrentAffineISS;VVectorCurrentDefault;VVectorCurrentDefaultISS;VVectorCurrentDiamond;VVectorCurrentDiamondISS;VVectorCurrentIdentity;VVectorCurrentIdentityISS;VVectorCurrentIdentityTiled;VVectorCurrentIdentityTiledISS;verified_config,33,VParallelCurrentAffine;VParallelCurrentAffineISS;VParallelCurrentDefault;VParallelCurrentDefaultISS;VParallelCurrentDiamond;VParallelCurrentDiamondISS;VParallelCurrentIdentity;VParallelCurrentIdentityISS;VParallelCurrentIdentityTiled;VParallelCurrentIdentityTiledISS;VParallelCurrentManyAffine;VParallelCurrentManyAffineISS;VParallelCurrentManyDefault;VParallelCurrentManyDefaultISS;VParallelCurrentManyDiamond;VParallelCurrentManyIdentity;VParallelCurrentManyIdentityISS;VParallelCurrentManyIdentityTiled;VParallelCurrentManyIdentityTiledISS;VSeq;VVectorCurrentAffine;VVectorCurrentAffineISS;VVectorCurrentDefault;VVectorCurrentDefaultISS;VVectorCurrentDiamond;VVectorCurrentDiamondISS;VVectorCurrentIdentity;VVectorCurrentIdentityISS;VVectorCurrentIdentityTiled;VVectorCurrentIdentityTiledISS;check_config;compile_verified;verified_config,0,2,0,0,,3,False,internal-live
Declarations,Constructor,False,VParallelCurrentManyIdentityISS,97,99,3,verified_config,,,0,0,0,32,VParallelCurrentAffine;VParallelCurrentAffineISS;VParallelCurrentDefault;VParallelCurrentDefaultISS;VParallelCurrentDiamond;VParallelCurrentDiamondISS;VParallelCurrentIdentity;VParallelCurrentIdentityISS;VParallelCurrentIdentityTiled;VParallelCurrentIdentityTiledISS;VParallelCurrentManyAffine;VParallelCurrentManyAffineISS;VParallelCurrentManyDefault;VParallelCurrentManyDefaultISS;VParallelCurrentManyDiamond;VParallelCurrentManyDiamondISS;VParallelCurrentManyIdentity;VParallelCurrentManyIdentityISS;VParallelCurrentManyIdentityTiled;VParallelCurrentManyIdentityTiledISS;VSeq;VVectorCurrentAffine;VVectorCurrentAffineISS;VVectorCurrentDefault;VVectorCurrentDefaultISS;VVectorCurrentDiamond;VVectorCurrentDiamondISS;VVectorCurrentIdentity;VVectorCurrentIdentityISS;VVectorCurrentIdentityTiled;VVectorCurrentIdentityTiledISS;verified_config,33,VParallelCurrentAffine;VParallelCurrentAffineISS;VParallelCurrentDefault;VParallelCurrentDefaultISS;VParallelCurrentDiamond;VParallelCurrentDiamondISS;VParallelCurrentIdentity;VParallelCurrentIdentityISS;VParallelCurrentIdentityTiled;VParallelCurrentIdentityTiledISS;VParallelCurrentManyAffine;VParallelCurrentManyAffineISS;VParallelCurrentManyDefault;VParallelCurrentManyDefaultISS;VParallelCurrentManyDiamond;VParallelCurrentManyDiamondISS;VParallelCurrentManyIdentity;VParallelCurrentManyIdentityTiled;VParallelCurrentManyIdentityTiledISS;VSeq;VVectorCurrentAffine;VVectorCurrentAffineISS;VVectorCurrentDefault;VVectorCurrentDefaultISS;VVectorCurrentDiamond;VVectorCurrentDiamondISS;VVectorCurrentIdentity;VVectorCurrentIdentityISS;VVectorCurrentIdentityTiled;VVectorCurrentIdentityTiledISS;check_config;compile_verified;verified_config,0,2,0,0,,3,False,internal-live
Declarations,Constructor,False,VParallelCurrentManyAffineISS,98,99,2,verified_config,,,0,0,0,32,VParallelCurrentAffine;VParallelCurrentAffineISS;VParallelCurrentDefault;VParallelCurrentDefaultISS;VParallelCurrentDiamond;VParallelCurrentDiamondISS;VParallelCurrentIdentity;VParallelCurrentIdentityISS;VParallelCurrentIdentityTiled;VParallelCurrentIdentityTiledISS;VParallelCurrentManyAffine;VParallelCurrentManyAffineISS;VParallelCurrentManyDefault;VParallelCurrentManyDefaultISS;VParallelCurrentManyDiamond;VParallelCurrentManyDiamondISS;VParallelCurrentManyIdentity;VParallelCurrentManyIdentityISS;VParallelCurrentManyIdentityTiled;VParallelCurrentManyIdentityTiledISS;VSeq;VVectorCurrentAffine;VVectorCurrentAffineISS;VVectorCurrentDefault;VVectorCurrentDefaultISS;VVectorCurrentDiamond;VVectorCurrentDiamondISS;VVectorCurrentIdentity;VVectorCurrentIdentityISS;VVectorCurrentIdentityTiled;VVectorCurrentIdentityTiledISS;verified_config,33,VParallelCurrentAffine;VParallelCurrentAffineISS;VParallelCurrentDefault;VParallelCurrentDefaultISS;VParallelCurrentDiamond;VParallelCurrentDiamondISS;VParallelCurrentIdentity;VParallelCurrentIdentityISS;VParallelCurrentIdentityTiled;VParallelCurrentIdentityTiledISS;VParallelCurrentManyAffine;VParallelCurrentManyDefault;VParallelCurrentManyDefaultISS;VParallelCurrentManyDiamond;VParallelCurrentManyDiamondISS;VParallelCurrentManyIdentity;VParallelCurrentManyIdentityISS;VParallelCurrentManyIdentityTiled;VParallelCurrentManyIdentityTiledISS;VSeq;VVectorCurrentAffine;VVectorCurrentAffineISS;VVectorCurrentDefault;VVectorCurrentDefaultISS;VVectorCurrentDiamond;VVectorCurrentDiamondISS;VVectorCurrentIdentity;VVectorCurrentIdentityISS;VVectorCurrentIdentityTiled;VVectorCurrentIdentityTiledISS;check_config;compile_verified;verified_config,0,2,0,0,,3,False,internal-live
Declarations,Constructor,False,VParallelCurrentManyDefaultISS,99,99,1,verified_config,,,0,0,0,32,VParallelCurrentAffine;VParallelCurrentAffineISS;VParallelCurrentDefault;VParallelCurrentDefaultISS;VParallelCurrentDiamond;VParallelCurrentDiamondISS;VParallelCurrentIdentity;VParallelCurrentIdentityISS;VParallelCurrentIdentityTiled;VParallelCurrentIdentityTiledISS;VParallelCurrentManyAffine;VParallelCurrentManyAffineISS;VParallelCurrentManyDefault;VParallelCurrentManyDefaultISS;VParallelCurrentManyDiamond;VParallelCurrentManyDiamondISS;VParallelCurrentManyIdentity;VParallelCurrentManyIdentityISS;VParallelCurrentManyIdentityTiled;VParallelCurrentManyIdentityTiledISS;VSeq;VVectorCurrentAffine;VVectorCurrentAffineISS;VVectorCurrentDefault;VVectorCurrentDefaultISS;VVectorCurrentDiamond;VVectorCurrentDiamondISS;VVectorCurrentIdentity;VVectorCurrentIdentityISS;VVectorCurrentIdentityTiled;VVectorCurrentIdentityTiledISS;verified_config,33,VParallelCurrentAffine;VParallelCurrentAffineISS;VParallelCurrentDefault;VParallelCurrentDefaultISS;VParallelCurrentDiamond;VParallelCurrentDiamondISS;VParallelCurrentIdentity;VParallelCurrentIdentityISS;VParallelCurrentIdentityTiled;VParallelCurrentIdentityTiledISS;VParallelCurrentManyAffine;VParallelCurrentManyAffineISS;VParallelCurrentManyDefault;VParallelCurrentManyDiamond;VParallelCurrentManyDiamondISS;VParallelCurrentManyIdentity;VParallelCurrentManyIdentityISS;VParallelCurrentManyIdentityTiled;VParallelCurrentManyIdentityTiledISS;VSeq;VVectorCurrentAffine;VVectorCurrentAffineISS;VVectorCurrentDefault;VVectorCurrentDefaultISS;VVectorCurrentDiamond;VVectorCurrentDiamondISS;VVectorCurrentIdentity;VVectorCurrentIdentityISS;VVectorCurrentIdentityTiled;VVectorCurrentIdentityTiledISS;check_config;compile_verified;verified_config,0,2,0,0,,3,False,internal-live
Declarations,Definition,False,check_config,101,141,41,check_config,,,0,0,0,65,RawParallelCurrentAffine;RawParallelCurrentAffineISS;RawParallelCurrentDefault;RawParallelCurrentDefaultISS;RawParallelCurrentDiamond;RawParallelCurrentDiamondISS;RawParallelCurrentIdentity;RawParallelCurrentIdentityISS;RawParallelCurrentIdentityTiled;RawParallelCurrentIdentityTiledISS;RawParallelCurrentManyAffine;RawParallelCurrentManyAffineISS;RawParallelCurrentManyDefault;RawParallelCurrentManyDefaultISS;RawParallelCurrentManyDiamond;RawParallelCurrentManyDiamondISS;RawParallelCurrentManyIdentity;RawParallelCurrentManyIdentityISS;RawParallelCurrentManyIdentityTiled;RawParallelCurrentManyIdentityTiledISS;RawSeq;RawUnsupported;RawVectorCurrentAffine;RawVectorCurrentAffineISS;RawVectorCurrentDefault;RawVectorCurrentDefaultISS;RawVectorCurrentDiamond;RawVectorCurrentDiamondISS;RawVectorCurrentIdentity;RawVectorCurrentIdentityISS;RawVectorCurrentIdentityTiled;RawVectorCurrentIdentityTiledISS;VParallelCurrentAffine;VParallelCurrentAffineISS;VParallelCurrentDefault;VParallelCurrentDefaultISS;VParallelCurrentDiamond;VParallelCurrentDiamondISS;VParallelCurrentIdentity;VParallelCurrentIdentityISS;VParallelCurrentIdentityTiled;VParallelCurrentIdentityTiledISS;VParallelCurrentManyAffine;VParallelCurrentManyAffineISS;VParallelCurrentManyDefault;VParallelCurrentManyDefaultISS;VParallelCurrentManyDiamond;VParallelCurrentManyDiamondISS;VParallelCurrentManyIdentity;VParallelCurrentManyIdentityISS;VParallelCurrentManyIdentityTiled;VParallelCurrentManyIdentityTiledISS;VSeq;VVectorCurrentAffine;VVectorCurrentAffineISS;VVectorCurrentDefault;VVectorCurrentDefaultISS;VVectorCurrentDiamond;VVectorCurrentDiamondISS;VVectorCurrentIdentity;VVectorCurrentIdentityISS;VVectorCurrentIdentityTiled;VVectorCurrentIdentityTiledISS;raw_config;verified_config,3,compile;compile_correct;compile_unsupported_no_result,1,4,0,0,,13,False,internal-live
Declarations,Definition,False,checked_lift_sequential_loop,143,151,9,checked_lift_sequential_loop,,,0,0,0,0,,2,checked_lift_sequential_loop_correct;lift_sequential_compile,0,3,0,0,,4,False,internal-live
Declarations,Definition,False,lift_sequential_compile,153,157,5,lift_sequential_compile,,,0,0,0,2,checked_lift_sequential_loop;compile,2,compile_seq_verified;compile_seq_verified_correct,0,2,0,0,,3,False,internal-live
Declarations,Definition,False,checked_sequential_current_annotated_codegen,159,166,8,checked_sequential_current_annotated_codegen,,,0,0,0,0,,1,checked_sequential_current_annotated_codegen_correct,0,2,0,0,,1,False,internal-live
Declarations,Definition,False,compile_seq_verified,168,172,5,compile_seq_verified,,,0,0,0,3,compile_verified;lift_sequential_compile;verified_config,2,compile_seq_verified_correct;compile_verified,0,3,0,0,,4,False,internal-live
Declarations,Definition,False,compile_verified,174,240,67,compile_verified,,,0,0,0,33,VParallelCurrentAffine;VParallelCurrentAffineISS;VParallelCurrentDefault;VParallelCurrentDefaultISS;VParallelCurrentDiamond;VParallelCurrentDiamondISS;VParallelCurrentIdentity;VParallelCurrentIdentityISS;VParallelCurrentIdentityTiled;VParallelCurrentIdentityTiledISS;VParallelCurrentManyAffine;VParallelCurrentManyAffineISS;VParallelCurrentManyDefault;VParallelCurrentManyDefaultISS;VParallelCurrentManyDiamond;VParallelCurrentManyDiamondISS;VParallelCurrentManyIdentity;VParallelCurrentManyIdentityISS;VParallelCurrentManyIdentityTiled;VParallelCurrentManyIdentityTiledISS;VSeq;VVectorCurrentAffine;VVectorCurrentAffineISS;VVectorCurrentDefault;VVectorCurrentDefaultISS;VVectorCurrentDiamond;VVectorCurrentDiamondISS;VVectorCurrentIdentity;VVectorCurrentIdentityISS;VVectorCurrentIdentityTiled;VVectorCurrentIdentityTiledISS;compile_seq_verified;verified_config,3,compile;compile_seq_verified;compile_verified_correct,0,3,0,0,,10,False,internal-live
Declarations,Definition,False,compile,242,247,6,compile,,,0,0,0,3,check_config;compile_verified;raw_config,3,compile_correct;compile_unsupported_no_result;lift_sequential_compile,0,6,0,0,,17,False,internal-live
Declarations,Lemma,False,checked_lift_sequential_loop_correct,249,278,30,checked_lift_sequential_loop_correct,255,278,24,22,22,1,checked_lift_sequential_loop,1,compile_seq_verified_correct,0,1,0,0,,0,False,internal-live
Declarations,Lemma,False,opt_parallel_current_identity_tiled_correct,280,288,9,opt_parallel_current_identity_tiled_correct,286,288,3,1,1,0,,1,compile_verified_correct,0,1,0,0,,0,False,internal-live
Declarations,Lemma,False,checked_sequential_current_annotated_codegen_correct,290,306,17,checked_sequential_current_annotated_codegen_correct,297,306,10,8,8,1,checked_sequential_current_annotated_codegen,0,,0,0,0,0,,0,False,zero-reference
Declarations,Lemma,False,compile_seq_verified_correct,349,370,22,compile_seq_verified_correct,355,370,16,14,14,4,checked_lift_sequential_loop_correct;compile_seq_verified;compile_verified_correct;lift_sequential_compile,1,compile_verified_correct,0,1,0,0,,0,False,internal-live
Declarations,Theorem,False,compile_verified_correct,372,415,44,compile_verified_correct,378,415,38,36,36,3,compile_seq_verified_correct;compile_verified;opt_parallel_current_identity_tiled_correct,2,compile_correct;compile_seq_verified_correct,0,2,0,0,,2,False,internal-live
Declarations,Theorem,False,compile_correct,417,432,16,compile_correct,423,432,10,8,8,3,check_config;compile;compile_verified_correct,0,,0,0,0,0,,1,False,bare-external-candidate
Declarations,Theorem,False,compile_unsupported_no_result,434,443,10,compile_unsupported_no_result,437,443,7,5,5,3,RawUnsupported;check_config;compile,0,,0,0,0,0,,1,False,bare-external-candidate
